target_ATP_mM,candidate_id,candidate_type,frequency_Hz,candidate_budget_scalars,n_animal_condition_cells,n_animals,mean_rmse_kPa,mean_nrmse_pct,median_nrmse_pct,mean_re_rmse_kPa,mean_im_rmse_kPa,mean_shape_correlation,mean_logfreq_nrmse_pct,mean_nrmse_improvement_pp,improved_cells,worsened_cells,rank_by_nrmse
0.1,CM_ATP5_0.5083Hz_Im,Im_scalar,0.5083,1,19,10,69.0598834526193,16.816604749941053,15.86053408301631,86.88533565733091,41.46685017817743,0.9856310944663155,18.106522755720682,-0.7861223289626751,6,13,203.0
0.1,CM_ATP5_0.5083Hz_Re,Re_scalar,0.5083,1,19,10,68.65211827492776,16.641064715495148,11.380342469007799,86.43309755625968,41.66943910112653,0.9858798529044442,17.96705718360769,-0.6105822945167705,6,13,184.0
0.1,CM_ATP5_0.5083Hz_pair,complex_frequency_pair,0.5083,2,19,10,72.30062263197263,17.540592567269908,16.03380414609661,90.85233853070027,43.875585480958506,0.9835004370344228,18.89907289956391,-1.5101101462915305,2,17,216.0
0.1,CM_ATP5_1.0083Hz_Im,Im_scalar,1.0083,1,19,10,73.43323262053927,18.07127508131515,12.55156275394134,92.94954718775126,43.53472637727841,0.9867221367738997,19.350206467349295,-2.0407926603367703,3,16,217.0
0.1,CM_ATP5_1.0083Hz_Re,Re_scalar,1.0083,1,19,10,66.64502456588629,16.37011817975792,12.46878420062926,83.97043940821767,40.57143664246121,0.9878386279261538,17.447985943096267,-0.3396357587795419,12,7,168.0
0.1,CM_ATP5_1.0083Hz_pair,complex_frequency_pair,1.0083,2,19,10,74.23212108011114,18.475331097255342,13.645124570841261,93.60786540847892,44.99508762123563,0.9864610174664845,19.587249980563403,-2.4448486762769637,7,12,218.0
0.1,CM_ATP5_1.5083Hz_Im,Im_scalar,1.5083,1,19,10,67.08518350245937,16.192711643127303,11.521243501878285,84.72897982784032,39.4772450629574,0.985920771520965,17.685959499872578,-0.1622292221489261,9,10,154.0
0.1,CM_ATP5_1.5083Hz_Re,Re_scalar,1.5083,1,19,10,70.22194613888578,17.0308702291566,16.102742106230348,88.9941466240417,41.144351703027596,0.9854916147195913,18.218433288115975,-1.0003878081782218,6,13,213.0
0.1,CM_ATP5_1.5083Hz_pair,complex_frequency_pair,1.5083,2,19,10,72.03375054737305,17.317040202569235,18.68360102349306,91.3702804722097,41.920463056128035,0.9821264703937306,18.817533786526656,-1.2865577815908562,7,12,215.0
0.1,CM_ATP5_10.0083Hz_Im,Im_scalar,10.0083,1,19,10,67.70903299399706,16.61663100100672,14.33649439310824,85.51313739370741,40.597772240090784,0.988398260045275,17.79911920724799,-0.5861485800283424,10,9,182.0
0.1,CM_ATP5_10.0083Hz_Re,Re_scalar,10.0083,1,19,10,65.08785980903193,15.795691807464122,14.830075548037984,82.69436898843635,37.36543643272143,0.9884392053362678,17.234487622348865,0.2347906135142567,11,8,123.0
0.1,CM_ATP5_10.0083Hz_pair,complex_frequency_pair,10.0083,2,19,10,59.50999922217018,14.664233581220216,14.223264555045544,74.28862986833781,36.57672306312249,0.9873534019290883,16.40397172830843,1.366248839758163,15,4,97.0
0.1,CM_ATP5_100.0084Hz_Im,Im_scalar,100.0084,1,19,10,54.38394675227341,13.660496868617557,10.170226257723868,69.43104156760164,30.848105313695623,0.9889668689303955,15.448430668872255,2.3699855523608204,13,6,21.0
0.1,CM_ATP5_100.0084Hz_Re,Re_scalar,100.0084,1,19,10,66.43183077683383,16.49320405104524,16.023683147165123,83.11971078411818,41.12090551757469,0.9862246715723264,17.72817535785143,-0.4627216300668621,12,7,176.0
0.1,CM_ATP5_100.0084Hz_pair,complex_frequency_pair,100.0084,2,19,10,55.20835151607083,14.019593839440844,8.820221998653505,70.33474773148741,31.473969200193288,0.9883835442629617,15.829996871668916,2.010888581537536,14,5,65.0
0.1,CM_ATP5_105.0083Hz_Im,Im_scalar,105.0083,1,19,10,54.349475795988816,13.665862726378053,10.225709744856117,69.38336868389605,30.81836609507885,0.9889974156701421,15.452027406775223,2.364619694600326,13,6,24.0
0.1,CM_ATP5_105.0083Hz_Re,Re_scalar,105.0083,1,19,10,66.33657021963568,16.475970287649158,16.050705893977398,82.98514941426633,41.087034419538995,0.9862372204382571,17.7160356169987,-0.44548786667078066,12,7,175.0
0.1,CM_ATP5_105.0083Hz_pair,complex_frequency_pair,105.0083,2,19,10,55.243138530250214,14.035832659540382,8.872079019688396,70.45570335706456,31.37727254739888,0.988430107413712,15.845333980487217,1.994649761437996,14,5,69.0
0.1,CM_ATP5_11.0083Hz_Im,Im_scalar,11.0083,1,19,10,63.629039347267685,15.762891785895587,14.703422607870232,79.03955029569765,40.46530447151192,0.9869600039954755,17.08021134693481,0.2675906350827906,11,8,119.0
0.1,CM_ATP5_11.0083Hz_Re,Re_scalar,11.0083,1,19,10,65.68160801824817,15.940886952872097,14.69486600915935,83.42847902895416,37.77896908429238,0.9883394342390454,17.354812570326484,0.08959546810628272,11,8,132.0
0.1,CM_ATP5_11.0083Hz_pair,complex_frequency_pair,11.0083,2,19,10,58.634708772748105,14.516426845315584,13.018477499393978,72.91459986739835,36.847219608311626,0.9865955518926216,16.283603538858745,1.514055575662795,15,4,94.0
0.1,CM_ATP5_110.0083Hz_Im,Im_scalar,110.0083,1,19,10,54.42585067160308,13.679091563000195,10.286629786912199,69.46657680938723,30.922595293221768,0.9889753855987619,15.460074968035437,2.3513908579781826,13,6,26.0
0.1,CM_ATP5_110.0083Hz_Re,Re_scalar,110.0083,1,19,10,66.13156631390375,16.43463755015232,16.00391044121169,82.66837461792696,41.06765502163506,0.9862340375602913,17.6781022481188,-0.40415512917394486,12,7,174.0
0.1,CM_ATP5_110.0083Hz_pair,complex_frequency_pair,110.0083,2,19,10,55.26051152624175,14.038735861719985,8.89812447001128,70.40550407825444,31.510378788472824,0.988403925808671,15.843490872333462,1.991746559258394,14,5,70.0
0.1,CM_ATP5_115.0083Hz_Im,Im_scalar,115.0083,1,19,10,54.40206450900982,13.6800845355116,10.263592444502498,69.43155915091779,30.91356733556979,0.9889764841209732,15.461291348927839,2.3503978854667786,13,6,27.0
0.1,CM_ATP5_115.0083Hz_Re,Re_scalar,115.0083,1,19,10,66.0703029291374,16.424611211624107,16.0457861707736,82.58365255619155,41.04011098712645,0.9862365777250016,17.674183452712423,-0.3941287906457309,12,7,172.0
0.1,CM_ATP5_115.0083Hz_pair,complex_frequency_pair,115.0083,2,19,10,55.24139148201048,14.034947520314825,8.881707376677431,70.40805563392682,31.44627190688541,0.9884382206569021,15.843426032182157,1.9955349006635512,14,5,68.0
0.1,CM_ATP5_12.0083Hz_Im,Im_scalar,12.0083,1,19,10,65.21191649255606,16.100785973485063,14.5862751293042,81.58555874388469,40.37613910178538,0.9874188572926432,17.377079801324793,-0.07030355250668546,11,8,147.0
0.1,CM_ATP5_12.0083Hz_Re,Re_scalar,12.0083,1,19,10,65.3785381259307,15.86423903740365,14.706435668130721,83.10607542809034,37.444296142379066,0.988519994718362,17.294495600880836,0.16624338357472865,11,8,126.0
0.1,CM_ATP5_12.0083Hz_pair,complex_frequency_pair,12.0083,2,19,10,58.70231264851605,14.543017087157146,13.280164615919235,73.13151168828203,36.5353465443002,0.9867962384088066,16.35387714332011,1.4874653338212331,15,4,95.0
0.1,CM_ATP5_125.0083Hz_Im,Im_scalar,125.0083,1,19,10,54.534289005052415,13.719887317858117,10.528114270032608,69.59863778838007,31.001390345480015,0.9889820112146657,15.490417309605386,2.31059510312026,13,6,31.0
0.1,CM_ATP5_125.0083Hz_Re,Re_scalar,125.0083,1,19,10,65.88642776806287,16.389826242738945,16.019765665319362,82.31903561634354,40.98293646054009,0.9862596446603537,17.647159953396027,-0.3593438217605673,12,7,170.0
0.1,CM_ATP5_125.0083Hz_pair,complex_frequency_pair,125.0083,2,19,10,55.4788356940636,14.099433645503499,9.271335602435956,70.74305370211061,31.528595669687654,0.9884674877946853,15.901309744967556,1.9310487754748806,14,5,75.0
0.1,CM_ATP5_13.0083Hz_Im,Im_scalar,13.0083,1,19,10,61.09661565785609,15.239786174941273,13.526329207784487,75.0214751931958,40.588919738464675,0.9854965100076315,16.708934679044386,0.7906962460371058,14,5,105.0
0.1,CM_ATP5_13.0083Hz_Re,Re_scalar,13.0083,1,19,10,65.48325286925997,15.896674622916752,14.858505026152976,83.30616993775223,37.38010572587977,0.9886523123527665,17.312845542014987,0.13380779806162535,12,7,129.0
0.1,CM_ATP5_13.0083Hz_pair,complex_frequency_pair,13.0083,2,19,10,57.051459050360506,14.206595617858051,12.348346774492622,70.95284711244717,35.89355537393318,0.9866052348185198,16.048001598242667,1.8238868031203266,14,5,84.0
0.1,CM_ATP5_135.0083Hz_Im,Im_scalar,135.0083,1,19,10,54.54890462346052,13.726324639303497,10.583653184615612,69.59702604186192,31.080077360061683,0.9889717194461445,15.492716712969179,2.304157781674882,14,5,32.0
0.1,CM_ATP5_135.0083Hz_Re,Re_scalar,135.0083,1,19,10,65.68336971666501,16.3516301860048,15.819598328275598,82.02409760692537,40.930038684707675,0.9862635450848765,17.616543111803583,-0.3211477650264234,12,7,167.0
0.1,CM_ATP5_135.0083Hz_pair,complex_frequency_pair,135.0083,2,19,10,55.442868913544245,14.089622029818049,9.292742423201672,70.67521888623774,31.54513715492342,0.9884720558559577,15.892302018113218,1.940860391160328,14,5,74.0
0.1,CM_ATP5_14.0083Hz_Im,Im_scalar,14.0083,1,19,10,59.48404716456926,14.843536476431272,12.90270158837367,72.90280184394445,39.66223799323457,0.9851414608091102,16.427201112849765,1.186945944547108,13,6,98.0
0.1,CM_ATP5_14.0083Hz_Re,Re_scalar,14.0083,1,19,10,65.66718483463642,15.950293459244541,15.024978944630014,83.57630422238174,37.449956789111006,0.9886527066974093,17.349078614358547,0.08018896173383674,12,7,134.0
0.1,CM_ATP5_14.0083Hz_pair,complex_frequency_pair,14.0083,2,19,10,56.71989009809186,14.132085235889516,12.100787066008564,70.48573525721254,35.73195279224135,0.9866100679786737,15.971879760259151,1.8983971850888601,14,5,78.0
0.1,CM_ATP5_145.0083Hz_Im,Im_scalar,145.0083,1,19,10,54.68699173486102,13.768472443291728,10.581825397085632,69.73683557559983,31.245603773232148,0.9889234241319534,15.527781937992769,2.2620099776866494,14,5,38.0
0.1,CM_ATP5_145.0083Hz_Re,Re_scalar,145.0083,1,19,10,65.45070809983201,16.309127645301498,15.642043362639576,81.6802286226205,40.87912427232582,0.9862796603156639,17.581329621474325,-0.27864522432311695,13,6,166.0
0.1,CM_ATP5_145.0083Hz_pair,complex_frequency_pair,145.0083,2,19,10,55.57606767066498,14.131243106803135,9.509504912712284,70.81584022349644,31.67343251353256,0.9884178721541561,15.928908790971713,1.8992393141752428,14,5,77.0
0.1,CM_ATP5_15.0083Hz_Im,Im_scalar,15.0083,1,19,10,58.37993746912476,14.58280398617723,12.159585826981138,71.94003506564134,38.18566189326467,0.9851904298084945,16.27724816636149,1.4476784348011469,14,5,96.0
0.1,CM_ATP5_15.0083Hz_Re,Re_scalar,15.0083,1,19,10,65.8353410005083,15.983550778150725,14.773900601637365,83.8183364821081,37.49319444324658,0.9887647970154626,17.373536004960737,0.04693164282765284,11,8,137.0
0.1,CM_ATP5_15.0083Hz_pair,complex_frequency_pair,15.0083,2,19,10,56.74680394973764,14.15448079965281,11.681699635093281,70.75728320549551,35.37385118029781,0.9867825290488309,16.006918435288142,1.8760016213255684,13,6,79.0
0.1,CM_ATP5_155.0083Hz_Im,Im_scalar,155.0083,1,19,10,54.79811174208712,13.797703040129537,10.55861401740619,69.83800135798765,31.391652393149055,0.9888650758052184,15.5476149343201,2.2327793808488416,14,5,42.0
0.1,CM_ATP5_155.0083Hz_Re,Re_scalar,155.0083,1,19,10,65.33620002926342,16.2845340147114,15.484149319985347,81.53494217765233,40.80700846995598,0.9862955068242706,17.56326259236108,-0.2540515937330243,14,5,164.0
0.1,CM_ATP5_155.0083Hz_pair,complex_frequency_pair,155.0083,2,19,10,55.73713070479132,14.165860901485456,9.862511945051857,70.995084089745,31.807192480071375,0.9883902907926667,15.960225333799983,1.864621519492923,14,5,81.0
0.1,CM_ATP5_16.0083Hz_Im,Im_scalar,16.0083,1,19,10,57.61957600639861,14.367968513839703,11.625492414705747,71.43118468454163,36.89528259894178,0.9854922279606931,16.11719480191877,1.6625139071386763,14,5,93.0
0.1,CM_ATP5_16.0083Hz_Re,Re_scalar,16.0083,1,19,10,65.9924494583698,16.028237270258494,15.01881981567794,84.0650064706564,37.52103622330111,0.9887933308651776,17.400929901753454,0.002245150719883118,11,8,138.0
0.1,CM_ATP5_16.0083Hz_pair,complex_frequency_pair,16.0083,2,19,10,56.51638494785281,14.102000167708546,11.487049706874728,70.55414722814582,35.05116643101885,0.9868586770204191,15.962200311675321,1.9284822532698336,13,6,76.0
0.1,CM_ATP5_165.0083Hz_Im,Im_scalar,165.0083,1,19,10,54.775626822473534,13.790932986084009,10.553495316462934,69.81759884056545,31.36825488608049,0.9888863018531528,15.536665513592954,2.239549434894369,14,5,41.0
0.1,CM_ATP5_165.0083Hz_Re,Re_scalar,165.0083,1,19,10,65.1603710215245,16.251595041575776,15.323640636337975,81.2793894881926,40.762639116840475,0.9863060579753364,17.535450378935746,-0.22111262059739686,14,5,161.0
0.1,CM_ATP5_165.0083Hz_pair,complex_frequency_pair,165.0083,2,19,10,55.70319638489825,14.157003049808853,9.942627068445299,70.95486384385985,31.770165491276902,0.9884212663547498,15.948246715026283,1.8734793711695255,14,5,80.0
0.1,CM_ATP5_17.0083Hz_Im,Im_scalar,17.0083,1,19,10,57.23993389570338,14.270597172011364,11.383860945830826,71.18664845765488,36.25871218844943,0.9857444673990202,16.03436898615909,1.759885248967017,13,6,91.0
0.1,CM_ATP5_17.0083Hz_Re,Re_scalar,17.0083,1,19,10,66.2574601819958,16.096848738254902,14.98107554561798,84.42887715055943,37.652647214308885,0.9887323852434877,17.455049258791455,-0.0663663172765242,12,7,145.0
0.1,CM_ATP5_17.0083Hz_pair,complex_frequency_pair,17.0083,2,19,10,56.34294297510323,14.073612075878085,11.417022639808163,70.33097734508581,34.95008924378864,0.986885934876323,15.928357338789743,1.9568703451002922,13,6,72.0
0.1,CM_ATP5_175.0083Hz_Im,Im_scalar,175.0083,1,19,10,54.88052351320382,13.81461429768224,10.547449056146144,69.9428527581782,31.463339278513242,0.9888810621854852,15.551353305349577,2.2158681232961364,14,5,46.0
0.1,CM_ATP5_175.0083Hz_Re,Re_scalar,175.0083,1,19,10,64.9540756342319,16.210842857036667,15.198971044227182,80.97989986104574,40.70657093899421,0.9863177642591376,17.500509758381224,-0.1803604360582881,14,5,157.0
0.1,CM_ATP5_175.0083Hz_pair,complex_frequency_pair,175.0083,2,19,10,55.744825416671326,14.167494842554124,9.951880008369283,70.97779562744039,31.84581877373343,0.9884489968519137,15.95030664230459,1.8629875784242522,14,5,82.0
0.1,CM_ATP5_18.0083Hz_Im,Im_scalar,18.0083,1,19,10,56.6915874217567,14.086452689773756,11.307195481106733,71.1030263328589,34.87515483945576,0.9864717197301786,15.877488356490002,1.9440297312046204,15,4,73.0
0.1,CM_ATP5_18.0083Hz_Re,Re_scalar,18.0083,1,19,10,66.72865359698983,16.217671872702244,14.900395669398872,85.03524514971954,37.998359492142754,0.9886709668083915,17.54262142893017,-0.18718945172386714,12,7,159.0
0.1,CM_ATP5_18.0083Hz_pair,complex_frequency_pair,18.0083,2,19,10,56.133930787765586,14.019879319190798,11.358997342605301,70.1658495589729,34.65790884931694,0.9870746955129078,15.85825894684585,2.0106031017875794,13,6,66.0
0.1,CM_ATP5_185.0083Hz_Im,Im_scalar,185.0083,1,19,10,54.8696391849903,13.819070156807335,10.545628914370363,69.87055695803804,31.53859147199087,0.9888100443875367,15.555917701248383,2.211412264171043,14,5,48.0
0.1,CM_ATP5_185.0083Hz_Re,Re_scalar,185.0083,1,19,10,64.89130994017148,16.198795676099554,15.054698827191697,80.91199576586625,40.65439165451524,0.9863283643881726,17.494038980889105,-0.16831325512117729,14,5,155.0
0.1,CM_ATP5_185.0083Hz_pair,complex_frequency_pair,185.0083,2,19,10,55.85767654648797,14.193307898411565,10.060736903688849,71.13244659383686,31.885693750286542,0.9883452804026657,15.981189402559254,1.837174522566814,14,5,83.0
0.1,CM_ATP5_19.0083Hz_Im,Im_scalar,19.0083,1,19,10,56.19814116422374,13.946439383561732,10.632832471473456,70.89106528861942,33.75660636360343,0.9870474109143766,15.756230103188308,2.084043037416646,15,4,60.0
0.1,CM_ATP5_19.0083Hz_Re,Re_scalar,19.0083,1,19,10,67.03529798315114,16.30293847000175,14.838033335653341,85.43114026386372,38.23322227909582,0.9885158002877763,17.60822479642696,-0.27245604902337234,12,7,165.0
0.1,CM_ATP5_19.0083Hz_pair,complex_frequency_pair,19.0083,2,19,10,55.964900399503485,13.984672038797074,10.818127370430835,70.1420293243189,34.19638573736577,0.9871591204234076,15.827308243502326,2.045810382181304,13,6,62.0
0.1,CM_ATP5_195.0083Hz_Im,Im_scalar,195.0083,1,19,10,54.93563128766347,13.837179224521895,10.506583064878324,69.90907194971062,31.68776823340831,0.9887576103355575,15.56849288247745,2.193303196456482,13,6,50.0
0.1,CM_ATP5_195.0083Hz_Re,Re_scalar,195.0083,1,19,10,64.73789424161573,16.168385017691907,14.927707112856588,80.69263346449986,40.60485435501782,0.9863417555536138,17.46827847251784,-0.13790259671352872,14,5,152.0
0.1,CM_ATP5_195.0083Hz_pair,complex_frequency_pair,195.0083,2,19,10,55.912952470867,14.208718142740798,10.156196228215336,71.14750950235114,32.03724786299595,0.9882618867541559,15.995328216914423,1.8217642782375787,14,5,85.0
0.1,CM_ATP5_2.0083Hz_Im,Im_scalar,2.0083,1,19,10,63.72340235277628,15.398229570455248,15.058206893302483,81.52548398300753,35.03916118151044,0.9872956246169936,16.805895280776614,0.6322528505231296,10,9,107.0
0.1,CM_ATP5_2.0083Hz_Re,Re_scalar,2.0083,1,19,10,67.3183794338285,16.4127243382202,15.60834913695668,84.69950084585817,40.62115438886889,0.9865406159755328,17.537089267754606,-0.3822419172418239,10,9,171.0
0.1,CM_ATP5_2.0083Hz_pair,complex_frequency_pair,2.0083,2,19,10,57.238431795051646,13.60729832651424,11.57998816041461,71.32428882390252,35.760233466961225,0.9853689447749971,15.229145050796427,2.423184094464139,12,7,16.0
0.1,CM_ATP5_2.5083Hz_Im,Im_scalar,2.5083,1,19,10,62.462595176899725,15.024899801101643,12.699795261910618,79.39522777253535,35.758393912442834,0.9867722759315268,16.71892904457928,1.0055826198767344,11,8,100.0
0.1,CM_ATP5_2.5083Hz_Re,Re_scalar,2.5083,1,19,10,68.66618504851769,16.766486628280905,16.929196877397466,86.80197982826431,40.807582235521764,0.9866336732075015,17.88971245171297,-0.7360042073025297,9,10,195.0
0.1,CM_ATP5_2.5083Hz_pair,complex_frequency_pair,2.5083,2,19,10,59.97907017734657,14.247507930178962,11.980331940030188,74.99258414049943,37.98781123987718,0.9847366298256759,16.123292358950316,1.782974490799415,12,7,88.0
0.1,CM_ATP5_2.7583Hz_Im,Im_scalar,2.7583,1,19,10,66.04570400769592,15.978348925612845,15.032285727609533,83.74974343219013,38.139670512178164,0.9866471774349742,17.521817615718145,0.05213349536553176,8,11,136.0
0.1,CM_ATP5_2.7583Hz_Re,Re_scalar,2.7583,1,19,10,68.9011827044401,16.850186952898817,15.444197281937495,87.65532748430925,40.07546177840701,0.9861908426718897,18.01154431696546,-0.8197045319204371,7,12,208.0
0.1,CM_ATP5_2.7583Hz_pair,complex_frequency_pair,2.7583,2,19,10,67.2045916937724,16.23958887649678,14.753876875880533,84.92415131594025,39.93762415420923,0.9842378500056672,17.77646629491553,-0.20910645551840176,10,9,160.0
0.1,CM_ATP5_20.0084Hz_Im,Im_scalar,20.0084,1,19,10,55.6906519796542,13.813324958777388,10.475202472278173,70.41372415661631,33.15352484781956,0.9873124857772939,15.633084870675697,2.21715746220099,15,4,45.0
0.1,CM_ATP5_20.0084Hz_Re,Re_scalar,20.0084,1,19,10,67.27743550598142,16.37232384711894,14.696748422264788,85.7591681319567,38.43887462297409,0.9885450145103174,17.64881429859803,-0.3418414261405584,10,9,169.0
0.1,CM_ATP5_20.0084Hz_pair,complex_frequency_pair,20.0084,2,19,10,55.231241748710985,13.818341094730718,10.584850715994458,69.22881871725286,33.73401376177802,0.9873508917396274,15.67327314795031,2.21214132624766,13,6,47.0
0.1,CM_ATP5_205.0087Hz_Im,Im_scalar,205.0087,1,19,10,54.98884068763699,13.849815245584765,10.500966382342046,69.96127388982435,31.754420236384146,0.9887405532641582,15.57673673420913,2.180667175393614,14,5,52.0
0.1,CM_ATP5_205.0087Hz_Re,Re_scalar,205.0087,1,19,10,64.62242529540762,16.14644354260795,14.827459889755964,80.53417137011176,40.55681616449151,0.9863555387383327,17.45084367030816,-0.11596112162957337,14,5,151.0
0.1,CM_ATP5_205.0087Hz_pair,complex_frequency_pair,205.0087,2,19,10,55.96532341123547,14.219676070121789,10.198717707996614,71.1976291235945,32.08959062504901,0.9882473900681499,16.00372251665641,1.8108063508565904,14,5,87.0
0.1,CM_ATP5_215.0087Hz_Im,Im_scalar,215.0087,1,19,10,54.95900392032422,13.846330727607377,10.500957270467616,69.9024337231846,31.768330451844665,0.9887106566170619,15.56952944138566,2.184151693371,14,5,51.0
0.1,CM_ATP5_215.0087Hz_Re,Re_scalar,215.0087,1,19,10,64.46783836974959,16.114369144599877,14.680977920147983,80.31978638293123,40.500097661237454,0.9863681558531376,17.42383898136767,-0.08388672362149906,14,5,149.0
0.1,CM_ATP5_215.0087Hz_pair,complex_frequency_pair,215.0087,2,19,10,55.939228653019235,14.216314712956683,10.232666685881,71.16930270204624,32.07090860038613,0.9882219093795992,16.000275982584185,1.814167708021693,14,5,86.0
0.1,CM_ATP5_22.0084Hz_Im,Im_scalar,22.0084,1,19,10,55.501108167196975,13.719816513825998,10.362028520450448,70.63993720385216,32.152208491123204,0.9880034255683515,15.54207198380775,2.3106659071523814,15,4,30.0
0.1,CM_ATP5_22.0084Hz_Re,Re_scalar,22.0084,1,19,10,67.84394979409979,16.525900871432235,14.483165071080254,86.41617247562644,38.99093206403354,0.9882786263544107,17.76780940245691,-0.49541845045385496,9,10,178.0
0.1,CM_ATP5_22.0084Hz_pair,complex_frequency_pair,22.0084,2,19,10,55.112560606628556,13.781077053353505,10.040576113999544,69.29180273674372,33.24322764114022,0.987499297219834,15.639816933278615,2.2494053676248726,13,6,39.0
0.1,CM_ATP5_225.0087Hz_Im,Im_scalar,225.0087,1,19,10,55.124846026338425,13.891464474191402,10.473520810961809,70.07053562454207,31.973939295231855,0.9886721339185198,15.607527061337345,2.1390179467869754,14,5,57.0
0.1,CM_ATP5_225.0087Hz_Re,Re_scalar,225.0087,1,19,10,64.35464686767808,16.09229379597668,14.575836159572113,80.16771364744405,40.450723373342065,0.9863816674738548,17.405954822436566,-0.06181137499830117,14,5,144.0
0.1,CM_ATP5_225.0087Hz_pair,complex_frequency_pair,225.0087,2,19,10,56.100532896209764,14.259060803103427,10.295003364645664,71.33710023536486,32.245353460474426,0.9882038003511224,16.03701789083429,1.77142161787495,14,5,90.0
0.1,CM_ATP5_235.0087Hz_Im,Im_scalar,235.0087,1,19,10,55.109363284681336,13.884617527344608,10.473770390097249,70.04988106522687,31.965460542685634,0.9886432572288464,15.59847878068089,2.1458648936337723,14,5,55.0
0.1,CM_ATP5_235.0087Hz_Re,Re_scalar,235.0087,1,19,10,64.25193581657354,16.07206915344455,14.46567421116021,80.03006212721752,40.40515759335651,0.986392845509747,17.389529797172468,-0.041586732466171276,14,5,143.0
0.1,CM_ATP5_235.0087Hz_pair,complex_frequency_pair,235.0087,2,19,10,56.09857933069746,14.255690014343385,10.376623529863101,71.31358101741475,32.26914772768333,0.9881276314402259,16.034139873041752,1.7747924066349938,14,5,89.0
0.1,CM_ATP5_24.0084Hz_Im,Im_scalar,24.0084,1,19,10,55.39355933752385,13.687091015056414,10.404211829744119,70.6408741822169,31.789357080307198,0.988310284940866,15.49906538611716,2.3433914059219663,15,4,28.0
0.1,CM_ATP5_24.0084Hz_Re,Re_scalar,24.0084,1,19,10,68.30349626886509,16.66109125770753,14.175293668540553,86.93418952750378,39.5009277535734,0.9879772266782639,17.877738658241213,-0.6306088367291521,9,10,186.0
0.1,CM_ATP5_24.0084Hz_pair,complex_frequency_pair,24.0084,2,19,10,55.13798327531075,13.80780573754453,9.828456407730014,69.44039660902986,32.99938689495705,0.9875930576124378,15.647586841425642,2.2226766834338476,13,6,43.0
0.1,CM_ATP5_245.0087Hz_Im,Im_scalar,245.0087,1,19,10,55.152749923273845,13.901624264576048,10.473753734042424,70.05670456085095,32.08604788693295,0.9886055906698078,15.611697643994788,2.1288581564023312,14,5,58.0
0.1,CM_ATP5_245.0087Hz_Re,Re_scalar,245.0087,1,19,10,64.13714565917041,16.048119614672537,14.357702699539837,79.87656271216261,40.355263974377884,0.9864033889975389,17.36853082712971,-0.01763719369415864,14,5,140.0
0.1,CM_ATP5_245.0087Hz_pair,complex_frequency_pair,245.0087,2,19,10,56.14138619063454,14.271747671136916,10.422052802247608,71.34660081321488,32.34952840775401,0.9881025513138787,16.04741442442056,1.758734749841462,14,5,92.0
0.1,CM_ATP5_26.0084Hz_Im,Im_scalar,26.0084,1,19,10,54.982044230455756,13.601728711279383,10.097825433086298,70.19655552114146,31.362817387994195,0.9884755676785434,15.418307892019234,2.428753709698996,15,4,15.0
0.1,CM_ATP5_26.0084Hz_Re,Re_scalar,26.0084,1,19,10,68.55448918480006,16.7582629039763,13.742464977150389,87.12969485852928,39.98308381327146,0.9876478278244208,17.946424433779633,-0.7277804829979212,8,11,194.0
0.1,CM_ATP5_26.0084Hz_pair,complex_frequency_pair,26.0084,2,19,10,54.81420372572699,13.749264993826523,9.583718844232253,69.1348731552502,32.59238775915197,0.9876935677377844,15.595357791135527,2.281217427151853,13,6,37.0
0.1,CM_ATP5_28.0084Hz_Im,Im_scalar,28.0084,1,19,10,54.78573264967599,13.55637197524865,10.010038251850139,69.9997414973646,31.10899713451065,0.9886162198249431,15.367282689135239,2.474110445729727,15,4,12.0
0.1,CM_ATP5_28.0084Hz_Re,Re_scalar,28.0084,1,19,10,68.6510771715333,16.803889525200955,13.487890523141639,87.17526546883722,40.238554766729784,0.9874619799707741,17.98081722510632,-0.7734071042225745,8,11,201.0
0.1,CM_ATP5_28.0084Hz_pair,complex_frequency_pair,28.0084,2,19,10,54.672305387906015,13.732248360911713,9.23571204973256,69.00775821154171,32.38080379695829,0.9877862681663874,15.564946187334806,2.2982340600666658,13,6,33.0
0.1,CM_ATP5_3.0083Hz_Im,Im_scalar,3.0083,1,19,10,66.06399316552005,15.934977942307311,14.68223749776414,83.90411303399013,37.690586357745275,0.9862447016777652,17.445172979491428,0.09550447867106708,11,8,130.0
0.1,CM_ATP5_3.0083Hz_Re,Re_scalar,3.0083,1,19,10,68.66587732403809,16.756183433923518,14.86131991752945,86.72668352179018,40.829016182529834,0.985658017705904,17.91446257690961,-0.7257010129451409,9,10,193.0
0.1,CM_ATP5_3.0083Hz_pair,complex_frequency_pair,3.0083,2,19,10,65.27653147008137,15.629820102970733,15.390073467218821,81.95075818094969,40.04683031886156,0.9831500632551369,17.269142156106795,0.40066231800764596,11,8,114.0
0.1,CM_ATP5_3.2583Hz_Im,Im_scalar,3.2583,1,19,10,65.84405540067529,15.875187216214691,14.623373666261116,83.15084423673433,38.95821747033311,0.9874015533855891,17.404961032822175,0.15529520476368788,11,8,128.0
0.1,CM_ATP5_3.2583Hz_Re,Re_scalar,3.2583,1,19,10,68.89080416521973,16.801104584833787,15.727019424835527,87.10853842691861,40.65128458220445,0.9861477613416232,17.977499078758164,-0.7706221638554088,4,15,199.0
0.1,CM_ATP5_3.2583Hz_pair,complex_frequency_pair,3.2583,2,19,10,67.23487270348541,16.21133084319006,15.682328682282364,84.75683769840006,40.35453351085827,0.9858462786430858,17.727295898745723,-0.18084842221168257,11,8,158.0
0.1,CM_ATP5_3.5083Hz_Im,Im_scalar,3.5083,1,19,10,64.29321154182013,15.530218057265852,13.485833640244614,81.5878799489112,37.09398175222461,0.9879834603456126,17.085032790523897,0.5002643637125249,11,8,112.0
0.1,CM_ATP5_3.5083Hz_Re,Re_scalar,3.5083,1,19,10,68.74200083870358,16.801488476683286,15.818756916025315,87.01129364976771,40.681898354109684,0.9861339930689812,17.977943983339298,-0.7710060557049095,4,15,200.0
0.1,CM_ATP5_3.5083Hz_pair,complex_frequency_pair,3.5083,2,19,10,64.09112718541962,15.432684462373249,14.088143665038954,80.78821356372303,38.39442277098027,0.9859156090006392,17.02148604262914,0.5977979586051282,13,6,110.0
0.1,CM_ATP5_3.7583Hz_Im,Im_scalar,3.7583,1,19,10,63.67583357923674,15.403922548794256,13.081618509611559,81.03526214551543,36.13951707742562,0.9882918594321639,16.973093363614584,0.6265598721841202,10,9,108.0
0.1,CM_ATP5_3.7583Hz_Re,Re_scalar,3.7583,1,19,10,69.15311606832017,16.897115994154653,16.015250320749363,87.50953393756572,40.6207917800385,0.986072255138447,18.14202769018727,-0.8666335731762761,5,14,211.0
0.1,CM_ATP5_3.7583Hz_pair,complex_frequency_pair,3.7583,2,19,10,62.46602659386458,15.110283174264461,12.714281259794083,79.85063077818454,35.10620373236464,0.9872693678631405,16.86411074795389,0.9201992467139154,12,7,102.0
0.1,CM_ATP5_30.0084Hz_Im,Im_scalar,30.0084,1,19,10,54.704529583575834,13.531816755779897,9.851299894559123,69.9890368033407,30.851709744121166,0.9887837292357287,15.33974308870445,2.4986656651984815,15,4,8.0
0.1,CM_ATP5_30.0084Hz_Re,Re_scalar,30.0084,1,19,10,68.65952642831378,16.82962536650787,13.753484353882559,87.05915326815112,40.49989530689742,0.9872089973563017,17.999513792590914,-0.7991429455294923,7,12,206.0
0.1,CM_ATP5_30.0084Hz_pair,complex_frequency_pair,30.0084,2,19,10,54.66859926033337,13.736147559058018,9.017044730425074,69.10099150272696,32.14591837861622,0.9879004262438512,15.557738134303372,2.2943348619203614,13,6,34.0
0.1,CM_ATP5_32.0084Hz_Im,Im_scalar,32.0084,1,19,10,54.58995758171202,13.506124241295144,9.79854665333087,69.90325137464367,30.649313240873568,0.9889181464828782,15.319287165402542,2.5243581796832353,15,4,6.0
0.1,CM_ATP5_32.0084Hz_Re,Re_scalar,32.0084,1,19,10,68.67401275119647,16.852914609160887,14.430337364217172,86.9708068309447,40.704801716410344,0.9869380258437609,18.025995581254758,-0.8224321881825093,8,11,210.0
0.1,CM_ATP5_32.0084Hz_pair,complex_frequency_pair,32.0084,2,19,10,54.6704123066273,13.74733110090419,8.606140175224708,69.16076423028854,32.00500889715623,0.9879061666423768,15.571939406453824,2.283151320074188,14,5,35.0
0.1,CM_ATP5_34.0084Hz_Im,Im_scalar,34.0084,1,19,10,54.120122591909706,13.411997041159163,9.553899512486016,69.28955443206269,30.35184672146935,0.9889409099322712,15.236075281939419,2.618485379819215,15,4,2.0
0.1,CM_ATP5_34.0084Hz_Re,Re_scalar,34.0084,1,19,10,68.59527909994688,16.85081291555106,15.096432565865618,86.78045766451557,40.83932844787919,0.9868244148211546,18.020901767926524,-0.8203304945726816,10,9,209.0
0.1,CM_ATP5_34.0084Hz_pair,complex_frequency_pair,34.0084,2,19,10,54.20623020803775,13.647166019210864,8.51549554269993,68.60944416851557,31.635394437668513,0.9880219785557213,15.488892930255565,2.3833164017675137,14,5,20.0
0.1,CM_ATP5_36.0084Hz_Im,Im_scalar,36.0084,1,19,10,54.70010360448553,13.541627045641466,9.598741685457721,69.96686666454748,30.859249066971575,0.9888601932811961,15.357572504485203,2.4888553753369123,15,4,9.0
0.1,CM_ATP5_36.0084Hz_Re,Re_scalar,36.0084,1,19,10,68.47366640581396,16.839858188821047,15.38686383535367,86.53259478181563,40.916584601119126,0.9866583901526219,18.012703789457,-0.8093757678426692,10,9,207.0
0.1,CM_ATP5_36.0084Hz_pair,complex_frequency_pair,36.0084,2,19,10,54.86635996584694,13.810085723466937,8.590779103203742,69.3643465265583,32.18276612700301,0.9878410355273375,15.62930974996588,2.220396697511443,14,5,44.0
0.1,CM_ATP5_38.0084Hz_Im,Im_scalar,38.0084,1,19,10,54.00290033450952,13.400137564606943,9.57331838755264,69.08653812600417,30.34588459682236,0.9889195162441275,15.234158240924211,2.630344856371435,15,4,1.0
0.1,CM_ATP5_38.0084Hz_Re,Re_scalar,38.0084,1,19,10,68.35373785088672,16.82268373209218,16.01657188593465,86.29590211465484,41.006036954801424,0.9865722974699507,17.994534758418116,-0.7922013111138015,10,9,204.0
0.1,CM_ATP5_38.0084Hz_pair,complex_frequency_pair,38.0084,2,19,10,54.195257463314576,13.661131848850905,8.530338958908375,68.59097234884449,31.623078854060196,0.9879745359634974,15.504023084622627,2.3693505721274724,14,5,22.0
0.1,CM_ATP5_4.0083Hz_Im,Im_scalar,4.0083,1,19,10,63.171704585351016,15.262377116961265,12.917188241904444,80.45245104613286,35.65437307712617,0.9884459766408797,16.829353396230527,0.7681053040171153,10,9,106.0
0.1,CM_ATP5_4.0083Hz_Re,Re_scalar,4.0083,1,19,10,68.76174453606974,16.782422694933633,15.214853654863381,86.9940492971768,40.67432133250576,0.9857730172381375,18.006311180161457,-0.7519402739552579,4,15,198.0
0.1,CM_ATP5_4.0083Hz_pair,complex_frequency_pair,4.0083,2,19,10,62.429619430600496,15.06451176609461,13.354560003929743,79.4072599893564,35.93082463421727,0.986628190271907,16.728922068161417,0.9659706548837693,12,7,101.0
0.1,CM_ATP5_4.5083Hz_Im,Im_scalar,4.5083,1,19,10,64.57640751160648,15.596686841296174,12.704487849622211,82.00559111239154,37.11332294772675,0.988264855660118,17.142399202923468,0.433795579682204,10,9,113.0
0.1,CM_ATP5_4.5083Hz_Re,Re_scalar,4.5083,1,19,10,66.28810850637495,16.135944766670324,15.127517397828207,83.91129419133304,38.80019824554923,0.9871686709706481,17.513992105581497,-0.10546234569194532,12,7,150.0
0.1,CM_ATP5_4.5083Hz_pair,complex_frequency_pair,4.5083,2,19,10,67.16659035006788,16.187493489032367,15.350428133471537,85.4354894410443,38.54756144378209,0.9871967789639547,17.66660463337908,-0.157011068053988,10,9,153.0
0.1,CM_ATP5_40.0084Hz_Im,Im_scalar,40.0084,1,19,10,54.04337764196176,13.413123863856958,9.610159619220937,69.12258173790444,30.389207489867395,0.9889113436190463,15.24289529827827,2.6173585571214217,14,5,3.0
0.1,CM_ATP5_40.0084Hz_Re,Re_scalar,40.0084,1,19,10,68.2485201625027,16.80961868589545,16.32223882687426,86.09705204732742,41.05551750773412,0.9865034848245225,17.980945091344406,-0.7791362649170732,10,9,202.0
0.1,CM_ATP5_40.0084Hz_pair,complex_frequency_pair,40.0084,2,19,10,54.256999290713736,13.67786151273504,8.490661507436569,68.6817342627387,31.61497121748991,0.9880060172235986,15.51049413847637,2.3526209082433374,14,5,25.0
0.1,CM_ATP5_45.0084Hz_Im,Im_scalar,45.0084,1,19,10,54.17989633787138,13.467601156633998,9.615978433476188,69.24603574779294,30.559992954373257,0.9888965910999289,15.299331659702974,2.5628812643443797,14,5,4.0
0.1,CM_ATP5_45.0084Hz_Re,Re_scalar,45.0084,1,19,10,67.99972067391268,16.769760869881587,16.543699468154422,85.65240074890701,41.134313239321266,0.9863716445431238,17.94365695269701,-0.7392784489032097,12,7,197.0
0.1,CM_ATP5_45.0084Hz_pair,complex_frequency_pair,45.0084,2,19,10,54.461693662763786,13.748917431216233,8.500111898082881,68.93816043230001,31.750221239120616,0.9880208383558167,15.573019309995237,2.2815649897621446,14,5,36.0
0.1,CM_ATP5_48.0084Hz_Im,Im_scalar,48.0084,1,19,10,54.14528847941782,13.481978754152726,9.659769785968402,69.18550682553084,30.555529888083424,0.9888886164866892,15.311324484876916,2.548503666825654,14,5,5.0
0.1,CM_ATP5_48.0084Hz_Re,Re_scalar,48.0084,1,19,10,67.90278507751192,16.75239099080623,16.426999478933947,85.47801438834504,41.16023784243672,0.9863513757485961,17.930157078069072,-0.7219085698278506,12,7,192.0
0.1,CM_ATP5_48.0084Hz_pair,complex_frequency_pair,48.0084,2,19,10,54.5515330787694,13.78755597118245,8.53963555928319,69.11500464859564,31.716814780743483,0.9880480999876554,15.612227944951542,2.242926449795929,14,5,40.0
0.1,CM_ATP5_5.0083Hz_Im,Im_scalar,5.0083,1,19,10,64.02463410287183,15.463128333056781,12.611691152236272,81.35751940058954,36.64804878353923,0.9884817523275912,17.01829017243763,0.5673540879215949,10,9,111.0
0.1,CM_ATP5_5.0083Hz_Re,Re_scalar,5.0083,1,19,10,66.02489310960931,16.05753573162552,14.985152856028298,83.47851001596128,38.718607779706616,0.986983544827572,17.47227783640439,-0.0270533106471412,13,6,142.0
0.1,CM_ATP5_5.0083Hz_pair,complex_frequency_pair,5.0083,2,19,10,66.60414090129002,16.05622727870856,15.608784499154364,84.75306409924738,38.04037861032956,0.9873556984401478,17.582862021592376,-0.025744857730177376,9,10,141.0
0.1,CM_ATP5_5.5083Hz_Im,Im_scalar,5.5083,1,19,10,63.844620159587954,15.427605461736876,12.424779130241175,81.37086117148954,36.032896340702386,0.9891782681111557,16.94687226908329,0.6028769592415022,10,9,109.0
0.1,CM_ATP5_5.5083Hz_Re,Re_scalar,5.5083,1,19,10,65.70568982195994,15.949417835950241,14.933090630093647,83.15351458709193,38.33499947921191,0.9874217195444167,17.37562652488936,0.08106458502813639,12,7,133.0
0.1,CM_ATP5_5.5083Hz_pair,complex_frequency_pair,5.5083,2,19,10,66.0878326695099,15.937953763347961,14.312862696245055,84.46767922991052,36.890833698864014,0.9887695956451562,17.440941238322228,0.09252865763041679,9,10,131.0
0.1,CM_ATP5_51.0084Hz_Im,Im_scalar,51.0084,1,19,10,54.220527575099716,13.508388887605822,9.733167375874187,69.25232687579035,30.66444364672041,0.9888455309278498,15.336657545017216,2.5220935333725563,14,5,7.0
0.1,CM_ATP5_51.0084Hz_Re,Re_scalar,51.0084,1,19,10,67.82656356373207,16.744782221437116,16.394078415624765,85.33562093996167,41.182641700167835,0.986279912148414,17.927393240005824,-0.7142998004587351,12,7,191.0
0.1,CM_ATP5_51.0084Hz_pair,complex_frequency_pair,51.0084,2,19,10,54.6819017325659,13.821258328046282,8.55942002648273,69.28754943490911,31.785765968234525,0.987972720614264,15.648429446474491,2.2092240929320974,14,5,49.0
0.1,CM_ATP5_54.0084Hz_Im,Im_scalar,54.0084,1,19,10,54.37300716076176,13.548522918767294,9.742085351984972,69.42684836434273,30.799642987171385,0.9888347736678441,15.369236318547774,2.481959502211084,14,5,10.0
0.1,CM_ATP5_54.0084Hz_Re,Re_scalar,54.0084,1,19,10,67.6362132853492,16.712421685455148,16.24758541477505,85.01339409265708,41.2142798161981,0.9862498232691498,17.89346547378695,-0.6819392644767678,12,7,189.0
0.1,CM_ATP5_54.0084Hz_pair,complex_frequency_pair,54.0084,2,19,10,54.79702499502495,13.857101832961474,8.490538051085295,69.40643486345004,31.898980435960443,0.9879792521056942,15.670225071430279,2.1733805880169057,14,5,53.0
0.1,CM_ATP5_57.0084Hz_Im,Im_scalar,57.0084,1,19,10,54.35892586013572,13.563427792974545,9.717247394748808,69.41689015534656,30.7733468666142,0.9888488682756007,15.380639606257935,2.467054628003832,13,6,14.0
0.1,CM_ATP5_57.0084Hz_Re,Re_scalar,57.0084,1,19,10,67.61135634117791,16.707610215640706,16.280396462794776,84.97802429909378,41.19682186712704,0.9862516197990668,17.895037890554757,-0.677127794662329,12,7,188.0
0.1,CM_ATP5_57.0084Hz_pair,complex_frequency_pair,57.0084,2,19,10,54.86596536422936,13.881112873921499,8.579079195232977,69.5714639819942,31.813295531503734,0.9880112779146775,15.70041280650691,2.149369547056879,14,5,54.0
0.1,CM_ATP5_6.0083Hz_Im,Im_scalar,6.0083,1,19,10,65.37245828355026,15.800117202298088,12.453887330318668,83.13337003302583,37.376109746062355,0.9888751255556286,17.258321935691903,0.23036521868029225,11,8,124.0
0.1,CM_ATP5_6.0083Hz_Re,Re_scalar,6.0083,1,19,10,65.20728846558143,15.82469743759253,14.853017130742652,82.55827914519901,37.93052707766097,0.9875057862033166,17.27813873626355,0.20578498338584722,12,7,125.0
0.1,CM_ATP5_6.0083Hz_pair,complex_frequency_pair,6.0083,2,19,10,67.3884336185272,16.263131065287585,13.793802920923019,85.80496238325678,38.112845773816744,0.9884033602724573,17.716782581625036,-0.2326486443092079,9,10,162.0
0.1,CM_ATP5_6.5083Hz_Im,Im_scalar,6.5083,1,19,10,64.6458180038422,15.643431401932464,12.48719214276285,82.46870762586154,36.396705788266786,0.9893781441997208,17.12644324070479,0.3870510190459133,10,9,115.0
0.1,CM_ATP5_6.5083Hz_Re,Re_scalar,6.5083,1,19,10,64.57015581733697,15.661644838905431,14.462045091074474,81.8623225065727,37.329300332357455,0.9879593889780213,17.142380598206156,0.3688375820729486,12,7,116.0
0.1,CM_ATP5_6.5083Hz_pair,complex_frequency_pair,6.5083,2,19,10,66.56948055540049,16.098442926534155,13.490616822501492,84.95274906908615,37.29887470678722,0.9890714634244135,17.577710812612505,-0.06796050555577643,10,9,146.0
0.1,CM_ATP5_65.0084Hz_Im,Im_scalar,65.0084,1,19,10,54.20855965478756,13.562917123597542,9.789136963564312,69.18480989691923,30.756784304085397,0.9888514097307141,15.382256183530698,2.4675652973808377,13,6,13.0
0.1,CM_ATP5_65.0084Hz_Re,Re_scalar,65.0084,1,19,10,67.39181842430588,16.66629502409696,16.119249200069234,84.61676602661332,41.213603128812096,0.9862490531108264,17.86163444887595,-0.6358126031185819,12,7,187.0
0.1,CM_ATP5_65.0084Hz_pair,complex_frequency_pair,65.0084,2,19,10,54.80895350820809,13.889400200247097,8.650995794506692,69.57363879115344,31.686478907931352,0.9881202356892816,15.716892999290417,2.141082220731281,14,5,56.0
0.1,CM_ATP5_7.0083Hz_Im,Im_scalar,7.0083,1,19,10,66.86418148804178,16.203737365862654,12.842917321010834,85.1762042112061,38.051736095719434,0.989162131700774,17.578242413958478,-0.17325494488427567,9,10,156.0
0.1,CM_ATP5_7.0083Hz_Re,Re_scalar,7.0083,1,19,10,64.97776972378256,15.760850585243213,14.608453922904687,82.34338420840153,37.66661221487898,0.9878215381066434,17.22204060344786,0.2696318357351633,12,7,118.0
0.1,CM_ATP5_7.0083Hz_pair,complex_frequency_pair,7.0083,2,19,10,67.18636103886158,16.27801302861664,13.086665506371597,85.26589052662354,38.49465580869497,0.9885830884634679,17.74308888313833,-0.24753060763826548,11,8,163.0
0.1,CM_ATP5_7.5083Hz_Im,Im_scalar,7.5083,1,19,10,67.71293236284141,16.431099362641625,13.024942374220696,86.22666192019565,38.80730151230967,0.9891496582451401,17.745022683015925,-0.4006169416632474,10,9,173.0
0.1,CM_ATP5_7.5083Hz_Re,Re_scalar,7.5083,1,19,10,65.41985006988374,15.869595753116082,14.410695027004223,82.91587713570725,37.929442932133725,0.9878329957114671,17.309343009663387,0.16088666786229722,11,8,127.0
0.1,CM_ATP5_7.5083Hz_pair,complex_frequency_pair,7.5083,2,19,10,66.34172215248908,16.101881997101895,11.187343653908778,83.96740827397271,38.51374111110041,0.9887290547863827,17.535673103874633,-0.07139957612351788,11,8,148.0
0.1,CM_ATP5_70.0084Hz_Im,Im_scalar,70.0084,1,19,10,54.07261129508891,13.553861905395436,9.874084095675787,68.98654491250733,30.694908997399114,0.988879213378384,15.369615676709198,2.4766205155829417,13,6,11.0
0.1,CM_ATP5_70.0084Hz_Re,Re_scalar,70.0084,1,19,10,67.27965848315529,16.64874196516376,16.12367269146156,84.43324772209004,41.207601549786176,0.9862339775664066,17.85175066125387,-0.6182595441853845,12,7,185.0
0.1,CM_ATP5_70.0084Hz_pair,complex_frequency_pair,70.0084,2,19,10,54.820055490195486,13.901696968989475,8.727484763383773,69.72516720036342,31.473017699613774,0.9882042066558834,15.730585010006786,2.1287854519889047,14,5,59.0
0.1,CM_ATP5_75.0084Hz_Im,Im_scalar,75.0084,1,19,10,54.301042684645765,13.614844367073625,9.88118550212068,69.3351372993095,30.760006370873505,0.9889319360474434,15.422646244472915,2.415638053904754,13,6,17.0
0.1,CM_ATP5_75.0084Hz_Re,Re_scalar,75.0084,1,19,10,67.1140493459706,16.617560887433402,16.087670691808384,84.17359889614927,41.19741660219988,0.9862263370504959,17.825109590245592,-0.5870784664550228,12,7,183.0
0.1,CM_ATP5_75.0084Hz_pair,complex_frequency_pair,75.0084,2,19,10,55.04399794183503,13.965069182003573,8.733059172926428,70.03884261926531,31.553563840712393,0.9882500404518737,15.783518780233674,2.065413238974807,14,5,61.0
0.1,CM_ATP5_8.0083Hz_Im,Im_scalar,8.0083,1,19,10,68.74972762660576,16.715957261057866,13.211237576114478,87.61769183058063,39.355677347647415,0.9889975482916883,17.9956527816653,-0.6854748400794856,9,10,190.0
0.1,CM_ATP5_8.0083Hz_Re,Re_scalar,8.0083,1,19,10,65.06449750392967,15.782842502432686,14.845655197677836,82.5876895566688,37.450571395014585,0.9881283783441867,17.23765595923865,0.24763991854569262,11,8,121.0
0.1,CM_ATP5_8.0083Hz_pair,complex_frequency_pair,8.0083,2,19,10,65.48516450235526,15.964230345484491,12.802525459507132,82.95628728533622,37.71521796754994,0.9881392901982371,17.504456041711467,0.06625207549388605,11,8,135.0
0.1,CM_ATP5_8.5083Hz_Im,Im_scalar,8.5083,1,19,10,68.77098553426632,16.76975986465469,13.571049877388246,87.48867724955618,39.958269892353876,0.9889170079008727,17.973981451340297,-0.7392774436763121,8,11,196.0
0.1,CM_ATP5_8.5083Hz_Re,Re_scalar,8.5083,1,19,10,64.77881576103137,15.710506417745648,14.400583069710443,82.22598135757141,37.31141311053965,0.98828836523257,17.160447750884714,0.31997600323273034,11,8,117.0
0.1,CM_ATP5_8.5083Hz_pair,complex_frequency_pair,8.5083,2,19,10,61.94955179668934,15.133697180400965,13.610145407974219,77.83536550398263,37.1517664126095,0.9880233301100226,16.723439103073282,0.8967852405774119,13,6,103.0
0.1,CM_ATP5_80.0084Hz_Im,Im_scalar,80.0084,1,19,10,54.38293977108751,13.638628033327455,9.936415526356889,69.44857556217289,30.80804010103181,0.9889535986400388,15.43960434644863,2.391854387650924,13,6,19.0
0.1,CM_ATP5_80.0084Hz_Re,Re_scalar,80.0084,1,19,10,67.00496349719955,16.597173797407784,16.07630910973832,84.00726567578367,41.17692793725927,0.9862245624191349,17.813031025758203,-0.5666913764294043,12,7,181.0
0.1,CM_ATP5_80.0084Hz_pair,complex_frequency_pair,80.0084,2,19,10,55.16663027340494,13.994795217853309,8.791803674670431,70.2244449835978,31.56659548832194,0.9883254582136142,15.810555495914576,2.0356872031250712,14,5,64.0
0.1,CM_ATP5_85.0084Hz_Im,Im_scalar,85.0084,1,19,10,54.44208912428422,13.6654026610999,10.042435736613674,69.50105751828903,30.895274350899747,0.9889349843947413,15.460759944785204,2.365079759878477,13,6,23.0
0.1,CM_ATP5_85.0084Hz_Re,Re_scalar,85.0084,1,19,10,66.84129597561454,16.570513863362173,16.07003691655887,83.74450077747143,41.17824940638803,0.9862205275529486,17.789332508198488,-0.5400314423837971,12,7,180.0
0.1,CM_ATP5_85.0084Hz_pair,complex_frequency_pair,85.0084,2,19,10,55.238253937313054,14.024194176314435,8.76475375836357,70.31926927335266,31.604217824391796,0.9882830411364544,15.836944465149376,2.006288244663944,14,5,67.0
0.1,CM_ATP5_9.0083Hz_Im,Im_scalar,9.0083,1,19,10,69.05732728885324,16.825837580194683,12.807631454533519,87.76523953354506,40.365873024820324,0.9888868233208197,18.019604001477756,-0.7953551592163042,9,10,205.0
0.1,CM_ATP5_9.0083Hz_Re,Re_scalar,9.0083,1,19,10,65.0885384073699,15.79293432926304,14.746955049481317,82.63072924331054,37.44649139646994,0.9881659944135324,17.244991072491363,0.23754809171533692,11,8,122.0
0.1,CM_ATP5_9.0083Hz_pair,complex_frequency_pair,9.0083,2,19,10,61.54763996481697,15.01660538710214,13.605185334661495,77.21862642173254,36.94650076771849,0.9880142061130688,16.66619360608393,1.0138770338762362,14,5,99.0
0.1,CM_ATP5_9.5083Hz_Im,Im_scalar,9.5083,1,19,10,69.34626168201278,16.910573794622614,13.022776731730453,88.15058407203203,40.40320287489712,0.9886680776881012,18.110352311316994,-0.8800913736442361,9,10,212.0
0.1,CM_ATP5_9.5083Hz_Re,Re_scalar,9.5083,1,19,10,65.00301728390062,15.764804268526763,14.424464940996295,82.5888992920963,37.2977723771266,0.9884880104414405,17.21321341823566,0.26567815245161513,11,8,120.0
0.1,CM_ATP5_9.5083Hz_pair,complex_frequency_pair,9.5083,2,19,10,62.033463399055094,15.213938506546162,12.837218712628179,78.04807459838885,36.73058182855901,0.9877087705182404,16.89615824021191,0.8165439144322172,14,5,104.0
0.1,CM_ATP5_90.0084Hz_Im,Im_scalar,90.0084,1,19,10,54.29732258077334,13.636254896501333,10.076697603384863,69.31765478238293,30.788725989312674,0.9889594626702084,15.431959071618014,2.3942275244770443,13,6,18.0
0.1,CM_ATP5_90.0084Hz_Re,Re_scalar,90.0084,1,19,10,66.66952543669764,16.53581886598438,16.01832327031744,83.47843349151029,41.16152146420659,0.9862205287864034,17.760797970608085,-0.5053364450059994,12,7,179.0
0.1,CM_ATP5_90.0084Hz_pair,complex_frequency_pair,90.0084,2,19,10,55.08549951107627,13.985997381382726,8.797588735212383,70.18147266413223,31.407066820668135,0.9883919318251454,15.799630682183784,2.044485039595655,14,5,63.0
0.1,CM_ATP5_95.0084Hz_Im,Im_scalar,95.0084,1,19,10,54.635836192699706,13.71444799534016,10.175021112143927,69.76903124485368,31.017657873407916,0.9889556989744025,15.496695036358343,2.3160344256382177,13,6,29.0
0.1,CM_ATP5_95.0084Hz_Re,Re_scalar,95.0084,1,19,10,66.56666729828481,16.517559642759156,16.015083412582364,83.32205000674757,41.143800928073645,0.9862229951358024,17.747585623461756,-0.4870772217807786,12,7,177.0
0.1,CM_ATP5_95.0084Hz_pair,complex_frequency_pair,95.0084,2,19,10,55.4265719881682,14.072837069845578,8.910818322599964,70.54004973289092,31.742792360082998,0.9883364200863851,15.87792880132905,1.9576453511328007,14,5,71.0
0.1,GROUP_ONLY,baseline_reference,,0,19,10,65.8892900638242,16.030482420978377,12.48578051997186,83.08103404466856,39.52944419823259,0.9875806072151655,17.292363037817182,0.0,0,0,139.0
0.1,stress_baseline_pCa4.8_ATP5,stress_scalar,,1,19,10,70.2568099720265,17.132229296409523,13.346651885416067,88.44182500159336,42.63582173142479,0.9873120221179384,18.39207095437434,-1.101746875431145,13,6,214.0
1.0,CM_ATP5_0.5083Hz_Im,Im_scalar,0.5083,1,19,10,51.085104489565886,14.723116296018611,13.361662796516162,61.69367293139567,35.820427987114876,0.9900258475583964,16.369943515100562,-0.21408952049279212,9,10,213.0
1.0,CM_ATP5_0.5083Hz_Re,Re_scalar,0.5083,1,19,10,52.24655032054008,15.016619059671664,14.697812636726237,63.26872156710598,36.53714308928642,0.9885870926029068,16.574307506215476,-0.5075922841458457,6,13,215.0
1.0,CM_ATP5_0.5083Hz_pair,complex_frequency_pair,0.5083,2,19,10,53.53092702390116,15.41732848428736,15.153722180887154,64.59788617338968,37.66397435716857,0.9886201245174708,17.14321668740821,-0.9083017087615417,6,13,217.0
1.0,CM_ATP5_1.0083Hz_Im,Im_scalar,1.0083,1,19,10,54.26127456974274,15.634434980888928,15.784739617476843,65.56285957939107,37.917782659378936,0.9889010630751272,17.110032143654553,-1.1254082053631098,12,7,218.0
1.0,CM_ATP5_1.0083Hz_Re,Re_scalar,1.0083,1,19,10,49.28846381223925,14.175480639948068,13.428545058605545,58.797435904569596,36.60556743794787,0.9907730270105715,15.431691708700113,0.3335461355777526,12,7,208.0
1.0,CM_ATP5_1.0083Hz_pair,complex_frequency_pair,1.0083,2,19,10,52.98417166244151,15.29155488021367,14.423903325975582,63.03752349312214,39.50466632463874,0.9899326204956386,16.5024154293536,-0.7825281046878504,10,9,216.0
1.0,CM_ATP5_1.5083Hz_Im,Im_scalar,1.5083,1,19,10,50.88339732211048,14.591237165416972,15.31141879841667,62.15068799696465,34.185858023989574,0.9907003254776346,16.26835373012569,-0.08221038989115308,9,10,212.0
1.0,CM_ATP5_1.5083Hz_Re,Re_scalar,1.5083,1,19,10,48.23521187642814,13.741251184906814,14.898529226747673,57.523314203058014,36.06456987693975,0.9915481409809942,15.133428373838075,0.7677755906190057,10,9,193.0
1.0,CM_ATP5_1.5083Hz_pair,complex_frequency_pair,1.5083,2,19,10,49.57281719687302,14.115180892880407,14.419413969579265,59.51630973562031,36.36953340565426,0.9918590918280453,15.568696492830695,0.39384588264541337,9,10,206.0
1.0,CM_ATP5_10.0083Hz_Im,Im_scalar,10.0083,1,19,10,45.70085438531737,13.239648926143314,11.605248028176527,53.278456461833436,35.685180930590356,0.9916975828690767,14.939601234083224,1.269377849382505,13,6,146.0
1.0,CM_ATP5_10.0083Hz_Re,Re_scalar,10.0083,1,19,10,46.657241822511786,13.402761265880471,13.670019156818132,57.86595987128978,31.022740907424833,0.9963766532057917,15.011528396674674,1.1062655096453475,12,7,158.0
1.0,CM_ATP5_10.0083Hz_pair,complex_frequency_pair,10.0083,2,19,10,34.88264361401505,10.151511536939497,8.614853751354326,42.314762121519244,24.489510347578015,0.996431994527889,12.603715407306689,4.357515238586323,16,3,94.0
1.0,CM_ATP5_100.0084Hz_Im,Im_scalar,100.0084,1,19,10,32.190026673065425,9.384629364929877,7.663505240284981,40.46945838202837,19.772600746146814,0.9927922843941289,11.90750949036158,5.124397410595942,15,4,56.0
1.0,CM_ATP5_100.0084Hz_Re,Re_scalar,100.0084,1,19,10,41.97923258004622,12.274041930011393,10.866514240668316,46.945682113787,35.61513364498783,0.9898137134879365,13.928550273408737,2.234984845514425,13,6,123.0
1.0,CM_ATP5_100.0084Hz_pair,complex_frequency_pair,100.0084,2,19,10,24.36698783696832,7.238218576220373,5.477335464032229,28.938148436918045,17.744123469665716,0.9968923685733387,9.989407946976991,7.2708081993054465,18,1,24.0
1.0,CM_ATP5_105.0083Hz_Im,Im_scalar,105.0083,1,19,10,32.23674012071042,9.400918089366149,7.646482073972692,40.417292102641106,20.02486584880375,0.9927099457611619,11.919926648131353,5.108108686159671,15,4,63.0
1.0,CM_ATP5_105.0083Hz_Re,Re_scalar,105.0083,1,19,10,41.813455755927805,12.227003683517452,10.856182789183658,46.69839487181193,35.53806198519263,0.9897128816695776,13.900635823103462,2.2820230920083677,13,6,122.0
1.0,CM_ATP5_105.0083Hz_pair,complex_frequency_pair,105.0083,2,19,10,24.55363518130195,7.286067773918117,5.52148918478355,29.125514551749294,17.927695128621497,0.9968698991888486,10.023357812462331,7.222959001607701,18,1,28.0
1.0,CM_ATP5_11.0083Hz_Im,Im_scalar,11.0083,1,19,10,40.0406903003284,11.65647198230179,10.288818659078117,45.042106094411025,33.51650830873771,0.9896927829922034,13.753822999672515,2.852554793224029,13,6,110.0
1.0,CM_ATP5_11.0083Hz_Re,Re_scalar,11.0083,1,19,10,46.946067320447256,13.482571707163874,13.683366519572912,58.026873155066,31.573979814613143,0.9962582713608454,15.078527315079528,1.0264550683619447,13,6,173.0
1.0,CM_ATP5_11.0083Hz_pair,complex_frequency_pair,11.0083,2,19,10,31.744792217605646,9.221713727942127,7.8941893508840755,37.438623154682,23.767588658140436,0.9963160346998031,11.813644327410197,5.287313047583692,17,2,48.0
1.0,CM_ATP5_110.0083Hz_Im,Im_scalar,110.0083,1,19,10,32.17836640834313,9.381591557825587,7.584095001463701,40.36068775302911,19.978126496403338,0.9926854137613615,11.90729213073794,5.127435217700231,15,4,52.0
1.0,CM_ATP5_110.0083Hz_Re,Re_scalar,110.0083,1,19,10,41.530296038235825,12.150387388443988,10.74626803865803,46.28117923816385,35.43173761335311,0.9896185350519869,13.84009080548258,2.358639387081831,13,6,121.0
1.0,CM_ATP5_110.0083Hz_pair,complex_frequency_pair,110.0083,2,19,10,24.462404220541384,7.265877064284017,5.611045076216515,28.993567335412212,17.895999406220966,0.996836016990873,10.006940416996311,7.243149711241802,18,1,26.0
1.0,CM_ATP5_115.0083Hz_Im,Im_scalar,115.0083,1,19,10,32.173050665606276,9.38380970710349,7.675233210199094,40.29974838944627,20.06506828466374,0.992646000481558,11.908705865260648,5.125217068422328,15,4,55.0
1.0,CM_ATP5_115.0083Hz_Re,Re_scalar,115.0083,1,19,10,41.402551899223134,12.114069095088622,10.773069888711913,46.0965428624782,35.36411804096256,0.9895311904799969,13.81966114174514,2.394957680437198,13,6,119.0
1.0,CM_ATP5_115.0083Hz_pair,complex_frequency_pair,115.0083,2,19,10,24.531477103358984,7.285099007120718,5.6629610057409465,29.08958462439274,17.92954886986582,0.9968345894077391,10.024797195192045,7.2239277684051,18,1,27.0
1.0,CM_ATP5_12.0083Hz_Im,Im_scalar,12.0083,1,19,10,41.79161835049867,12.144991255458933,9.925988439029272,47.67749947668167,34.24688802798472,0.9902681645418205,14.13441459713229,2.3640355200668863,13,6,120.0
1.0,CM_ATP5_12.0083Hz_Re,Re_scalar,12.0083,1,19,10,46.8227244518425,13.448177510526179,13.727952326493055,58.03338497384904,31.2011804411147,0.9964124610671303,15.052707982940058,1.0608492649996388,13,6,166.0
1.0,CM_ATP5_12.0083Hz_pair,complex_frequency_pair,12.0083,2,19,10,32.20452201675374,9.38898061690239,7.734874601950478,38.452130750887,23.43077515602079,0.9964813633185176,12.001975276879397,5.1200461586234285,17,2,57.0
1.0,CM_ATP5_125.0083Hz_Im,Im_scalar,125.0083,1,19,10,32.267543515375586,9.407153623251032,7.573699923719675,40.32579463513371,20.31466359283239,0.9925525023002354,11.928994546068395,5.101873152274788,15,4,70.0
1.0,CM_ATP5_125.0083Hz_Re,Re_scalar,125.0083,1,19,10,41.12743252088146,12.03353700139889,10.781563544307039,45.7084227392854,35.211847829278035,0.9893918685005401,13.768974475109895,2.4754897741269284,13,6,118.0
1.0,CM_ATP5_125.0083Hz_pair,complex_frequency_pair,125.0083,2,19,10,24.86335714232283,7.381156852836503,5.752722291367496,29.483317797626743,18.177132625467067,0.9967536868302305,10.104330423563095,7.127869922689316,18,1,30.0
1.0,CM_ATP5_13.0083Hz_Im,Im_scalar,13.0083,1,19,10,37.515467656812,10.928686856749856,10.853643897576776,41.519826378183005,31.992389007826826,0.98881599578681,13.158627556066849,3.5803399187759637,16,3,97.0
1.0,CM_ATP5_13.0083Hz_Re,Re_scalar,13.0083,1,19,10,46.922780247199654,13.481517179053553,13.864224573329073,58.1182042988187,31.354954699778002,0.9964652746215997,15.072373404362093,1.0275095964722645,13,6,172.0
1.0,CM_ATP5_13.0083Hz_pair,complex_frequency_pair,13.0083,2,19,10,28.463977669637345,8.297176113349982,6.920096819132204,33.291876521401285,21.57804577449764,0.9965597493592623,11.059422673095773,6.211850662175837,17,2,47.0
1.0,CM_ATP5_135.0083Hz_Im,Im_scalar,135.0083,1,19,10,32.21060007977357,9.393468368726813,7.686735219380258,40.191481988246025,20.430520473911294,0.9924611186310691,11.918366641517514,5.115558406799005,16,3,59.0
1.0,CM_ATP5_135.0083Hz_Re,Re_scalar,135.0083,1,19,10,40.80256809420781,11.945908202918535,10.715602358497092,45.24762767975583,35.052185897313876,0.9892617927732643,13.70713455751232,2.5631185726072845,13,6,117.0
1.0,CM_ATP5_135.0083Hz_pair,complex_frequency_pair,135.0083,2,19,10,24.86776964744429,7.384463785818276,5.818949864353229,29.465849175122756,18.222872127009868,0.9967076415837376,10.110412200723532,7.124562989707544,18,1,31.0
1.0,CM_ATP5_14.0083Hz_Im,Im_scalar,14.0083,1,19,10,36.37839757990911,10.5843738877661,9.985926975752749,40.90954074465558,30.244936447700525,0.9890286555404453,12.88569851995385,3.92465288775972,16,3,96.0
1.0,CM_ATP5_14.0083Hz_Re,Re_scalar,14.0083,1,19,10,46.98909588398277,13.505115727365263,13.531953979606408,58.07179342655709,31.65596878853791,0.9964361483594408,15.073279195811441,1.0039110481605562,13,6,174.0
1.0,CM_ATP5_14.0083Hz_pair,complex_frequency_pair,14.0083,2,19,10,27.72844642454145,8.085769027147952,6.880709849994264,32.357401378891495,21.165790224629664,0.9966223273697267,10.842690237737564,6.423257748377867,17,2,46.0
1.0,CM_ATP5_145.0083Hz_Im,Im_scalar,145.0083,1,19,10,32.27660572722751,9.41400488154939,7.741812785658476,40.183936974573584,20.642531010498022,0.9923724708192128,11.93374884775607,5.095021893976429,16,3,74.0
1.0,CM_ATP5_145.0083Hz_Re,Re_scalar,145.0083,1,19,10,40.48453057220643,11.863752939195955,10.68181956884703,44.804500431988515,34.88383024083771,0.9891343289452107,13.64912359919859,2.6452738363298645,14,5,116.0
1.0,CM_ATP5_145.0083Hz_pair,complex_frequency_pair,145.0083,2,19,10,25.070156610686592,7.447907803107718,5.9504787696454615,29.68816071876347,18.41634586083805,0.996650138509218,10.148667188340976,7.061118972418101,18,1,32.0
1.0,CM_ATP5_15.0083Hz_Im,Im_scalar,15.0083,1,19,10,35.42466541783885,10.310900046601372,10.713465857989714,40.84383821062311,28.03757352543438,0.9896184949305227,12.678326443780763,4.198126728924446,17,2,95.0
1.0,CM_ATP5_15.0083Hz_Re,Re_scalar,15.0083,1,19,10,47.10969501338733,13.532122954868305,13.427975435306445,58.212197905406825,31.74898402631549,0.9964243431923756,15.109392370147074,0.976903820657514,13,6,175.0
1.0,CM_ATP5_15.0083Hz_pair,complex_frequency_pair,15.0083,2,19,10,26.894853788819496,7.8535534735348556,6.990510374157461,31.538159826074757,20.282359284448695,0.9966659247244042,10.697719206458085,6.6554733019909635,17,2,45.0
1.0,CM_ATP5_155.0083Hz_Im,Im_scalar,155.0083,1,19,10,32.25312869439688,9.4065484024315,7.7842161670498795,40.062397108094,20.792678880611888,0.9922786907858089,11.925635384826405,5.1024783730943195,16,3,68.0
1.0,CM_ATP5_155.0083Hz_Re,Re_scalar,155.0083,1,19,10,40.291023543327675,11.801924865831241,10.686896779347302,44.55268377072198,34.75082841116078,0.9890619195838444,13.608514255546705,2.707101909694578,15,4,115.0
1.0,CM_ATP5_155.0083Hz_pair,complex_frequency_pair,155.0083,2,19,10,25.172784188687206,7.476535064404988,6.050122752579728,29.79166851995591,18.51564148682754,0.9965857374953524,10.182945144639456,7.032491711120831,18,1,33.0
1.0,CM_ATP5_16.0083Hz_Im,Im_scalar,16.0083,1,19,10,34.59814035018508,10.042404561831807,9.734474300997622,40.852864987486626,25.851225320029087,0.9903363620416838,12.456855639165141,4.466622213694013,16,3,93.0
1.0,CM_ATP5_16.0083Hz_Re,Re_scalar,16.0083,1,19,10,47.18555209310033,13.559325578574063,13.322537005693126,58.198641859403914,32.014859925610345,0.9963923818768994,15.117994703244339,0.9497011969517561,13,6,178.0
1.0,CM_ATP5_16.0083Hz_pair,complex_frequency_pair,16.0083,2,19,10,26.176878863680418,7.6335441839369045,6.838202045647706,30.748994437814865,19.712939265252164,0.9967191304422284,10.465436533455637,6.875482591588915,17,2,41.0
1.0,CM_ATP5_165.0083Hz_Im,Im_scalar,165.0083,1,19,10,32.26381856827395,9.406915849062372,7.79949300621848,40.051884572439064,20.852640093077802,0.9922395945799781,11.925655174765309,5.102110926463446,16,3,69.0
1.0,CM_ATP5_165.0083Hz_Re,Re_scalar,165.0083,1,19,10,40.0513488379414,11.738946001492009,10.674859255880786,44.22516582034957,34.61594805644669,0.9889752080998309,13.561218884573307,2.7700807740338105,15,4,112.0
1.0,CM_ATP5_165.0083Hz_pair,complex_frequency_pair,165.0083,2,19,10,25.258503123093814,7.501156604403563,6.097090021268158,29.886774938289268,18.594684047647327,0.9965443267714286,10.19911573102038,7.007870171122256,18,1,34.0
1.0,CM_ATP5_17.0083Hz_Im,Im_scalar,17.0083,1,19,10,34.291726977812324,9.957250843848843,9.178886346129628,41.045631997169025,24.715092687526823,0.9907862562446624,12.384215316250271,4.551775931676977,15,4,92.0
1.0,CM_ATP5_17.0083Hz_Re,Re_scalar,17.0083,1,19,10,47.29525246520369,13.592042906872429,13.237084803539283,58.20678162050583,32.33221335484398,0.9963014975565049,15.137222953062173,0.9169838686533908,13,6,180.0
1.0,CM_ATP5_17.0083Hz_pair,complex_frequency_pair,17.0083,2,19,10,25.84916617559917,7.547756594619716,6.748983871875537,30.402985825810987,19.379514334728626,0.9967545459419923,10.375703629295812,6.961270180906104,17,2,37.0
1.0,CM_ATP5_175.0083Hz_Im,Im_scalar,175.0083,1,19,10,32.27983269880775,9.410634968003125,7.837189421592229,40.02508562827834,20.95090253606733,0.9921723410812622,11.929449818937261,5.098391807522694,16,3,72.0
1.0,CM_ATP5_175.0083Hz_Re,Re_scalar,175.0083,1,19,10,39.77280963957674,11.6630042169183,10.617529713198529,43.86516667123084,34.44331118256568,0.9889002783335962,13.505990604017391,2.8460225586075203,15,4,111.0
1.0,CM_ATP5_175.0083Hz_pair,complex_frequency_pair,175.0083,2,19,10,25.317628962363298,7.522575140327175,6.182524721739109,29.930684981381955,18.680374896818535,0.996474088963756,10.219401278018347,6.986451635198644,18,1,35.0
1.0,CM_ATP5_18.0083Hz_Im,Im_scalar,18.0083,1,19,10,33.906397797474845,9.814892982078122,8.318100666104312,41.633755379330005,22.478429246651736,0.99182315399838,12.267157086208556,4.694133793447697,14,5,91.0
1.0,CM_ATP5_18.0083Hz_Re,Re_scalar,18.0083,1,19,10,47.428453823425805,13.631351621111964,13.091036745078386,58.12411201619589,32.87262614366338,0.996114653150436,15.163750164951727,0.877675154413855,11,8,187.0
1.0,CM_ATP5_18.0083Hz_pair,complex_frequency_pair,18.0083,2,19,10,25.249695135729983,7.358196557093746,6.507911048661048,29.733393307942272,18.85436588824942,0.996791961267865,10.198011459485686,7.150830218432074,18,1,29.0
1.0,CM_ATP5_185.0083Hz_Im,Im_scalar,185.0083,1,19,10,32.17390696224201,9.382545372178285,7.882357802782411,39.802289716571856,21.038784233000055,0.9921201193659273,11.901174325375194,5.126481403347535,16,3,54.0
1.0,CM_ATP5_185.0083Hz_Re,Re_scalar,185.0083,1,19,10,39.66397356635065,11.632192941486654,10.705707839519748,43.71287323128822,34.37152521333154,0.9888490200590124,13.483518962006572,2.8768338340391653,15,4,108.0
1.0,CM_ATP5_185.0083Hz_pair,complex_frequency_pair,185.0083,2,19,10,25.355324121317103,7.530384586523553,6.306634621747348,29.96249042572071,18.710202166585574,0.9964721294077208,10.215478875831394,6.978642189002266,18,1,36.0
1.0,CM_ATP5_19.0083Hz_Im,Im_scalar,19.0083,1,19,10,33.78773429757162,9.775478623030168,8.307130472032776,42.15297482492244,21.11064671252292,0.992514378667128,12.220390114532094,4.733548152495651,14,5,90.0
1.0,CM_ATP5_19.0083Hz_Re,Re_scalar,19.0083,1,19,10,47.462790956103596,13.647179893975132,13.103407568588677,57.978715592216616,33.239186515079126,0.9959680229597649,15.156731005188073,0.8618468815506877,11,8,188.0
1.0,CM_ATP5_19.0083Hz_pair,complex_frequency_pair,19.0083,2,19,10,24.655114585515292,7.191939301479389,6.184633755351234,29.035237279381615,18.346903032838867,0.9968686143391592,10.054041537847494,7.3170874740464305,18,1,22.0
1.0,CM_ATP5_195.0083Hz_Im,Im_scalar,195.0083,1,19,10,32.19953727541633,9.390370846256385,7.954438148246743,39.761201883831454,21.185870043935953,0.992047548968452,11.90556949804241,5.118655929269434,16,3,58.0
1.0,CM_ATP5_195.0083Hz_Re,Re_scalar,195.0083,1,19,10,39.46980504145557,11.578017390835377,10.68759843870915,43.46589425400308,34.23977161638383,0.9887929358556562,13.44311951655204,2.931009384690442,15,4,106.0
1.0,CM_ATP5_195.0083Hz_pair,complex_frequency_pair,195.0083,2,19,10,25.448673024590196,7.557182302446655,6.392312029383586,30.04892472571688,18.835295538239517,0.9963893239207675,10.239650958955076,6.951844473079164,18,1,38.0
1.0,CM_ATP5_2.0083Hz_Im,Im_scalar,2.0083,1,19,10,48.67379786602826,14.16838724660066,15.846686374138475,60.48847827029956,31.14358868057236,0.9932951511023118,16.11982067490045,0.3406395289251572,12,7,207.0
1.0,CM_ATP5_2.0083Hz_Re,Re_scalar,2.0083,1,19,10,45.298905666636436,12.87456220911017,13.494187871960523,52.66703215189673,35.843878038941945,0.9917228845813043,14.28027652995459,1.6344645664156494,13,6,137.0
1.0,CM_ATP5_2.0083Hz_pair,complex_frequency_pair,2.0083,2,19,10,41.16956420308522,11.772255854880301,11.21184453342706,48.598693625278415,31.31002980951021,0.9939976522193482,13.743435909206383,2.736770920645518,15,4,113.0
1.0,CM_ATP5_2.5083Hz_Im,Im_scalar,2.5083,1,19,10,46.86420552462059,13.409778301002607,12.690795591173925,58.48531376681679,28.930136928390265,0.9934107648373512,15.290570015377279,1.099248474523213,13,6,161.0
1.0,CM_ATP5_2.5083Hz_Re,Re_scalar,2.5083,1,19,10,46.74249528059704,13.32917115158604,14.293152593868012,55.38559117954275,35.39860723053901,0.9931797342184925,14.742042590170247,1.1798556239397782,14,5,149.0
1.0,CM_ATP5_2.5083Hz_pair,complex_frequency_pair,2.5083,2,19,10,39.789055561278516,11.070532242097542,12.124458049936564,47.159024099410274,30.01123793766274,0.9946545566302095,13.208623362906625,3.4384945334282775,14,5,98.0
1.0,CM_ATP5_2.7583Hz_Im,Im_scalar,2.7583,1,19,10,48.346222013329246,13.890696985645263,13.936573406484392,59.79311764058378,31.730614132683048,0.9940673525826162,15.734079460675904,0.618329789880557,10,9,195.0
1.0,CM_ATP5_2.7583Hz_Re,Re_scalar,2.7583,1,19,10,48.667605295946636,13.900146156713522,14.040365454442378,58.24779375418846,35.88825857497532,0.9932430212560094,15.213351547473303,0.6088806188122978,13,6,196.0
1.0,CM_ATP5_2.7583Hz_pair,complex_frequency_pair,2.7583,2,19,10,47.21765841015303,13.455732959877928,14.518557524191568,57.488401690389026,33.08148781391864,0.9945815651253371,15.059672339837016,1.0532938156478922,13,6,167.0
1.0,CM_ATP5_20.0084Hz_Im,Im_scalar,20.0084,1,19,10,33.32486917863862,9.630241558670715,8.230132547522558,41.80861907677707,20.328874668371117,0.9927929273605166,12.099737252392915,4.878785216855104,14,5,87.0
1.0,CM_ATP5_20.0084Hz_Re,Re_scalar,20.0084,1,19,10,47.468903741713774,13.647951683344012,13.209076040039985,57.82168357134854,33.53246988504538,0.9958280549443707,15.141175073706878,0.8610750921818081,9,10,189.0
1.0,CM_ATP5_20.0084Hz_pair,complex_frequency_pair,20.0084,2,19,10,24.023006213326294,7.001045165898006,6.078149497076213,28.32132837273968,17.827719797203766,0.9969001363476376,9.867510651987493,7.507981609627813,18,1,16.0
1.0,CM_ATP5_205.0087Hz_Im,Im_scalar,205.0087,1,19,10,32.23647607185955,9.40026115885594,7.972264091629759,39.77667712579029,21.2618415394491,0.9920145152291991,11.912906198054053,5.108765616669878,17,2,62.0
1.0,CM_ATP5_205.0087Hz_Re,Re_scalar,205.0087,1,19,10,39.31893324088346,11.53702406510989,10.719713668843655,43.2740187237813,34.13115433650013,0.9887514973073107,13.414279174919306,2.97200271041593,15,4,105.0
1.0,CM_ATP5_205.0087Hz_pair,complex_frequency_pair,205.0087,2,19,10,25.540956007020885,7.58363039598968,6.431285054977045,30.144590464188706,18.918296306855737,0.9963449570660686,10.264366700050267,6.925396379536138,18,1,39.0
1.0,CM_ATP5_215.0087Hz_Im,Im_scalar,215.0087,1,19,10,32.17427732205822,9.379999264213698,8.0267456057829,39.61979960645292,21.362944565338722,0.9919458076990381,11.891927830989363,5.129027511312122,17,2,51.0
1.0,CM_ATP5_215.0087Hz_Re,Re_scalar,215.0087,1,19,10,39.12539556200835,11.48320614373929,10.702735765363025,43.02543225070376,34.00252425801457,0.9887030406665033,13.371972305786066,3.0258206317865306,15,4,104.0
1.0,CM_ATP5_215.0087Hz_pair,complex_frequency_pair,215.0087,2,19,10,25.56612161305654,7.590145184524407,6.44289009644499,30.162296951358915,18.948468724552498,0.9962946049078321,10.26507994256148,6.918881591001412,18,1,40.0
1.0,CM_ATP5_22.0084Hz_Im,Im_scalar,22.0084,1,19,10,33.62015937974885,9.686110107219307,8.578591542918284,42.79878811384551,19.243837492576528,0.9935237726604835,12.14250270048428,4.822916668306512,14,5,88.0
1.0,CM_ATP5_22.0084Hz_Re,Re_scalar,22.0084,1,19,10,47.38393860134365,13.628264018026677,13.503381000920037,57.28216257194472,34.18145040392592,0.9953576870960873,15.122169814296988,0.8807627574991422,11,8,186.0
1.0,CM_ATP5_22.0084Hz_pair,complex_frequency_pair,22.0084,2,19,10,23.683257131608457,6.891285837986959,5.822847559060274,27.883902238396857,17.580460910836013,0.99688026584152,9.767010599826966,7.617740937538859,18,1,9.0
1.0,CM_ATP5_225.0087Hz_Im,Im_scalar,225.0087,1,19,10,32.24901015062733,9.40526494826218,8.070634435370517,39.633672263204105,21.561055475605656,0.9918622304150834,11.910713204098503,5.1037618272636385,17,2,67.0
1.0,CM_ATP5_225.0087Hz_Re,Re_scalar,225.0087,1,19,10,38.97334773416648,11.4419797751706,10.711854056084825,42.837832086144076,33.89094289302942,0.9886647313888878,13.340806273083459,3.0670470003552204,15,4,102.0
1.0,CM_ATP5_225.0087Hz_pair,complex_frequency_pair,225.0087,2,19,10,25.750876628784397,7.6470307896678875,6.440805071485605,30.353096508786034,19.14863119540858,0.9962205455378452,10.309997247672504,6.861995985857931,18,1,42.0
1.0,CM_ATP5_235.0087Hz_Im,Im_scalar,235.0087,1,19,10,32.26428742711688,9.404772879548865,8.077675945627316,39.657895277062195,21.544859310398564,0.9918656833270262,11.908299021085256,5.104253895976953,17,2,66.0
1.0,CM_ATP5_235.0087Hz_Re,Re_scalar,235.0087,1,19,10,38.837480520024826,11.405093834944612,10.723663863756185,42.66275819879605,33.79785582979417,0.9886332545538004,13.311426718252482,3.103932940581208,15,4,101.0
1.0,CM_ATP5_235.0087Hz_pair,complex_frequency_pair,235.0087,2,19,10,25.77908593055551,7.652482117603794,6.430066291445248,30.37999894072968,19.174780099311377,0.9961854114448885,10.314144907869393,6.856544657922025,18,1,43.0
1.0,CM_ATP5_24.0084Hz_Im,Im_scalar,24.0084,1,19,10,33.65696691093661,9.690771284947726,8.676573928696358,43.02449946315746,18.814164921147565,0.9937883560265088,12.145574938571327,4.818255490578093,14,5,89.0
1.0,CM_ATP5_24.0084Hz_Re,Re_scalar,24.0084,1,19,10,47.1960546236981,13.57920825489333,13.107440494474035,56.62438104803234,34.70213188093667,0.9948373955686206,15.070306918529244,0.9298185206324883,12,7,179.0
1.0,CM_ATP5_24.0084Hz_pair,complex_frequency_pair,24.0084,2,19,10,23.823886861134376,6.943579240416293,6.052922772812636,28.19256601286706,17.4483478655735,0.9968835123562655,9.774299335444109,7.565447535109526,18,1,12.0
1.0,CM_ATP5_245.0087Hz_Im,Im_scalar,245.0087,1,19,10,32.30068232309179,9.417067246358846,8.124040695066332,39.61017321524733,21.739794938904357,0.9917811247217769,11.916457479045455,5.0919595291669735,17,2,77.0
1.0,CM_ATP5_245.0087Hz_Re,Re_scalar,245.0087,1,19,10,38.71402632660414,11.369212602980614,10.588970269739129,42.51141805169143,33.697040896688215,0.9886008090059658,13.281669443268354,3.139814172545206,15,4,100.0
1.0,CM_ATP5_245.0087Hz_pair,complex_frequency_pair,245.0087,2,19,10,25.903770030379217,7.685567932988129,6.536460497296568,30.498641756599778,19.312017610537744,0.9961177635749313,10.33729651333603,6.82345884253769,18,1,44.0
1.0,CM_ATP5_26.0084Hz_Im,Im_scalar,26.0084,1,19,10,33.28434520018043,9.594741767816847,8.42850383997358,42.61773896675561,18.491690375339132,0.9938055808089425,12.059824844320856,4.914285007708972,14,5,86.0
1.0,CM_ATP5_26.0084Hz_Re,Re_scalar,26.0084,1,19,10,46.76466400420812,13.470881429082127,13.500951918317309,55.562674759993854,35.1928892859522,0.9942347410100317,14.945353972306394,1.0381453464436918,13,6,170.0
1.0,CM_ATP5_26.0084Hz_pair,complex_frequency_pair,26.0084,2,19,10,23.275871536738666,6.811198473286628,6.025306562398424,27.501847087087214,17.05632534285583,0.9969385571243483,9.674068718348806,7.697828302239191,18,1,4.0
1.0,CM_ATP5_28.0084Hz_Im,Im_scalar,28.0084,1,19,10,33.070086360751844,9.532572363108493,8.532206292275587,42.38200338953295,18.298200090897133,0.9938294912792491,12.009057589794589,4.976454412417327,14,5,82.0
1.0,CM_ATP5_28.0084Hz_Re,Re_scalar,28.0084,1,19,10,46.56826773489103,13.426536558065514,13.29214433116685,55.059055173842054,35.447856022919474,0.9938877445012183,14.879944148499257,1.0824902174603046,13,6,162.0
1.0,CM_ATP5_28.0084Hz_pair,complex_frequency_pair,28.0084,2,19,10,23.27846790252327,6.825811749443799,5.869744605833264,27.586694973973874,16.939405212204452,0.996946714147238,9.644166369552435,7.68321502608202,18,1,5.0
1.0,CM_ATP5_3.0083Hz_Im,Im_scalar,3.0083,1,19,10,49.64499102338692,14.304205706807705,16.480790680121522,61.36614131593945,31.93030545103797,0.9925388937884051,16.259612807679613,0.20482106871811528,11,8,209.0
1.0,CM_ATP5_3.0083Hz_Re,Re_scalar,3.0083,1,19,10,46.31592908381219,13.198605612620124,13.225685304920509,54.496513539042766,35.61286272188676,0.9918966564603696,14.588773346900911,1.3104211629056948,12,7,144.0
1.0,CM_ATP5_3.0083Hz_pair,complex_frequency_pair,3.0083,2,19,10,43.479050750559836,12.287451516258649,12.651629883759059,51.38921224485278,33.039327420378385,0.9931765536846345,14.342378137602815,2.2215752592671705,13,6,125.0
1.0,CM_ATP5_3.2583Hz_Im,Im_scalar,3.2583,1,19,10,49.06460843643629,14.044446542042886,16.28952427318432,60.80899311061678,31.911957083398313,0.9942445206680275,15.791396135711283,0.46458023348293365,12,7,202.0
1.0,CM_ATP5_3.2583Hz_Re,Re_scalar,3.2583,1,19,10,47.08600460800733,13.457738403386587,13.718916314721671,55.543702898930775,35.70944617604607,0.9917846973905314,14.857904650151061,1.051288372139232,11,8,168.0
1.0,CM_ATP5_3.2583Hz_pair,complex_frequency_pair,3.2583,2,19,10,45.316480970289355,12.807160816760126,13.303282416889575,54.45734127398238,33.0077824428905,0.9946283881075646,14.504325097152119,1.7018659587656926,13,6,135.0
1.0,CM_ATP5_3.5083Hz_Im,Im_scalar,3.5083,1,19,10,47.47036816205107,13.596644495243023,15.389601571451001,59.09615692798061,30.571054344099714,0.9952408900902604,15.376283807336964,0.9123822802827943,12,7,182.0
1.0,CM_ATP5_3.5083Hz_Re,Re_scalar,3.5083,1,19,10,47.09244268286852,13.4747673366815,14.343647998504542,56.02427790786015,35.21855010831149,0.9934898148052375,14.859403363597336,1.0342594388443185,12,7,171.0
1.0,CM_ATP5_3.5083Hz_pair,complex_frequency_pair,3.5083,2,19,10,43.47454669667485,12.285369842765794,12.888791919769252,52.3681610031209,31.543802941738143,0.9954939066598114,14.106155802269205,2.2236569327600257,14,5,124.0
1.0,CM_ATP5_3.7583Hz_Im,Im_scalar,3.7583,1,19,10,46.73480689476946,13.426726537205507,14.69425159506713,58.51408524712339,29.426982716437834,0.9956627061533957,15.193561612378364,1.0823002383203124,11,8,163.0
1.0,CM_ATP5_3.7583Hz_Re,Re_scalar,3.7583,1,19,10,47.25430126080804,13.558311222354881,13.225321858382236,55.554712861583454,36.05614573895281,0.9917157591327733,15.048981506595121,0.9507155531709395,12,7,177.0
1.0,CM_ATP5_3.7583Hz_pair,complex_frequency_pair,3.7583,2,19,10,40.48399164498717,11.467007027626057,12.283466110598493,48.93000339623682,28.584236574582317,0.9955818022565365,13.622305360729403,3.0420197478997615,14,5,103.0
1.0,CM_ATP5_30.0084Hz_Im,Im_scalar,30.0084,1,19,10,33.10534794493098,9.541852665791282,8.688257415056999,42.499141033755656,18.186408287258995,0.9939158570025202,12.016313268869412,4.967174109734537,14,5,83.0
1.0,CM_ATP5_30.0084Hz_Re,Re_scalar,30.0084,1,19,10,46.22121363995048,13.342497735810648,12.701280978294232,54.306818859896005,35.68869902938126,0.9933982413281089,14.785934542792484,1.1665290397151706,13,6,150.0
1.0,CM_ATP5_30.0084Hz_pair,complex_frequency_pair,30.0084,2,19,10,23.320502081770076,6.849343653778168,5.568582630900519,27.65608525216676,16.953269807790676,0.9969617920179575,9.65386707800458,7.659683121747651,18,1,6.0
1.0,CM_ATP5_32.0084Hz_Im,Im_scalar,32.0084,1,19,10,33.21637274727338,9.577431719112743,8.681312118690343,42.711596062916605,18.0974500262201,0.9940026133860274,12.044090643187351,4.931595056413076,14,5,84.0
1.0,CM_ATP5_32.0084Hz_Re,Re_scalar,32.0084,1,19,10,45.9444690568842,13.280756554745764,12.3117079889812,53.729664971487544,35.843602287599914,0.9929934041987409,14.71777796983703,1.2282702207800535,12,7,148.0
1.0,CM_ATP5_32.0084Hz_pair,complex_frequency_pair,32.0084,2,19,10,23.353787827437166,6.871868144176215,5.374698565981826,27.69313606612852,17.000130881110564,0.9969465307377368,9.673151201268047,7.637158631349603,18,1,7.0
1.0,CM_ATP5_34.0084Hz_Im,Im_scalar,34.0084,1,19,10,32.67142768216765,9.432627868638473,8.172831193312254,41.95303415157896,17.979186024794988,0.993853499790537,11.924176895260093,5.076398906887346,14,5,80.0
1.0,CM_ATP5_34.0084Hz_Re,Re_scalar,34.0084,1,19,10,45.70926513393534,13.22644311185166,12.177872655957966,53.2502572789038,35.959566166065635,0.9926948181960273,14.65434557999799,1.2825836636741603,12,7,145.0
1.0,CM_ATP5_34.0084Hz_pair,complex_frequency_pair,34.0084,2,19,10,23.016708695963754,6.782392190862346,5.536789518446848,27.31824545855242,16.694061911583983,0.9969685543023334,9.609958064394272,7.726634584663473,18,1,2.0
1.0,CM_ATP5_36.0084Hz_Im,Im_scalar,36.0084,1,19,10,33.21632815331065,9.580034687686982,8.499958753254102,42.62574591980191,18.31285816789741,0.9938917255334133,12.05090355278697,4.928992087838837,14,5,85.0
1.0,CM_ATP5_36.0084Hz_Re,Re_scalar,36.0084,1,19,10,45.39849590782445,13.157385559182773,12.037908587211044,52.65148268978063,36.045410799040816,0.9923680598295618,14.588565173000285,1.3516412163430465,12,7,143.0
1.0,CM_ATP5_36.0084Hz_pair,complex_frequency_pair,36.0084,2,19,10,23.669676274775885,6.975865951690268,5.375107160876253,28.080064670439157,17.268514001046434,0.9968950743574787,9.735424474671575,7.533160823835551,18,1,15.0
1.0,CM_ATP5_38.0084Hz_Im,Im_scalar,38.0084,1,19,10,32.58610596648387,9.421749766841847,7.828237261900444,41.82343800232852,17.973688846703322,0.9938129818918602,11.910523683936507,5.087277008683972,14,5,78.0
1.0,CM_ATP5_38.0084Hz_Re,Re_scalar,38.0084,1,19,10,45.13553702602916,13.089017091482017,11.927708378546885,52.1719592121562,36.092391643944815,0.9921224013549294,14.522736721943057,1.4200096840438017,13,6,141.0
1.0,CM_ATP5_38.0084Hz_pair,complex_frequency_pair,38.0084,2,19,10,22.883807667875516,6.757921400726703,5.490994988702674,27.108136774372813,16.684382560238888,0.996978633674737,9.598852368171023,7.751105374799117,18,1,1.0
1.0,CM_ATP5_4.0083Hz_Im,Im_scalar,4.0083,1,19,10,46.466216709747556,13.348746561532717,15.221892041302771,58.19367958955653,29.1287793471321,0.9955341466767675,15.165835934900244,1.1602802139931006,11,8,152.0
1.0,CM_ATP5_4.0083Hz_Re,Re_scalar,4.0083,1,19,10,47.49193341557969,13.622938147577246,13.367212080626757,56.5897557139639,35.2494596136465,0.9933906241634646,15.064798548800411,0.8860886279485719,12,7,185.0
1.0,CM_ATP5_4.0083Hz_pair,complex_frequency_pair,4.0083,2,19,10,41.154365894389244,11.642796365641932,12.472896569078523,49.851959120665335,29.06748301364571,0.9957054360656619,13.71463936751756,2.8662304098838867,15,4,109.0
1.0,CM_ATP5_4.5083Hz_Im,Im_scalar,4.5083,1,19,10,47.473093421447544,13.593505800067634,15.59379215629089,59.16351779576677,30.487188831764445,0.9953816651241403,15.349952761956247,0.915520975458185,11,8,181.0
1.0,CM_ATP5_4.5083Hz_Re,Re_scalar,4.5083,1,19,10,47.2558521194956,13.600643239327194,13.411834808645235,57.99359837009388,32.48077423795138,0.9956654483896387,15.076100611858806,0.9083835361986242,14,5,184.0
1.0,CM_ATP5_4.5083Hz_pair,complex_frequency_pair,4.5083,2,19,10,48.14037221885426,13.730211870886256,15.821878933317244,59.59164076749254,32.23627878527651,0.9962121077372315,15.353292782104294,0.7788149046395637,13,6,192.0
1.0,CM_ATP5_40.0084Hz_Im,Im_scalar,40.0084,1,19,10,32.47227912202666,9.394394623118004,7.6844951382537925,41.64302433718473,18.039744736328966,0.9937348585229079,11.891917100511805,5.114632152407815,15,4,60.0
1.0,CM_ATP5_40.0084Hz_Re,Re_scalar,40.0084,1,19,10,44.94847198576551,13.047965452640911,11.835939032829394,51.81524364243836,36.13486837450128,0.9919492857005722,14.483399758917685,1.4610613228849085,13,6,140.0
1.0,CM_ATP5_40.0084Hz_pair,complex_frequency_pair,40.0084,2,19,10,22.963401067137013,6.789646602871987,5.437677465351306,27.22228761910755,16.737090766717497,0.996985592440083,9.614807904556306,7.719380172653832,18,1,3.0
1.0,CM_ATP5_45.0084Hz_Im,Im_scalar,45.0084,1,19,10,32.56448838808047,9.436069860261322,7.757141462824474,41.67635074573039,18.269132797819253,0.9936573000594112,11.92658570837302,5.0729569152644975,15,4,81.0
1.0,CM_ATP5_45.0084Hz_Re,Re_scalar,45.0084,1,19,10,44.48338826794727,12.932193132684041,11.93387481196317,51.00171436434585,36.1538997954404,0.9915990923816521,14.380214141672004,1.5768336428417769,14,5,139.0
1.0,CM_ATP5_45.0084Hz_pair,complex_frequency_pair,45.0084,2,19,10,23.23330535873298,6.88120825506621,5.28528328118471,27.5222446717656,17.007909370023654,0.996992272286675,9.672495787608195,7.627818520459608,18,1,8.0
1.0,CM_ATP5_48.0084Hz_Im,Im_scalar,48.0084,1,19,10,32.45979017861167,9.41548104157006,7.745640827337945,41.46920463287806,18.378142293427,0.9935592243729844,11.908335972016692,5.093545733955762,16,3,75.0
1.0,CM_ATP5_48.0084Hz_Re,Re_scalar,48.0084,1,19,10,44.32801787052436,12.89287409105984,11.796688281324634,50.731557350182946,36.15174426664635,0.9914634521059852,14.351187546227962,1.6161526844659793,14,5,138.0
1.0,CM_ATP5_48.0084Hz_pair,complex_frequency_pair,48.0084,2,19,10,23.282838590783786,6.903226016347492,5.385818365043716,27.584018428728147,17.01616559243445,0.9970017994643963,9.698220689113533,7.605800759178327,18,1,10.0
1.0,CM_ATP5_5.0083Hz_Im,Im_scalar,5.0083,1,19,10,46.7565192706485,13.408289865353849,15.991034164522267,58.48588238221219,29.607476556907038,0.9956101079607002,15.17877929626258,1.1007369101719697,11,8,160.0
1.0,CM_ATP5_5.0083Hz_Re,Re_scalar,5.0083,1,19,10,46.988474461424126,13.53456214823768,13.29209301811675,57.77575915017533,32.12371548982788,0.9956780284820891,15.075466238821347,0.9744646272881388,15,4,176.0
1.0,CM_ATP5_5.0083Hz_pair,complex_frequency_pair,5.0083,2,19,10,47.15835400547688,13.466475832904306,15.577386288755962,58.39222952748021,31.511270366960687,0.9962557388719517,15.17722271104551,1.042550942621513,13,6,169.0
1.0,CM_ATP5_5.5083Hz_Im,Im_scalar,5.5083,1,19,10,46.86545891822835,13.442971976962284,15.690092325420304,58.658445996232764,29.66281532876387,0.995870197195156,15.210243174534643,1.0660547985635342,11,8,165.0
1.0,CM_ATP5_5.5083Hz_Re,Re_scalar,5.5083,1,19,10,46.70470881461823,13.43219662698979,13.22578662657366,57.66471202062002,31.54392826664365,0.9959159182186665,15.029441300212685,1.0768301485360294,14,5,164.0
1.0,CM_ATP5_5.5083Hz_pair,complex_frequency_pair,5.5083,2,19,10,47.5119800955466,13.59754616424232,16.120524011075425,59.093404792922925,31.256382590117315,0.996485721376147,15.305626934834457,0.9114806112834998,11,8,183.0
1.0,CM_ATP5_51.0084Hz_Im,Im_scalar,51.0084,1,19,10,32.38092573247991,9.399277234198818,7.660752922715721,41.338440249130656,18.455383274715224,0.9934839232059705,11.894898424267348,5.109749541327001,16,3,61.0
1.0,CM_ATP5_51.0084Hz_Re,Re_scalar,51.0084,1,19,10,44.17819924618965,12.862292413334412,11.710129755214432,50.45114575320138,36.16916223116666,0.9912832698668099,14.330118762370722,1.6467343621914057,14,5,136.0
1.0,CM_ATP5_51.0084Hz_pair,complex_frequency_pair,51.0084,2,19,10,23.298131035787712,6.912087037954154,5.43074839321511,27.609441734517734,17.028441719865263,0.9969953487421718,9.71179445793529,7.596939737571664,18,1,11.0
1.0,CM_ATP5_54.0084Hz_Im,Im_scalar,54.0084,1,19,10,32.40176085902308,9.408778099293169,7.775781325648707,41.334362259821,18.523126517374074,0.9934477339910522,11.90927685565099,5.10024867623265,16,3,71.0
1.0,CM_ATP5_54.0084Hz_Re,Re_scalar,54.0084,1,19,10,43.91965214875675,12.800082620072985,11.498720544463106,50.006226404264716,36.16395889303693,0.9911209787584244,14.273725520787576,1.708944155452834,14,5,134.0
1.0,CM_ATP5_54.0084Hz_pair,complex_frequency_pair,54.0084,2,19,10,23.44275985710731,6.960853497718495,5.502681961275121,27.807532316780883,17.107946668596504,0.997002246201966,9.731059774620912,7.548173277807325,18,1,13.0
1.0,CM_ATP5_57.0084Hz_Im,Im_scalar,57.0084,1,19,10,32.37898667567869,9.413217782178316,7.4260600626196025,41.25954398782098,18.601231592657268,0.9934086858364473,11.913478879530336,5.095808993347502,15,4,73.0
1.0,CM_ATP5_57.0084Hz_Re,Re_scalar,57.0084,1,19,10,43.85948351555507,12.783339286248053,11.51453902465985,49.909634374769226,36.143245800348346,0.9910466374779325,14.270202051524617,1.7256874892777663,13,6,133.0
1.0,CM_ATP5_57.0084Hz_pair,complex_frequency_pair,57.0084,2,19,10,23.4602517547099,6.9689662547218605,5.488841308809709,27.849620394736395,17.076017635452295,0.9970268916480202,9.757340041324431,7.5400605208039595,18,1,14.0
1.0,CM_ATP5_6.0083Hz_Im,Im_scalar,6.0083,1,19,10,47.97090925690885,13.729637401648619,15.23488288459689,59.4554380304415,31.507093156309086,0.9954471925877377,15.464479137143467,0.7793893738771992,12,7,191.0
1.0,CM_ATP5_6.0083Hz_Re,Re_scalar,6.0083,1,19,10,46.442465511881906,13.365999832509063,13.035934898598823,57.56531365307167,30.91880602864062,0.9960510385362674,14.987582708119595,1.1430269430167561,14,5,154.0
1.0,CM_ATP5_6.0083Hz_pair,complex_frequency_pair,6.0083,2,19,10,49.01136469802686,14.080983417139402,16.229076118744153,61.01811847006147,32.11362286765547,0.996442275458783,15.754589701730582,0.4280433583864182,10,9,204.0
1.0,CM_ATP5_6.5083Hz_Im,Im_scalar,6.5083,1,19,10,47.61961295431797,13.65726824678859,15.320653196944992,59.346070508271985,30.68609826076648,0.9958028082598102,15.362287533767415,0.8517585287372281,11,8,190.0
1.0,CM_ATP5_6.5083Hz_Re,Re_scalar,6.5083,1,19,10,46.118480142553345,13.2651931860136,13.106054279622644,57.46474328092521,30.172177483476002,0.9963031951599327,14.913345663049915,1.2438335895122192,13,6,147.0
1.0,CM_ATP5_6.5083Hz_pair,complex_frequency_pair,6.5083,2,19,10,48.610488529383176,13.988418394567894,15.712478269906233,60.82872609094925,31.215926236889818,0.9966396593683989,15.65125816588449,0.5206083809579258,10,9,197.0
1.0,CM_ATP5_65.0084Hz_Im,Im_scalar,65.0084,1,19,10,32.216306676165026,9.381963206335156,7.50533265212203,40.87348779902247,18.916491639111378,0.993209231839546,11.889347180619241,5.127063569190664,15,4,53.0
1.0,CM_ATP5_65.0084Hz_Re,Re_scalar,65.0084,1,19,10,43.53513426839195,12.693276111156502,11.347589257833784,49.37626506178895,36.08829791077314,0.990778136386632,14.207114305111357,1.8157506643693175,13,6,132.0
1.0,CM_ATP5_65.0084Hz_pair,complex_frequency_pair,65.0084,2,19,10,23.58689614439043,7.006034942687858,5.568317519692608,27.99152921021259,17.181469536988804,0.9970122516944601,9.797146201635082,7.502991832837961,18,1,17.0
1.0,CM_ATP5_7.0083Hz_Im,Im_scalar,7.0083,1,19,10,48.98668258878224,14.063813830906563,15.527244387286544,60.17341765489961,33.16553491861189,0.9951253460137541,15.732995938475653,0.44521294461925665,10,9,203.0
1.0,CM_ATP5_7.0083Hz_Re,Re_scalar,7.0083,1,19,10,46.43106045952537,13.34824683478805,13.166761280719475,57.635541824432664,30.780513740419373,0.9961422804913888,14.98101304033752,1.160779940737769,13,6,151.0
1.0,CM_ATP5_7.0083Hz_pair,complex_frequency_pair,7.0083,2,19,10,48.48692079202035,14.001880117000095,14.129331529848827,60.21870443211385,31.92759461790282,0.9964499325946451,15.712697135685582,0.5071466585257247,10,9,198.0
1.0,CM_ATP5_7.5083Hz_Im,Im_scalar,7.5083,1,19,10,49.15209615779632,14.1127032655572,14.916790005523033,60.01172066086706,33.95347050287096,0.9948990884413821,15.735029177491189,0.39632350996861926,10,9,205.0
1.0,CM_ATP5_7.5083Hz_Re,Re_scalar,7.5083,1,19,10,46.666846018482616,13.404518352713527,13.283456282134777,57.77700701334744,31.230593209617602,0.9960905618070712,15.020918783216848,1.104508422812292,12,7,159.0
1.0,CM_ATP5_7.5083Hz_pair,complex_frequency_pair,7.5083,2,19,10,47.6079376546856,13.760799906308355,12.822791738499951,58.88067387946145,31.792027452142765,0.9963723656644417,15.468577083034829,0.7482268692174638,13,6,194.0
1.0,CM_ATP5_70.0084Hz_Im,Im_scalar,70.0084,1,19,10,32.05133182566473,9.34007965378097,7.606140751773237,40.488704740124284,19.21662746819783,0.9930423851406287,11.85511175661945,5.168947121744849,15,4,49.0
1.0,CM_ATP5_70.0084Hz_Re,Re_scalar,70.0084,1,19,10,43.32885837698885,12.641349959015606,11.266032998342578,49.036022297210344,36.04498212756584,0.9906153799636584,14.178328238550932,1.867676816510213,13,6,131.0
1.0,CM_ATP5_70.0084Hz_pair,complex_frequency_pair,70.0084,2,19,10,23.749711307114488,7.049251599625756,5.386300973590332,28.17376230733757,17.29143266669304,0.9970066933355989,9.833620025988864,7.459775175900061,18,1,18.0
1.0,CM_ATP5_75.0084Hz_Im,Im_scalar,75.0084,1,19,10,32.264938373249386,9.404279720553049,7.566515011667146,40.794655098705356,19.30181667443803,0.9930590860497379,11.913719115679154,5.10474705497277,15,4,65.0
1.0,CM_ATP5_75.0084Hz_Re,Re_scalar,75.0084,1,19,10,43.0670637124385,12.570842408791487,11.105875011265551,48.61950643022728,35.98413904621525,0.9904552412229432,14.127148107399758,1.9381843667343315,13,6,130.0
1.0,CM_ATP5_75.0084Hz_pair,complex_frequency_pair,75.0084,2,19,10,23.955990681800746,7.115647246916793,5.375481095277024,28.442942836501317,17.444910523186447,0.9970061240478271,9.885247371936812,7.393379528609026,18,1,19.0
1.0,CM_ATP5_8.0083Hz_Im,Im_scalar,8.0083,1,19,10,49.73839555994601,14.324575019683385,14.09082330707942,60.284567820266254,35.07621698503297,0.993974616206067,15.99412978515465,0.1844517558424342,9,10,210.0
1.0,CM_ATP5_8.0083Hz_Re,Re_scalar,8.0083,1,19,10,46.60258536436007,13.39131877739032,13.573371416851343,57.811157538075435,30.94756806357609,0.9962817656654175,15.016485700202464,1.1177079981354996,12,7,156.0
1.0,CM_ATP5_8.0083Hz_pair,complex_frequency_pair,8.0083,2,19,10,45.258809165632464,13.092377472254885,14.668098727577139,56.0365178841226,29.999748990197748,0.9964562197872758,14.94748165285907,1.4166493032709346,14,5,142.0
1.0,CM_ATP5_8.5083Hz_Im,Im_scalar,8.5083,1,19,10,48.64217675327996,14.017792716078203,13.55915334436066,58.42439036265553,35.33125571805374,0.9940027529263202,15.59264665636267,0.4912340594476174,8,11,200.0
1.0,CM_ATP5_8.5083Hz_Re,Re_scalar,8.5083,1,19,10,46.46014282322526,13.350206652842251,13.647670334379624,57.68446745372597,30.755112160741234,0.9963317260106306,14.983921937324034,1.1588201226835675,13,6,153.0
1.0,CM_ATP5_8.5083Hz_pair,complex_frequency_pair,8.5083,2,19,10,40.67418539476373,11.789611358328164,12.371960511022978,49.81194792964039,27.828604660116945,0.99639299752128,13.818983359829527,2.7194154171976557,16,3,114.0
1.0,CM_ATP5_80.0084Hz_Im,Im_scalar,80.0084,1,19,10,32.255188981816694,9.401105075642015,7.5804306211807395,40.75141988098491,19.382705862572056,0.9930049430447891,11.914934020805546,5.107921699883804,15,4,64.0
1.0,CM_ATP5_80.0084Hz_Re,Re_scalar,80.0084,1,19,10,42.855150957752414,12.509368028351656,11.07494899003399,48.294090614170216,35.90802201467517,0.9903160166142877,14.090461090275364,1.9996587471741636,13,6,129.0
1.0,CM_ATP5_80.0084Hz_pair,complex_frequency_pair,80.0084,2,19,10,24.052510552306277,7.146206327193382,5.309078161424274,28.571808318129683,17.482697889667644,0.9969819310132593,9.924332046521508,7.362820448332437,18,1,20.0
1.0,CM_ATP5_85.0084Hz_Im,Im_scalar,85.0084,1,19,10,32.29411582235504,9.416310168735867,7.621496458124511,40.71104399244412,19.59188533993941,0.9929197220147623,11.930370214699913,5.092716606789952,15,4,76.0
1.0,CM_ATP5_85.0084Hz_Re,Re_scalar,85.0084,1,19,10,42.627808994551444,12.45378105196639,11.02814151653837,47.921028039720646,35.85912490427391,0.9901664258141004,14.050495633505863,2.055245723559429,13,6,128.0
1.0,CM_ATP5_85.0084Hz_pair,complex_frequency_pair,85.0084,2,19,10,24.237019895455283,7.202098887329118,5.335958675963787,28.78256078225366,17.651037810858597,0.9969525881869135,9.955929773568212,7.306927888196701,18,1,23.0
1.0,CM_ATP5_9.0083Hz_Im,Im_scalar,9.0083,1,19,10,48.662063749116875,14.011407098085263,13.971099615983206,58.18973624696387,35.74722533002152,0.9933599831873539,15.640915470218541,0.4976196774405553,10,9,199.0
1.0,CM_ATP5_9.0083Hz_Re,Re_scalar,9.0083,1,19,10,46.62402316900241,13.396874778308296,13.407429748386427,57.82840994703082,30.979493494152788,0.9962754874366521,15.019931010919242,1.1121519972175218,12,7,157.0
1.0,CM_ATP5_9.0083Hz_pair,complex_frequency_pair,9.0083,2,19,10,40.2552816874119,11.628477464949956,11.880170144469762,49.49621938089198,27.222330627799746,0.9964025093781954,13.791445856359587,2.880549310575864,14,5,107.0
1.0,CM_ATP5_9.5083Hz_Im,Im_scalar,9.5083,1,19,10,48.61041093207905,14.022762408421093,13.409890708621884,57.97735484379623,35.84830682390241,0.9930156885555579,15.694198576303046,0.48626436710472637,12,7,201.0
1.0,CM_ATP5_9.5083Hz_Re,Re_scalar,9.5083,1,19,10,46.62818729917196,13.385378035662852,13.686747641944802,57.918720199008284,30.824603044129905,0.9963749751652662,15.009475492696446,1.1236487398629667,12,7,155.0
1.0,CM_ATP5_9.5083Hz_pair,complex_frequency_pair,9.5083,2,19,10,38.83327723932229,11.248045008336508,10.90851315289319,47.800214662610365,26.12176666735211,0.9964698348152218,13.501735700532716,3.260981767189312,15,4,99.0
1.0,CM_ATP5_90.0084Hz_Im,Im_scalar,90.0084,1,19,10,32.150120542006384,9.374645130708707,7.641963799846323,40.44891858679676,19.69018648718511,0.9928314793760113,11.895976403085234,5.134381644817112,15,4,50.0
1.0,CM_ATP5_90.0084Hz_Re,Re_scalar,90.0084,1,19,10,42.34817836108045,12.373681495898083,10.938412529005845,47.50085599238816,35.76127097970766,0.9900282512383083,13.992312579534909,2.135345279627735,13,6,127.0
1.0,CM_ATP5_90.0084Hz_pair,complex_frequency_pair,90.0084,2,19,10,24.21578937312104,7.1909918239995445,5.363256085198191,28.743019374261262,17.650779011770602,0.9969476671053124,9.94740270536475,7.318034951526275,18,1,21.0
1.0,CM_ATP5_95.0084Hz_Im,Im_scalar,95.0084,1,19,10,32.36067412711442,9.43138199207908,7.576478971174373,40.77153943604854,19.714877536691848,0.9928511115777245,11.948855153867974,5.077644783446738,15,4,79.0
1.0,CM_ATP5_95.0084Hz_Re,Re_scalar,95.0084,1,19,10,42.18709813005827,12.329399029305023,10.913053587396497,47.25838224119099,35.69572405285536,0.9899237729543823,13.965642672537657,2.1796277462207967,13,6,126.0
1.0,CM_ATP5_95.0084Hz_pair,complex_frequency_pair,95.0084,2,19,10,24.424135273055363,7.261601878023695,5.453082815000508,29.01280970229905,17.78687472842098,0.9968820400128802,10.011331475243402,7.247424897502124,18,1,25.0
1.0,GROUP_ONLY,baseline_reference,,0,19,10,50.49874833623149,14.509026775525818,13.48054154399842,61.20937569831216,35.19571469501027,0.9895491598863719,16.038494933439274,0.0,0,0,211.0
1.0,stress_baseline_pCa4.8_ATP5,stress_scalar,,1,19,10,51.447854595039374,14.839743559639492,13.007581642462892,61.519716273385235,37.627003227248764,0.9896856140617217,16.32143432493691,-0.3307167841136744,15,4,214.0
