outer_fold,held_out_patient,selected_shared_channel,inner_equal_target_mean_loss,candidate_order
1,UPN1,pSYK,16.120189712117174,"[""pS6"",""p4EBP1"",""pSTAT5"",""pSYK"",""pPLCγ2"",""pAKT"",""pERK1/2"",""pIKAROS""]"
2,UPN2,pSYK,16.221943875887067,"[""pS6"",""p4EBP1"",""pSTAT5"",""pSYK"",""pPLCγ2"",""pAKT"",""pERK1/2"",""pIKAROS""]"
3,UPN3,pSYK,16.257290080627403,"[""pS6"",""p4EBP1"",""pSTAT5"",""pSYK"",""pPLCγ2"",""pAKT"",""pERK1/2"",""pIKAROS""]"
4,UPN4,pSYK,16.460316593683014,"[""pS6"",""p4EBP1"",""pSTAT5"",""pSYK"",""pPLCγ2"",""pAKT"",""pERK1/2"",""pIKAROS""]"
5,UPN5,pSYK,16.31411329966371,"[""pS6"",""p4EBP1"",""pSTAT5"",""pSYK"",""pPLCγ2"",""pAKT"",""pERK1/2"",""pIKAROS""]"
6,UPN6,pSYK,16.367101044202233,"[""pS6"",""p4EBP1"",""pSTAT5"",""pSYK"",""pPLCγ2"",""pAKT"",""pERK1/2"",""pIKAROS""]"
7,UPN7,pSYK,19.782556408523988,"[""pS6"",""p4EBP1"",""pSTAT5"",""pSYK"",""pPLCγ2"",""pAKT"",""pERK1/2"",""pIKAROS""]"
8,UPN8,pSYK,16.21330040833469,"[""pS6"",""p4EBP1"",""pSTAT5"",""pSYK"",""pPLCγ2"",""pAKT"",""pERK1/2"",""pIKAROS""]"
9,UPN9,pSYK,16.113383558688696,"[""pS6"",""p4EBP1"",""pSTAT5"",""pSYK"",""pPLCγ2"",""pAKT"",""pERK1/2"",""pIKAROS""]"
10,UPN11,pSYK,16.14432174543226,"[""pS6"",""p4EBP1"",""pSTAT5"",""pSYK"",""pPLCγ2"",""pAKT"",""pERK1/2"",""pIKAROS""]"
11,UPN12,pSYK,16.58640173041959,"[""pS6"",""p4EBP1"",""pSTAT5"",""pSYK"",""pPLCγ2"",""pAKT"",""pERK1/2"",""pIKAROS""]"
12,UPN13,pSYK,16.67540796387291,"[""pS6"",""p4EBP1"",""pSTAT5"",""pSYK"",""pPLCγ2"",""pAKT"",""pERK1/2"",""pIKAROS""]"
13,UPN14,pSYK,16.253496581659313,"[""pS6"",""p4EBP1"",""pSTAT5"",""pSYK"",""pPLCγ2"",""pAKT"",""pERK1/2"",""pIKAROS""]"
14,UPN15,pSYK,16.547195753007763,"[""pS6"",""p4EBP1"",""pSTAT5"",""pSYK"",""pPLCγ2"",""pAKT"",""pERK1/2"",""pIKAROS""]"
15,UPN16,pSYK,16.303717591577186,"[""pS6"",""p4EBP1"",""pSTAT5"",""pSYK"",""pPLCγ2"",""pAKT"",""pERK1/2"",""pIKAROS""]"
16,UPN17,pSYK,16.50193992514716,"[""pS6"",""p4EBP1"",""pSTAT5"",""pSYK"",""pPLCγ2"",""pAKT"",""pERK1/2"",""pIKAROS""]"
17,UPN18,pSYK,16.379173828968923,"[""pS6"",""p4EBP1"",""pSTAT5"",""pSYK"",""pPLCγ2"",""pAKT"",""pERK1/2"",""pIKAROS""]"
18,UPN19,pSYK,16.398102446730462,"[""pS6"",""p4EBP1"",""pSTAT5"",""pSYK"",""pPLCγ2"",""pAKT"",""pERK1/2"",""pIKAROS""]"
19,UPN20,pSYK,16.46934833713284,"[""pS6"",""p4EBP1"",""pSTAT5"",""pSYK"",""pPLCγ2"",""pAKT"",""pERK1/2"",""pIKAROS""]"
20,UPN21,pSYK,34.3003039441666,"[""pS6"",""p4EBP1"",""pSTAT5"",""pSYK"",""pPLCγ2"",""pAKT"",""pERK1/2"",""pIKAROS""]"
21,UPN23,pSYK,16.418999865840252,"[""pS6"",""p4EBP1"",""pSTAT5"",""pSYK"",""pPLCγ2"",""pAKT"",""pERK1/2"",""pIKAROS""]"
22,UPN24,pSYK,16.370854412008352,"[""pS6"",""p4EBP1"",""pSTAT5"",""pSYK"",""pPLCγ2"",""pAKT"",""pERK1/2"",""pIKAROS""]"
23,UPN25,pSYK,16.437300507340172,"[""pS6"",""p4EBP1"",""pSTAT5"",""pSYK"",""pPLCγ2"",""pAKT"",""pERK1/2"",""pIKAROS""]"
24,UPN26,pSYK,17.248682077434236,"[""pS6"",""p4EBP1"",""pSTAT5"",""pSYK"",""pPLCγ2"",""pAKT"",""pERK1/2"",""pIKAROS""]"
25,UPN27,pSYK,16.47520417257415,"[""pS6"",""p4EBP1"",""pSTAT5"",""pSYK"",""pPLCγ2"",""pAKT"",""pERK1/2"",""pIKAROS""]"
26,UPN28,pSYK,16.24263033084223,"[""pS6"",""p4EBP1"",""pSTAT5"",""pSYK"",""pPLCγ2"",""pAKT"",""pERK1/2"",""pIKAROS""]"
27,UPN29,pSYK,16.5600321095726,"[""pS6"",""p4EBP1"",""pSTAT5"",""pSYK"",""pPLCγ2"",""pAKT"",""pERK1/2"",""pIKAROS""]"
28,UPN30,pSYK,16.276580634829482,"[""pS6"",""p4EBP1"",""pSTAT5"",""pSYK"",""pPLCγ2"",""pAKT"",""pERK1/2"",""pIKAROS""]"
29,UPN31,pSYK,16.37756620481955,"[""pS6"",""p4EBP1"",""pSTAT5"",""pSYK"",""pPLCγ2"",""pAKT"",""pERK1/2"",""pIKAROS""]"
30,UPN47,pSYK,16.681791497183518,"[""pS6"",""p4EBP1"",""pSTAT5"",""pSYK"",""pPLCγ2"",""pAKT"",""pERK1/2"",""pIKAROS""]"
31,UPN48,pSYK,16.30764244684566,"[""pS6"",""p4EBP1"",""pSTAT5"",""pSYK"",""pPLCγ2"",""pAKT"",""pERK1/2"",""pIKAROS""]"
32,UPN49,pSYK,16.417864382591137,"[""pS6"",""p4EBP1"",""pSTAT5"",""pSYK"",""pPLCγ2"",""pAKT"",""pERK1/2"",""pIKAROS""]"
33,UPN50,pSYK,16.258817872956854,"[""pS6"",""p4EBP1"",""pSTAT5"",""pSYK"",""pPLCγ2"",""pAKT"",""pERK1/2"",""pIKAROS""]"
34,UPN51,pSYK,16.248344299555928,"[""pS6"",""p4EBP1"",""pSTAT5"",""pSYK"",""pPLCγ2"",""pAKT"",""pERK1/2"",""pIKAROS""]"
35,UPN52,pSYK,16.232776824153827,"[""pS6"",""p4EBP1"",""pSTAT5"",""pSYK"",""pPLCγ2"",""pAKT"",""pERK1/2"",""pIKAROS""]"
36,UPN53,pSYK,16.376645694241265,"[""pS6"",""p4EBP1"",""pSTAT5"",""pSYK"",""pPLCγ2"",""pAKT"",""pERK1/2"",""pIKAROS""]"
37,UPN54,pSYK,15.362958978310113,"[""pS6"",""p4EBP1"",""pSTAT5"",""pSYK"",""pPLCγ2"",""pAKT"",""pERK1/2"",""pIKAROS""]"
38,UPN55,pSYK,16.432628276215244,"[""pS6"",""p4EBP1"",""pSTAT5"",""pSYK"",""pPLCγ2"",""pAKT"",""pERK1/2"",""pIKAROS""]"
39,UPN56,pSYK,16.428386531947236,"[""pS6"",""p4EBP1"",""pSTAT5"",""pSYK"",""pPLCγ2"",""pAKT"",""pERK1/2"",""pIKAROS""]"
40,UPN57,pSYK,16.46657009310734,"[""pS6"",""p4EBP1"",""pSTAT5"",""pSYK"",""pPLCγ2"",""pAKT"",""pERK1/2"",""pIKAROS""]"
41,UPN58,pSYK,16.293958013897306,"[""pS6"",""p4EBP1"",""pSTAT5"",""pSYK"",""pPLCγ2"",""pAKT"",""pERK1/2"",""pIKAROS""]"
42,UPN67,pSYK,17.23247281038207,"[""pS6"",""p4EBP1"",""pSTAT5"",""pSYK"",""pPLCγ2"",""pAKT"",""pERK1/2"",""pIKAROS""]"
43,UPN68,pERK1/2,1.4187996727141436,"[""pS6"",""p4EBP1"",""pSTAT5"",""pSYK"",""pPLCγ2"",""pAKT"",""pERK1/2"",""pIKAROS""]"
44,UPN69,pSYK,21.787837201542022,"[""pS6"",""p4EBP1"",""pSTAT5"",""pSYK"",""pPLCγ2"",""pAKT"",""pERK1/2"",""pIKAROS""]"
