target,subset,n_preparations,support_width_metric,error_metric,pearson_r,spearman_rho,width_reduction_mean_pp,error_improvement_mean_pp,error_improvement_median_pp,positive_width_reduction_count,positive_error_improvement_count,co_improvement_count,interpretation
ATP1,all_preparations,20,baseline width - augmented width (percentage points),absolute_stress_error_improvement,-0.574022300947859,-0.22255639097744362,-4.687617715685925,3.906249184026251,-0.15952948575827897,8,10,3,descriptive only; preparation-to-patient linkage unavailable
ATP1,all_preparations,20,baseline width - augmented width (percentage points),CM_target_NRMSE_improvement,-0.15880652553590552,-0.29473684210526313,-4.687617715685925,3.4492895321199266,0.6493787163559404,8,12,4,descriptive only; preparation-to-patient linkage unavailable
ATP1,non-diabetic,10,baseline width - augmented width (percentage points),absolute_stress_error_improvement,-0.621296151557276,-0.3212121212121212,-3.8974726738127043,8.590334489870047,3.40550440894512,4,7,3,descriptive only; preparation-to-patient linkage unavailable
ATP1,non-diabetic,10,baseline width - augmented width (percentage points),CM_target_NRMSE_improvement,-0.14245564466727426,-0.23636363636363636,-3.8974726738127043,6.013698779720005,5.911985193392134,4,8,3,descriptive only; preparation-to-patient linkage unavailable
ATP1,diabetic,10,baseline width - augmented width (percentage points),absolute_stress_error_improvement,0.006737180837356264,-0.07878787878787878,-5.477762757559145,-0.7778361218175445,-0.9622314795355367,4,3,0,descriptive only; preparation-to-patient linkage unavailable
ATP1,diabetic,10,baseline width - augmented width (percentage points),CM_target_NRMSE_improvement,-0.488194894303237,-0.44242424242424244,-5.477762757559145,0.8848802845198488,-0.19708089232375947,4,4,1,descriptive only; preparation-to-patient linkage unavailable
Pi10,all_preparations,20,baseline width - augmented width (percentage points),absolute_stress_error_improvement,-0.6263730936475218,-0.524812030075188,-33.8214697766439,4.142027652805258,-4.323137381412323e-08,9,9,2,descriptive only; preparation-to-patient linkage unavailable
Pi10,all_preparations,20,baseline width - augmented width (percentage points),CM_target_NRMSE_improvement,0.05607106672228911,-0.0481203007518797,-33.8214697766439,3.495748964121466,0.001897772291705735,9,13,6,descriptive only; preparation-to-patient linkage unavailable
Pi10,non-diabetic,10,baseline width - augmented width (percentage points),absolute_stress_error_improvement,-0.9559259369018105,-0.7454545454545455,-4.759146971570089,1.278489550882585,-0.07186094223666273,7,4,2,descriptive only; preparation-to-patient linkage unavailable
Pi10,non-diabetic,10,baseline width - augmented width (percentage points),CM_target_NRMSE_improvement,-0.9268827415178448,-0.3575757575757576,-4.759146971570089,9.169515460512283,0.24419115407290093,7,8,5,descriptive only; preparation-to-patient linkage unavailable
Pi10,diabetic,10,baseline width - augmented width (percentage points),absolute_stress_error_improvement,-0.5696262417155186,-0.38181818181818183,-62.883792581717714,7.005565754727932,0.0009111798412462235,2,5,0,descriptive only; preparation-to-patient linkage unavailable
Pi10,diabetic,10,baseline width - augmented width (percentage points),CM_target_NRMSE_improvement,0.3052319001847974,0.030303030303030304,-62.883792581717714,-2.178017532269351,-0.0005921877004624321,2,5,1,descriptive only; preparation-to-patient linkage unavailable
