partition_id,is_natural_partition,primary_mean_standardized_absolute_error,median_unit_standardized_absolute_error,rank_lower_is_better,paired_risk_difference_vs_natural,n_scored_cells,n_scored_units,natural_rank_denominator,matched_partitions_lower_count,matched_partitions_lower_fraction,matched_partitions_equal_within_1e-12_count,matched_partitions_equal_within_1e-12_fraction,matched_partitions_higher_count,matched_partitions_higher_fraction,natural_minus_best_risk,natural_minus_median_partition_risk,natural_minus_worst_risk
RLC1_2X2_001,0,0.98164416738693749,0.88316847314902025,9,0.11818258969334361,42,7,,,,,,,,,,
RLC1_2X2_002,0,1.0033750228937361,0.88316847314902025,11,0.13991344520014226,42,7,,,,,,,,,,
RLC1_2X2_003,0,0.87788295663881621,0.88316847314902025,3,0.01442137894522233,42,7,,,,,,,,,,
RLC1_2X2_004,0,0.95050109091988289,0.94956007195609748,7,0.087039513226289,42,7,,,,,,,,,,
RLC1_2X2_005,0,0.98623666079444339,1.057423463002056,10,0.1227750831008495,42,7,,,,,,,,,,
RLC1_2X2_006,0,0.92155152041690636,1.0513920089811097,4,0.058089942723312471,42,7,,,,,,,,,,
RLC1_2X2_007,0,0.96466217478210681,0.80118021435276621,8,0.10120059708851292,42,7,,,,,,,,,,
RLC1_2X2_008,1,0.86346157769359388,0.80169392376156312,1,0,42,7,15,0,0,1,0.066666666666666666,14,0.93333333333333335,0,-0.10120059708851292,-0.18347903988029013
RLC1_2X2_009,0,0.92426850357097645,0.86674009360221571,5,0.060806925877382567,42,7,,,,,,,,,,
RLC1_2X2_010,0,1.0038365506899889,0.87539161868962401,12,0.14037497299639501,42,7,,,,,,,,,,
RLC1_2X2_011,0,0.86690038372691536,0.74909570372432066,2,0.0034388060333214732,42,7,,,,,,,,,,
RLC1_2X2_012,0,0.94171202397206011,0.87539161868962401,6,0.078250446278466224,42,7,,,,,,,,,,
RLC1_2X2_013,0,1.0443800039142757,1.0318970767905045,14,0.18091842622068177,42,7,,,,,,,,,,
RLC1_2X2_014,0,1.0329359032061218,1.0035570286924334,13,0.16947432551252795,42,7,,,,,,,,,,
RLC1_2X2_015,0,1.046940617573884,1.0425613648214027,15,0.18347903988029013,42,7,,,,,,,,,,
