partition_id,system,universe,block_count,block_size,block_1_targets,block_2_targets,block_3_targets,is_natural_partition,canonical_signature
RADBILL_4X4_001,Radbill,all_unlabeled_4+4_partitions_of_8_targets,2,4,110_DTend_QT|110_DTend_PP|120_DTend_QT|120_DTend_PP,130first_DTend_QT|130first_DTend_PP|130last_DTend_QT|130last_DTend_PP,,0,"0,1,2,3;4,5,6,7"
RADBILL_4X4_002,Radbill,all_unlabeled_4+4_partitions_of_8_targets,2,4,110_DTend_QT|110_DTend_PP|120_DTend_QT|130first_DTend_QT,120_DTend_PP|130first_DTend_PP|130last_DTend_QT|130last_DTend_PP,,0,"0,1,2,4;3,5,6,7"
RADBILL_4X4_003,Radbill,all_unlabeled_4+4_partitions_of_8_targets,2,4,110_DTend_QT|110_DTend_PP|120_DTend_QT|130first_DTend_PP,120_DTend_PP|130first_DTend_QT|130last_DTend_QT|130last_DTend_PP,,0,"0,1,2,5;3,4,6,7"
RADBILL_4X4_004,Radbill,all_unlabeled_4+4_partitions_of_8_targets,2,4,110_DTend_QT|110_DTend_PP|120_DTend_QT|130last_DTend_QT,120_DTend_PP|130first_DTend_QT|130first_DTend_PP|130last_DTend_PP,,0,"0,1,2,6;3,4,5,7"
RADBILL_4X4_005,Radbill,all_unlabeled_4+4_partitions_of_8_targets,2,4,110_DTend_QT|110_DTend_PP|120_DTend_QT|130last_DTend_PP,120_DTend_PP|130first_DTend_QT|130first_DTend_PP|130last_DTend_QT,,0,"0,1,2,7;3,4,5,6"
RADBILL_4X4_006,Radbill,all_unlabeled_4+4_partitions_of_8_targets,2,4,110_DTend_QT|110_DTend_PP|120_DTend_PP|130first_DTend_QT,120_DTend_QT|130first_DTend_PP|130last_DTend_QT|130last_DTend_PP,,0,"0,1,3,4;2,5,6,7"
RADBILL_4X4_007,Radbill,all_unlabeled_4+4_partitions_of_8_targets,2,4,110_DTend_QT|110_DTend_PP|120_DTend_PP|130first_DTend_PP,120_DTend_QT|130first_DTend_QT|130last_DTend_QT|130last_DTend_PP,,0,"0,1,3,5;2,4,6,7"
RADBILL_4X4_008,Radbill,all_unlabeled_4+4_partitions_of_8_targets,2,4,110_DTend_QT|110_DTend_PP|120_DTend_PP|130last_DTend_QT,120_DTend_QT|130first_DTend_QT|130first_DTend_PP|130last_DTend_PP,,0,"0,1,3,6;2,4,5,7"
RADBILL_4X4_009,Radbill,all_unlabeled_4+4_partitions_of_8_targets,2,4,110_DTend_QT|110_DTend_PP|120_DTend_PP|130last_DTend_PP,120_DTend_QT|130first_DTend_QT|130first_DTend_PP|130last_DTend_QT,,0,"0,1,3,7;2,4,5,6"
RADBILL_4X4_010,Radbill,all_unlabeled_4+4_partitions_of_8_targets,2,4,110_DTend_QT|110_DTend_PP|130first_DTend_QT|130first_DTend_PP,120_DTend_QT|120_DTend_PP|130last_DTend_QT|130last_DTend_PP,,0,"0,1,4,5;2,3,6,7"
RADBILL_4X4_011,Radbill,all_unlabeled_4+4_partitions_of_8_targets,2,4,110_DTend_QT|110_DTend_PP|130first_DTend_QT|130last_DTend_QT,120_DTend_QT|120_DTend_PP|130first_DTend_PP|130last_DTend_PP,,0,"0,1,4,6;2,3,5,7"
RADBILL_4X4_012,Radbill,all_unlabeled_4+4_partitions_of_8_targets,2,4,110_DTend_QT|110_DTend_PP|130first_DTend_QT|130last_DTend_PP,120_DTend_QT|120_DTend_PP|130first_DTend_PP|130last_DTend_QT,,0,"0,1,4,7;2,3,5,6"
RADBILL_4X4_013,Radbill,all_unlabeled_4+4_partitions_of_8_targets,2,4,110_DTend_QT|110_DTend_PP|130first_DTend_PP|130last_DTend_QT,120_DTend_QT|120_DTend_PP|130first_DTend_QT|130last_DTend_PP,,0,"0,1,5,6;2,3,4,7"
RADBILL_4X4_014,Radbill,all_unlabeled_4+4_partitions_of_8_targets,2,4,110_DTend_QT|110_DTend_PP|130first_DTend_PP|130last_DTend_PP,120_DTend_QT|120_DTend_PP|130first_DTend_QT|130last_DTend_QT,,0,"0,1,5,7;2,3,4,6"
RADBILL_4X4_015,Radbill,all_unlabeled_4+4_partitions_of_8_targets,2,4,110_DTend_QT|110_DTend_PP|130last_DTend_QT|130last_DTend_PP,120_DTend_QT|120_DTend_PP|130first_DTend_QT|130first_DTend_PP,,0,"0,1,6,7;2,3,4,5"
RADBILL_4X4_016,Radbill,all_unlabeled_4+4_partitions_of_8_targets,2,4,110_DTend_QT|120_DTend_QT|120_DTend_PP|130first_DTend_QT,110_DTend_PP|130first_DTend_PP|130last_DTend_QT|130last_DTend_PP,,0,"0,2,3,4;1,5,6,7"
RADBILL_4X4_017,Radbill,all_unlabeled_4+4_partitions_of_8_targets,2,4,110_DTend_QT|120_DTend_QT|120_DTend_PP|130first_DTend_PP,110_DTend_PP|130first_DTend_QT|130last_DTend_QT|130last_DTend_PP,,0,"0,2,3,5;1,4,6,7"
RADBILL_4X4_018,Radbill,all_unlabeled_4+4_partitions_of_8_targets,2,4,110_DTend_QT|120_DTend_QT|120_DTend_PP|130last_DTend_QT,110_DTend_PP|130first_DTend_QT|130first_DTend_PP|130last_DTend_PP,,0,"0,2,3,6;1,4,5,7"
RADBILL_4X4_019,Radbill,all_unlabeled_4+4_partitions_of_8_targets,2,4,110_DTend_QT|120_DTend_QT|120_DTend_PP|130last_DTend_PP,110_DTend_PP|130first_DTend_QT|130first_DTend_PP|130last_DTend_QT,,0,"0,2,3,7;1,4,5,6"
RADBILL_4X4_020,Radbill,all_unlabeled_4+4_partitions_of_8_targets,2,4,110_DTend_QT|120_DTend_QT|130first_DTend_QT|130first_DTend_PP,110_DTend_PP|120_DTend_PP|130last_DTend_QT|130last_DTend_PP,,0,"0,2,4,5;1,3,6,7"
RADBILL_4X4_021,Radbill,all_unlabeled_4+4_partitions_of_8_targets,2,4,110_DTend_QT|120_DTend_QT|130first_DTend_QT|130last_DTend_QT,110_DTend_PP|120_DTend_PP|130first_DTend_PP|130last_DTend_PP,,1,"0,2,4,6;1,3,5,7"
RADBILL_4X4_022,Radbill,all_unlabeled_4+4_partitions_of_8_targets,2,4,110_DTend_QT|120_DTend_QT|130first_DTend_QT|130last_DTend_PP,110_DTend_PP|120_DTend_PP|130first_DTend_PP|130last_DTend_QT,,0,"0,2,4,7;1,3,5,6"
RADBILL_4X4_023,Radbill,all_unlabeled_4+4_partitions_of_8_targets,2,4,110_DTend_QT|120_DTend_QT|130first_DTend_PP|130last_DTend_QT,110_DTend_PP|120_DTend_PP|130first_DTend_QT|130last_DTend_PP,,0,"0,2,5,6;1,3,4,7"
RADBILL_4X4_024,Radbill,all_unlabeled_4+4_partitions_of_8_targets,2,4,110_DTend_QT|120_DTend_QT|130first_DTend_PP|130last_DTend_PP,110_DTend_PP|120_DTend_PP|130first_DTend_QT|130last_DTend_QT,,0,"0,2,5,7;1,3,4,6"
RADBILL_4X4_025,Radbill,all_unlabeled_4+4_partitions_of_8_targets,2,4,110_DTend_QT|120_DTend_QT|130last_DTend_QT|130last_DTend_PP,110_DTend_PP|120_DTend_PP|130first_DTend_QT|130first_DTend_PP,,0,"0,2,6,7;1,3,4,5"
RADBILL_4X4_026,Radbill,all_unlabeled_4+4_partitions_of_8_targets,2,4,110_DTend_QT|120_DTend_PP|130first_DTend_QT|130first_DTend_PP,110_DTend_PP|120_DTend_QT|130last_DTend_QT|130last_DTend_PP,,0,"0,3,4,5;1,2,6,7"
RADBILL_4X4_027,Radbill,all_unlabeled_4+4_partitions_of_8_targets,2,4,110_DTend_QT|120_DTend_PP|130first_DTend_QT|130last_DTend_QT,110_DTend_PP|120_DTend_QT|130first_DTend_PP|130last_DTend_PP,,0,"0,3,4,6;1,2,5,7"
RADBILL_4X4_028,Radbill,all_unlabeled_4+4_partitions_of_8_targets,2,4,110_DTend_QT|120_DTend_PP|130first_DTend_QT|130last_DTend_PP,110_DTend_PP|120_DTend_QT|130first_DTend_PP|130last_DTend_QT,,0,"0,3,4,7;1,2,5,6"
RADBILL_4X4_029,Radbill,all_unlabeled_4+4_partitions_of_8_targets,2,4,110_DTend_QT|120_DTend_PP|130first_DTend_PP|130last_DTend_QT,110_DTend_PP|120_DTend_QT|130first_DTend_QT|130last_DTend_PP,,0,"0,3,5,6;1,2,4,7"
RADBILL_4X4_030,Radbill,all_unlabeled_4+4_partitions_of_8_targets,2,4,110_DTend_QT|120_DTend_PP|130first_DTend_PP|130last_DTend_PP,110_DTend_PP|120_DTend_QT|130first_DTend_QT|130last_DTend_QT,,0,"0,3,5,7;1,2,4,6"
RADBILL_4X4_031,Radbill,all_unlabeled_4+4_partitions_of_8_targets,2,4,110_DTend_QT|120_DTend_PP|130last_DTend_QT|130last_DTend_PP,110_DTend_PP|120_DTend_QT|130first_DTend_QT|130first_DTend_PP,,0,"0,3,6,7;1,2,4,5"
RADBILL_4X4_032,Radbill,all_unlabeled_4+4_partitions_of_8_targets,2,4,110_DTend_QT|130first_DTend_QT|130first_DTend_PP|130last_DTend_QT,110_DTend_PP|120_DTend_QT|120_DTend_PP|130last_DTend_PP,,0,"0,4,5,6;1,2,3,7"
RADBILL_4X4_033,Radbill,all_unlabeled_4+4_partitions_of_8_targets,2,4,110_DTend_QT|130first_DTend_QT|130first_DTend_PP|130last_DTend_PP,110_DTend_PP|120_DTend_QT|120_DTend_PP|130last_DTend_QT,,0,"0,4,5,7;1,2,3,6"
RADBILL_4X4_034,Radbill,all_unlabeled_4+4_partitions_of_8_targets,2,4,110_DTend_QT|130first_DTend_QT|130last_DTend_QT|130last_DTend_PP,110_DTend_PP|120_DTend_QT|120_DTend_PP|130first_DTend_PP,,0,"0,4,6,7;1,2,3,5"
RADBILL_4X4_035,Radbill,all_unlabeled_4+4_partitions_of_8_targets,2,4,110_DTend_QT|130first_DTend_PP|130last_DTend_QT|130last_DTend_PP,110_DTend_PP|120_DTend_QT|120_DTend_PP|130first_DTend_QT,,0,"0,5,6,7;1,2,3,4"
