heldout_target_ATP_mM,model,outer_training_targets_mM,rmse_pp,mae_pp,spearman_rank_correlation,kendall_rank_correlation,observed_best_frequency_Hz,predicted_best_frequency_Hz,best_frequency_error_log10_Hz,observed_best_band,predicted_best_band,best_band_hit,top24_set_jaccard,predicted_best_gain_observed_pp,oracle_gain_observed_pp,regret_pp,oracle_retention_fraction,coefficient_vector
0.05,Y0_frequency_only,0.1;0.25;0.5;1;2.5,3.819388772644191,3.6695526484718832,0.817576693034922,0.6823161189358372,2.0083,185.0083,1.9643626242689274,low,high,False,0.6,1.6901654518182156,1.870322482315398,0.18015703049718246,0.9036759531040048,5.11492272263;1.65272862563;-0.623158671463
0.05,Y1_target_only,0.1;0.25;0.5;1;2.5,1.2920580285729313,1.1818849636585678,,,2.0083,0.5083,0.5967084785575517,low,low,True,0.02127659574468085,-1.5536706787547865,1.870322482315398,3.4239931610701846,-0.8306966811581032,4.20325734481;2.21341218166;-0.450082340145
0.05,Y2_additive,0.1;0.25;0.5;1;2.5,1.5480666482079444,0.8710403566860714,0.817576693034922,0.6823161189358372,2.0083,185.0083,1.9643626242689274,low,high,False,0.6,1.6901654518182156,1.870322482315398,0.18015703049718246,0.9036759531040048,4.82641601627;2.21341218166;-0.450082340145;1.65272862563;-0.623158671463
0.05,Y3_interaction,0.1;0.25;0.5;1;2.5,1.1822672380097667,1.003882291215061,0.3934658177374751,0.2981220657276995,2.0083,36.0084,1.2535752360655206,low,mid,False,0.17073170731707318,1.5382799320871468,1.870322482315398,0.33204255022825135,0.8224677544285339,4.82641601627;2.21341218166;-0.450082340145;1.43162615362;-0.623158671463;0.764328492462
0.1,Y0_frequency_only,0.05;0.25;0.5;1;2.5,2.8206896122173273,2.6995131941640156,0.6017107209466847,0.3630672926447574,34.0084,225.0087,0.8206131104327234,mid,high,False,0.17073170731707318,2.2935835002855955,2.753807464711188,0.4602239644255923,0.8328772180614815,4.89056195296;1.64979622246;-0.566245547378
0.1,Y1_target_only,0.05;0.25;0.5;1;2.5,1.2787974083132068,0.8066329914073881,,,34.0084,0.5083,1.8254660903712518,mid,low,False,0.02127659574468085,-1.5051444894059647,2.753807464711188,4.258951954117153,-0.5465685269190815,4.23559740388;1.93132583795;-0.260521844406
0.1,Y2_additive,0.05;0.25;0.5;1;2.5,1.2276274520764727,0.9718671451955103,0.6017107209466847,0.3630672926447574,34.0084,225.0087,0.8206131104327234,mid,high,False,0.17073170731707318,2.2935835002855955,2.753807464711188,0.4602239644255923,0.8328772180614815,4.80184295126;1.93132583795;-0.260521844406;1.64979622246;-0.566245547378
0.1,Y3_interaction,0.05;0.25;0.5;1;2.5,0.837187044717806,0.6807917466730095,0.7663836902694707,0.609546165884194,34.0084,80.0084,0.3715493854447074,mid,high,False,0.4117647058823529,2.4869882703874095,2.753807464711188,0.2668191943237783,0.9031089871957473,4.80184295126;1.93132583795;-0.260521844406;1.52627401429;-0.566245547378;0.668484070366
0.25,Y0_frequency_only,0.05;0.1;0.5;1;2.5,1.0664492372893577,0.8514277179003651,0.5533474821531932,0.285602503912363,38.0084,235.0087,0.7912043521645278,mid,high,False,0.14285714285714285,4.488134820581496,5.305933986501979,0.8177991659204835,0.8458708366894646,4.44949534206;1.5723344519;-0.52438527831
0.25,Y1_target_only,0.05;0.1;0.5;1;2.5,1.8002685353001593,1.5310597423221084,,,38.0084,0.5083,1.8737594782430342,mid,low,False,0.0,-1.2867248509768057,5.305933986501979,6.592658837478785,-0.2425067583294792,4.09660083991;2.01077812877;-0.22308643255
0.25,Y2_additive,0.05;0.1;0.5;1;2.5,1.0557818914508628,0.8433973446282438,0.5533474821531932,0.285602503912363,38.0084,235.0087,0.7912043521645278,mid,high,False,0.14285714285714285,4.488134820581496,5.305933986501979,0.8177991659204835,0.8458708366894646,4.62098611822;2.01077812877;-0.22308643255;1.5723344519;-0.52438527831
0.25,Y3_interaction,0.05;0.1;0.5;1;2.5,1.004518990248052,0.7732235387686512,0.560872081805904,0.31611893583724565,38.0084,175.0083,0.6631790582189621,mid,high,False,0.14285714285714285,4.594404017310163,5.305933986501979,0.7115299691918162,0.8658992043621516,4.62098611822;2.01077812877;-0.22308643255;1.54023278544;-0.52438527831;0.688259203849
0.5,Y0_frequency_only,0.05;0.1;0.25;1;2.5,1.7123930184850185,1.5430429310916445,0.5919994854974598,0.32629107981220656,38.0084,215.0087,0.752576445391024,mid,high,False,0.17073170731707318,6.1077900093723745,6.913137940982087,0.8053479316097123,0.8835047212300665,4.20972002789;1.46863576892;-0.506646093516
0.5,Y1_target_only,0.05;0.1;0.25;1;2.5,2.3991652518683897,2.1443294672526902,,,38.0084,0.5083,1.8737594782430342,mid,low,False,0.0,-1.0835784448487915,6.913137940982087,7.9967163858308785,-0.15674190998347956,4.05764701031;1.99484840941;-0.202119273611
0.5,Y2_additive,0.05;0.1;0.25;1;2.5,1.2968638565374424,1.017370909229223,0.5919994854974598,0.32629107981220656,38.0084,215.0087,0.752576445391024,mid,high,False,0.17073170731707318,6.1077900093723745,6.913137940982087,0.8053479316097123,0.8835047212300665,4.56429310382;1.99484840941;-0.202119273611;1.46863576892;-0.506646093516
0.5,Y3_interaction,0.05;0.1;0.25;1;2.5,1.2658873398445225,1.0096463011715044,0.5914528265483312,0.3200312989045383,38.0084,245.0087,0.809301918030668,mid,high,False,0.17073170731707318,6.015635257257488,6.913137940982087,0.897502683724599,0.8701743417552726,4.56429310382;1.99484840941;-0.202119273611;1.50873051152;-0.506646093516;0.693016995498
1.0,Y0_frequency_only,0.05;0.1;0.25;0.5;2.5,2.6044733145092995,2.392348610539132,0.6412309473278025,0.3896713615023474,38.0084,195.0083,0.7101735083782557,mid,high,False,0.2,7.304300352561084,8.020928526313842,0.716628173752758,0.9106552101291324,4.05547301395;1.37894152119;-0.50072029696
1.0,Y1_target_only,0.05;0.1;0.25;0.5;2.5,2.8481744782213014,2.52836614702168,,,38.0084,0.5083,1.8737594782430342,mid,low,False,0.0,-0.9314233810896155,8.020928526313842,8.952351907403457,-0.11612413426125709,4.14757160245;2.01078096155;-0.249355403127
1.0,Y2_additive,0.05;0.1;0.25;0.5;2.5,1.6309690946500575,1.2747682909161175,0.6412309473278025,0.3896713615023474,38.0084,195.0083,0.7101735083782557,mid,high,False,0.2,7.304300352561084,8.020928526313842,0.716628173752758,0.9106552101291324,4.64829189941;2.01078096155;-0.249355403127;1.37894152119;-0.50072029696
1.0,Y3_interaction,0.05;0.1;0.25;0.5;2.5,1.412907593509374,1.1008269044589336,0.6379188372242589,0.3708920187793427,38.0084,245.0087,0.809301918030668,mid,high,False,0.2,7.173777626915634,8.020928526313842,0.8471508993982075,0.8943824400605237,4.64829189941;2.01078096155;-0.249355403127;1.48782041087;-0.50072029696;0.670632533501
2.5,Y0_frequency_only,0.05;0.1;0.25;0.5;1,3.6984994347462155,3.36035548884921,0.690655347610779,0.4553990610328638,38.0084,185.0083,0.6873116245834447,mid,high,False,0.2631578947368421,8.604293758975647,9.227687259496502,0.6233935005208551,0.9324431482136218,3.85385819216;1.31951819676;-0.493566032159
2.5,Y1_target_only,0.05;0.1;0.25;0.5;1,3.1361122894749207,2.710092163622644,,,38.0084,0.5083,1.8737594782430342,mid,low,False,0.0,-0.5983074015293246,9.227687259496502,9.825994661025828,-0.0648382833860768,4.11119736159;2.07969767032;-0.168298660354
2.5,Y2_additive,0.05;0.1;0.25;0.5;1,1.88238803602903,1.4837541658367428,0.690655347610779,0.4553990610328638,38.0084,185.0083,0.6873116245834447,mid,high,False,0.2631578947368421,8.604293758975647,9.227687259496502,0.6233935005208551,0.9324431482136218,4.60476339375;2.07969767032;-0.168298660354;1.31951819676;-0.493566032159
2.5,Y3_interaction,0.05;0.1;0.25;0.5;1,1.4490887030308846,1.1702660017748276,0.6850922888931765,0.42723004694835676,38.0084,245.0087,0.809301918030668,mid,high,False,0.2631578947368421,8.41687412810165,9.227687259496502,0.8108131313948519,0.9121325735697838,4.60476339375;2.07969767032;-0.168298660354;1.53508060608;-0.493566032159;0.71736897134
