outer_heldout_target_ATP_mM,model,inner_LOTO_mean_RMSE_pp,selected_for_fold
0.05,Y0_frequency_only,2.33497468338865,False
0.05,Y1_target_only,2.292896215349953,False
0.05,Y2_additive,1.4374245951019051,False
0.05,Y3_interaction,1.1958212748119055,True
0.1,Y0_frequency_only,2.5634349719005423,False
0.1,Y1_target_only,2.2300322062756126,False
0.1,Y2_additive,1.4470167682136874,False
0.1,Y3_interaction,1.1914720063446276,True
0.25,Y0_frequency_only,3.0276530358607414,False
0.25,Y1_target_only,2.2038846735425315,False
0.25,Y2_additive,1.565387908252657,False
0.25,Y3_interaction,1.2590423036117286,True
0.5,Y0_frequency_only,2.883798294565904,False
0.5,Y1_target_only,2.069923038972647,False
0.5,Y2_additive,1.4904278850832218,False
0.5,Y3_interaction,1.1819680161941968,True
1.0,Y0_frequency_only,2.680398469348372,False
1.0,Y1_target_only,2.108897221014666,False
1.0,Y2_additive,1.5712067564220618,False
1.0,Y3_interaction,1.362467900888928,True
2.5,Y0_frequency_only,2.447217377326085,False
2.5,Y1_target_only,1.9846842843455637,False
2.5,Y2_additive,1.4071386650612112,False
2.5,Y3_interaction,1.235032178430472,True
