system_id,resolution_id,n_outer_folds_selected,n_outer_folds_total,frequency_all_outer_folds,n_scored_outer_units_selected,n_scored_outer_units,frequency_scored_outer_units,status
RLC1_RAT,SHARED,2,7,0.2857142857142857,2,7,0.2857142857142857,PASS
RLC1_RAT,FAMILY,3,7,0.42857142857142855,3,7,0.42857142857142855,PASS
RLC1_RAT,EXACT,2,7,0.2857142857142857,2,7,0.2857142857142857,PASS
RADBILL_HUMAN_PACING,SHARED,0,17,0.0,0,17,0.0,PASS
RADBILL_HUMAN_PACING,FAMILY,2,17,0.11764705882352941,2,17,0.11764705882352941,PASS
RADBILL_HUMAN_PACING,EXACT,15,17,0.8823529411764706,15,17,0.8823529411764706,PASS
TANNER_RAT_TRABECULA,SHARED,3,7,0.42857142857142855,3,7,0.42857142857142855,PASS
TANNER_RAT_TRABECULA,EXACT,4,7,0.5714285714285714,4,7,0.5714285714285714,PASS
AWINDA_MOUSE,SHARED,1,10,0.1,1,10,0.1,PASS
AWINDA_MOUSE,EXACT,9,10,0.9,9,10,0.9,PASS
