target,target_family,target_rate,candidate,mean_inner_CV_standardized_MAE,mean_rank,C2_selected_outer_folds,modal_C2_winner,modal_winner_folds,primary_outer_n
110_DTend_QT,QT,110 bpm,DTend_QT,0.238295635115,1,19,DTend_QT,19,17
110_DTend_QT,QT,110 bpm,DT5_QT,0.373915888192,2,0,DTend_QT,19,17
110_DTend_QT,QT,110 bpm,DTend_PP,0.909532485389,3,0,DTend_QT,19,17
110_DTend_QT,QT,110 bpm,DT5_PP,0.947772581133,4,0,DTend_QT,19,17
110_DTend_PP,PP,110 bpm,DTend_PP,0.4512453264,1,19,DTend_PP,19,18
110_DTend_PP,PP,110 bpm,DT5_PP,0.583164398477,2,0,DTend_PP,19,18
110_DTend_PP,PP,110 bpm,DT5_QT,0.921427433985,3,0,DTend_PP,19,18
110_DTend_PP,PP,110 bpm,DTend_QT,0.922342955988,4,0,DTend_PP,19,18
120_DTend_QT,QT,120 bpm,DT5_QT,0.527407769388,1,15,DT5_QT,15,15
120_DTend_QT,QT,120 bpm,DTend_QT,0.543859249187,2,4,DT5_QT,15,15
120_DTend_QT,QT,120 bpm,DT5_PP,0.685001884234,3,0,DT5_QT,15,15
120_DTend_QT,QT,120 bpm,DTend_PP,0.817859547229,4,0,DT5_QT,15,15
120_DTend_PP,PP,120 bpm,DTend_PP,0.415027653475,1,17,DTend_PP,17,17
120_DTend_PP,PP,120 bpm,DT5_PP,0.4713612308,2,2,DTend_PP,17,17
120_DTend_PP,PP,120 bpm,DT5_QT,0.974974822973,3,0,DTend_PP,17,17
120_DTend_PP,PP,120 bpm,DTend_QT,0.978625659799,4,0,DTend_PP,17,17
130first_DTend_QT,QT,130 first,DTend_QT,0.424749793322,1,17,DTend_QT,17,17
130first_DTend_QT,QT,130 first,DT5_QT,0.448886306692,2,2,DTend_QT,17,17
130first_DTend_QT,QT,130 first,DT5_PP,0.857383413223,3,0,DTend_QT,17,17
130first_DTend_QT,QT,130 first,DTend_PP,0.873805789735,4,0,DTend_QT,17,17
130first_DTend_PP,PP,130 first,DT5_PP,0.58830046329,1,19,DT5_PP,19,17
130first_DTend_PP,PP,130 first,DTend_PP,0.695273048869,2,0,DT5_PP,19,17
130first_DTend_PP,PP,130 first,DT5_QT,0.958771743724,3,0,DT5_PP,19,17
130first_DTend_PP,PP,130 first,DTend_QT,0.970515752602,4,0,DT5_PP,19,17
130last_DTend_QT,QT,130 last,DT5_QT,0.510060935756,1,12,DT5_QT,12,15
130last_DTend_QT,QT,130 last,DTend_QT,0.512569105667,2,7,DT5_QT,12,15
130last_DTend_QT,QT,130 last,DT5_PP,0.738227594232,3,0,DT5_QT,12,15
130last_DTend_QT,QT,130 last,DTend_PP,0.862004840318,4,0,DT5_QT,12,15
130last_DTend_PP,PP,130 last,DT5_PP,0.688798722852,1,17,DT5_PP,17,16
130last_DTend_PP,PP,130 last,DTend_PP,0.735041559134,2,2,DT5_PP,17,16
130last_DTend_PP,PP,130 last,DTend_QT,0.917608699758,3,0,DT5_PP,17,16
130last_DTend_PP,PP,130 last,DT5_QT,0.927005199155,4,0,DT5_PP,17,16
