dataset,version,doi,exact_filename,download_url,bytes,sha256,md5,license,public_input,original_file_in_release
Awinda mouse mechanics,Figshare v1,10.6084/m9.figshare.27200079.v1,Noise_analysis_ABC_GWN_WithFits_DQ1_ReFits_2020_08_04_Ver_2024.xlsx,https://ndownloader.figshare.com/files/49733052,105299,49096e8d1aaeb1fe962f05f78f90cfd0761bff6529c6e71fcefeeea8b1b05682,6e7b0c8b3c0bdc51f4dcdac6548bab03,CC BY 4.0,data/derived/awinda_source/; analysis/03_awinda/,No
Awinda mouse mechanics,Figshare v1,10.6084/m9.figshare.27200079.v1,Transgenic_mice_Fiber_Tensions_with_Fits_DQ1_2019_09_06.xlsx,https://ndownloader.figshare.com/files/49732494,75711,23fb20607469434a6a8215bcdc8a306368dd4433d3b25baf7a7a8fd6bb199bb9,7a251ada8f1d3e324712778d69e87b16,CC BY 4.0,data/derived/awinda_source/; analysis/03_awinda/,No
Awinda mouse mechanics,Figshare v1,10.6084/m9.figshare.27200079.v1,WT_RLC_N47K_Control_Mavacamten_XLD_GWN_DQ1_2019_09_09.xlsx,https://ndownloader.figshare.com/files/49732545,4412967,4a6b50d11829e0920cd46df09885c0eeaa1e4ba43ef4f2127780e51f62ff2c91,ee1855882305cbc45b3e8120364dcdb8,CC BY 4.0,data/derived/awinda_source/; analysis/03_awinda/,No
Regulatory-light-chain inhibitor,Figshare v3,10.6084/m9.figshare.24354289.v3,RLC-1_Fig6.xlsx,https://ndownloader.figshare.com/files/46186848,628669,77e1b8b3a59e90138e5bc9335706b61a33aab1103804ad9a882058bad56e857e,7d048608de07bb251b98ed2c203964bf,CC BY 4.0,analysis/05_rlc1/input/RLC1_CANONICAL_DATA.csv,No
Tanner trabeculae,Figshare v1,10.6084/m9.figshare.24796689.v1,tanner et al PLOSone_data.xlsx,https://ndownloader.figshare.com/files/43612779,5631944,cc044e77ebab3722148f830ce33ef00c4a3b9a46b2f686b1f3a3283eaff117aa,23d4ce44c6c027ea1e14c58b80cd4cba,CC BY 4.0,analysis/07_tanner/input/TANNER_CANONICAL_SUBJECT_LEVEL_DATA.csv,No
Human atrial experiments,Figshare v1,10.6084/m9.figshare.28180337.v1,Human atrial data.zip,https://ndownloader.figshare.com/files/51622616,52079,97482ff8aabb7edb2951161975816f73ef7d6fcb2ae39925812510d5e93e54b0,7621de828a6d27959e2cc3f68f9a6a60,CC BY 4.0,analysis/08_boundaries/preparation_support/input/,No
Radbill pacing,Dryad v3,10.5061/dryad.cjsxksn4k,HCM_pacing_study_data_Dryad.xlsx,https://datadryad.org/api/v2/files/676231/download,49066,d0d9bc28bb2155fb86ad51d5b305827df45aa6bfcf345710ac5da9b0983608ac,45a836964ee584b7beb88b52154d74de,CC0 1.0,analysis/06_radbill/input/RADBILL_CANONICAL_DATA.csv,No
Radbill pacing,Dryad v3,10.5061/dryad.cjsxksn4k,HCMpacingstudydatadryadreadme.txt,https://datadryad.org/api/v2/files/676230/download,6861,e6ba36924160a3600e6af56c1f14cb6547e0dc3c72041e9072a206157cfbb88a,96c0e4b5c7e9cc115effb5d4afff0037,CC0 1.0,analysis/06_radbill/input/RADBILL_CANONICAL_DATA.csv,No
Published human model,b22e5bef970adb95b7dc413979d8cd1c2ca482b3,,ave_human_fitting_data.mat,https://github.com/JuliaMusgrave/AtrialModel_2025_Human/tree/b22e5bef970adb95b7dc413979d8cd1c2ca482b3,6228,6f6cdc5e09e4abf880ab33d68446cc9e2dc28cbff8b20aa26f9af85921e9f9f9,c049a2e4be510b1e57be7df2cccda48d,Apache 2.0,data/third_party/human_model/ave_human_fitting_data.mat,Yes; upstream license retained
Published human model,b22e5bef970adb95b7dc413979d8cd1c2ca482b3,,LICENSE,https://github.com/JuliaMusgrave/AtrialModel_2025_Human/tree/b22e5bef970adb95b7dc413979d8cd1c2ca482b3,10951,3703539da8d1372a1ec683a34e08b4a1469e6b01e49bccf4464bead760d23bb9,c2c8ea962d46d206cb791b95938ede1a,Apache 2.0,data/third_party/human_model/LICENSE,Yes; upstream license retained
Published human model,b22e5bef970adb95b7dc413979d8cd1c2ca482b3,,ND_xb_fit.mat,https://github.com/JuliaMusgrave/AtrialModel_2025_Human/tree/b22e5bef970adb95b7dc413979d8cd1c2ca482b3,479,6404f7fe4203747ed50cdd862fa78a7dc02a257b5f06dc6b546da4090eebb33b,143f59116f4ef8a621f223a843becd6d,Apache 2.0,data/third_party/human_model/ND_xb_fit.mat,Yes; upstream license retained
Published human model,b22e5bef970adb95b7dc413979d8cd1c2ca482b3,,XBmodel_2024_linear_perms.m,https://github.com/JuliaMusgrave/AtrialModel_2025_Human/tree/b22e5bef970adb95b7dc413979d8cd1c2ca482b3,5820,a8f761fbf453b4d0311476249e93b0b254c38129c5ffe474a045c45b04cf693c,ccf55862ff39145312dfe2e69b57d311,Apache 2.0,data/third_party/human_model/XBmodel_2024_linear_perms.m,Yes; upstream license retained
