heldout_rat,target,candidate,inner_cv_standardized_mae_for_target,C1_mean_inner_mae_across_6_targets,C1_selected_global_this_fold,C2_selected_for_this_target,C3_full_data_oracle_selected_for_this_target
Rat_01,3uM_PeakTension,1uM_PeakTension,0.965779622067,1.22728537074,0,1,1
Rat_01,3uM_PeakTension,1uM_TTP,1.40175976394,0.835636183033,1,0,0
Rat_01,3uM_PeakTension,1uM_RT50,1.43047695026,0.866093254322,0,0,0
Rat_01,3uM_TTP,1uM_PeakTension,1.44143914937,1.22728537074,0,0,0
Rat_01,3uM_TTP,1uM_TTP,0.618723079106,0.835636183033,1,1,1
Rat_01,3uM_TTP,1uM_RT50,0.876005281601,0.866093254322,0,0,0
Rat_01,3uM_RT50,1uM_PeakTension,1.31817023224,1.22728537074,0,0,0
Rat_01,3uM_RT50,1uM_TTP,0.394949963152,0.835636183033,1,1,0
Rat_01,3uM_RT50,1uM_RT50,0.420370390716,0.866093254322,0,0,1
Rat_01,10uM_PeakTension,1uM_PeakTension,1.07031903844,1.22728537074,0,1,1
Rat_01,10uM_PeakTension,1uM_TTP,1.31879040734,0.835636183033,1,0,0
Rat_01,10uM_PeakTension,1uM_RT50,1.36604685866,0.866093254322,0,0,0
Rat_01,10uM_TTP,1uM_PeakTension,1.36893241934,1.22728537074,0,0,0
Rat_01,10uM_TTP,1uM_TTP,0.641078453055,0.835636183033,1,1,0
Rat_01,10uM_TTP,1uM_RT50,0.657875881405,0.866093254322,0,0,1
Rat_01,10uM_RT50,1uM_PeakTension,1.19907176299,1.22728537074,0,0,0
Rat_01,10uM_RT50,1uM_TTP,0.638515431596,0.835636183033,1,0,0
Rat_01,10uM_RT50,1uM_RT50,0.445784163283,0.866093254322,0,1,1
Rat_02,3uM_PeakTension,1uM_PeakTension,1.06377656568,1.3947349039,0,1,1
Rat_02,3uM_PeakTension,1uM_TTP,1.44150031537,1.37029595308,0,0,0
Rat_02,3uM_PeakTension,1uM_RT50,2.3561285868,1.19108627219,1,0,0
Rat_02,3uM_TTP,1uM_PeakTension,1.87384340278,1.3947349039,0,0,0
Rat_02,3uM_TTP,1uM_TTP,1.53624957984,1.37029595308,0,1,1
Rat_02,3uM_TTP,1uM_RT50,1.77125496381,1.19108627219,1,0,0
Rat_02,3uM_RT50,1uM_PeakTension,1.62548641739,1.3947349039,0,0,0
Rat_02,3uM_RT50,1uM_TTP,2.19519361787,1.37029595308,0,0,0
Rat_02,3uM_RT50,1uM_RT50,1.25318713456,1.19108627219,1,1,1
Rat_02,10uM_PeakTension,1uM_PeakTension,1.09345236584,1.3947349039,0,0,1
Rat_02,10uM_PeakTension,1uM_TTP,0.505523343488,1.37029595308,0,1,0
Rat_02,10uM_PeakTension,1uM_RT50,0.714023002207,1.19108627219,1,0,0
Rat_02,10uM_TTP,1uM_PeakTension,1.45649394307,1.3947349039,0,0,0
Rat_02,10uM_TTP,1uM_TTP,1.39802991265,1.37029595308,0,0,0
Rat_02,10uM_TTP,1uM_RT50,0.316108895516,1.19108627219,1,1,1
Rat_02,10uM_RT50,1uM_PeakTension,1.25535672863,1.3947349039,0,0,0
Rat_02,10uM_RT50,1uM_TTP,1.14527894927,1.37029595308,0,0,0
Rat_02,10uM_RT50,1uM_RT50,0.735815050257,1.19108627219,1,1,1
Rat_03,3uM_PeakTension,1uM_PeakTension,0.894194303589,1.26802668867,0,1,1
Rat_03,3uM_PeakTension,1uM_TTP,1.38929762115,0.918314547909,0,0,0
Rat_03,3uM_PeakTension,1uM_RT50,1.39876246742,0.909500688029,1,0,0
Rat_03,3uM_TTP,1uM_PeakTension,1.49306376028,1.26802668867,0,0,0
Rat_03,3uM_TTP,1uM_TTP,0.717991609442,0.918314547909,0,1,1
Rat_03,3uM_TTP,1uM_RT50,0.891620105344,0.909500688029,1,0,0
Rat_03,3uM_RT50,1uM_PeakTension,1.3281570136,1.26802668867,0,0,0
Rat_03,3uM_RT50,1uM_TTP,0.537210396462,0.918314547909,0,0,0
Rat_03,3uM_RT50,1uM_RT50,0.437581099107,0.909500688029,1,1,1
Rat_03,10uM_PeakTension,1uM_PeakTension,1.26122480015,1.26802668867,0,1,1
Rat_03,10uM_PeakTension,1uM_TTP,1.4829822917,0.918314547909,0,0,0
Rat_03,10uM_PeakTension,1uM_RT50,1.61527398182,0.909500688029,1,0,0
Rat_03,10uM_TTP,1uM_PeakTension,1.38495942147,1.26802668867,0,0,0
Rat_03,10uM_TTP,1uM_TTP,0.71592934071,0.918314547909,0,0,0
Rat_03,10uM_TTP,1uM_RT50,0.667906154102,0.909500688029,1,1,1
Rat_03,10uM_RT50,1uM_PeakTension,1.24656083295,1.26802668867,0,0,0
Rat_03,10uM_RT50,1uM_TTP,0.666476027988,0.918314547909,0,0,0
Rat_03,10uM_RT50,1uM_RT50,0.445860320377,0.909500688029,1,1,1
Rat_04,3uM_PeakTension,1uM_PeakTension,1.21340541722,1.00669240018,1,1,1
Rat_04,3uM_PeakTension,1uM_TTP,1.45298396104,1.35701085604,0,0,0
Rat_04,3uM_PeakTension,1uM_RT50,1.59724090267,1.1294574764,0,0,0
Rat_04,3uM_TTP,1uM_PeakTension,1.25572810212,1.00669240018,1,0,0
Rat_04,3uM_TTP,1uM_TTP,1.09819873866,1.35701085604,0,1,1
Rat_04,3uM_TTP,1uM_RT50,1.29499174476,1.1294574764,0,0,0
Rat_04,3uM_RT50,1uM_PeakTension,1.0106490654,1.00669240018,1,1,0
Rat_04,3uM_RT50,1uM_TTP,1.81028882298,1.35701085604,0,0,0
Rat_04,3uM_RT50,1uM_RT50,1.0781408532,1.1294574764,0,0,1
Rat_04,10uM_PeakTension,1uM_PeakTension,1.04829094139,1.00669240018,1,1,1
Rat_04,10uM_PeakTension,1uM_TTP,1.43271740539,1.35701085604,0,0,0
Rat_04,10uM_PeakTension,1uM_RT50,1.28137706668,1.1294574764,0,0,0
Rat_04,10uM_TTP,1uM_PeakTension,0.744238037145,1.00669240018,1,1,0
Rat_04,10uM_TTP,1uM_TTP,1.20718315271,1.35701085604,0,0,0
Rat_04,10uM_TTP,1uM_RT50,0.851977854812,1.1294574764,0,0,1
Rat_04,10uM_RT50,1uM_PeakTension,0.76784283783,1.00669240018,1,0,0
Rat_04,10uM_RT50,1uM_TTP,1.14069305545,1.35701085604,0,0,0
Rat_04,10uM_RT50,1uM_RT50,0.673016436265,1.1294574764,0,1,1
Rat_05,3uM_PeakTension,1uM_PeakTension,0.882120872676,1.12854728514,0,1,1
Rat_05,3uM_PeakTension,1uM_TTP,1.47762261689,0.926086241009,0,0,0
Rat_05,3uM_PeakTension,1uM_RT50,1.48766594944,0.917301762066,1,0,0
Rat_05,3uM_TTP,1uM_PeakTension,1.37660155792,1.12854728514,0,0,0
Rat_05,3uM_TTP,1uM_TTP,0.796215518342,0.926086241009,0,1,1
Rat_05,3uM_TTP,1uM_RT50,0.984604509546,0.917301762066,1,0,0
Rat_05,3uM_RT50,1uM_PeakTension,1.23157540243,1.12854728514,0,0,0
Rat_05,3uM_RT50,1uM_TTP,0.452927523978,0.926086241009,0,0,0
Rat_05,3uM_RT50,1uM_RT50,0.451405725966,0.917301762066,1,1,1
Rat_05,10uM_PeakTension,1uM_PeakTension,1.01200082405,1.12854728514,0,1,1
Rat_05,10uM_PeakTension,1uM_TTP,1.34949111214,0.926086241009,0,0,0
Rat_05,10uM_PeakTension,1uM_RT50,1.37740534284,0.917301762066,1,0,0
Rat_05,10uM_TTP,1uM_PeakTension,1.18621590386,1.12854728514,0,0,0
Rat_05,10uM_TTP,1uM_TTP,0.761489561285,0.926086241009,0,0,0
Rat_05,10uM_TTP,1uM_RT50,0.712864934175,0.917301762066,1,1,1
Rat_05,10uM_RT50,1uM_PeakTension,1.08276914992,1.12854728514,0,0,0
Rat_05,10uM_RT50,1uM_TTP,0.718771113416,0.926086241009,0,0,0
Rat_05,10uM_RT50,1uM_RT50,0.489864110421,0.917301762066,1,1,1
Rat_06,3uM_PeakTension,1uM_PeakTension,1.1448769534,1.34415225351,0,1,1
Rat_06,3uM_PeakTension,1uM_TTP,1.45804623454,0.803773902186,1,0,0
Rat_06,3uM_PeakTension,1uM_RT50,1.41309416902,0.804695155481,0,0,0
Rat_06,3uM_TTP,1uM_PeakTension,1.51034653149,1.34415225351,0,0,0
Rat_06,3uM_TTP,1uM_TTP,0.560021865049,0.803773902186,1,1,1
Rat_06,3uM_TTP,1uM_RT50,0.823588515802,0.804695155481,0,0,0
Rat_06,3uM_RT50,1uM_PeakTension,1.35225633505,1.34415225351,0,0,0
Rat_06,3uM_RT50,1uM_TTP,0.333728994115,0.803773902186,1,1,0
Rat_06,3uM_RT50,1uM_RT50,0.40089314251,0.804695155481,0,0,1
Rat_06,10uM_PeakTension,1uM_PeakTension,1.19403914356,1.34415225351,0,1,1
Rat_06,10uM_PeakTension,1uM_TTP,1.4733151817,0.803773902186,1,0,0
Rat_06,10uM_PeakTension,1uM_RT50,1.45259192499,0.804695155481,0,0,0
Rat_06,10uM_TTP,1uM_PeakTension,1.50183068985,1.34415225351,0,0,0
Rat_06,10uM_TTP,1uM_TTP,0.517878747723,0.803773902186,1,0,0
Rat_06,10uM_TTP,1uM_RT50,0.492320408722,0.804695155481,0,1,1
Rat_06,10uM_RT50,1uM_PeakTension,1.36156386773,1.34415225351,0,0,0
Rat_06,10uM_RT50,1uM_TTP,0.479652389995,0.803773902186,1,0,0
Rat_06,10uM_RT50,1uM_RT50,0.24568277184,0.804695155481,0,1,1
Rat_07,3uM_PeakTension,1uM_PeakTension,0.956429940025,1.20973778314,0,1,1
Rat_07,3uM_PeakTension,1uM_TTP,1.54190459115,0.895887748948,1,0,0
Rat_07,3uM_PeakTension,1uM_RT50,1.50735763368,0.89910742452,0,0,0
Rat_07,3uM_TTP,1uM_PeakTension,1.51567891377,1.20973778314,0,0,0
Rat_07,3uM_TTP,1uM_TTP,0.681042416019,0.895887748948,1,1,1
Rat_07,3uM_TTP,1uM_RT50,0.77085548033,0.89910742452,0,0,0
Rat_07,3uM_RT50,1uM_PeakTension,1.32705495606,1.20973778314,0,0,0
Rat_07,3uM_RT50,1uM_TTP,0.504709186393,0.895887748948,1,1,0
Rat_07,3uM_RT50,1uM_RT50,0.545006538625,0.89910742452,0,0,1
Rat_07,10uM_PeakTension,1uM_PeakTension,0.622755933799,1.20973778314,0,1,1
Rat_07,10uM_PeakTension,1uM_TTP,1.28174681072,0.895887748948,1,0,0
Rat_07,10uM_PeakTension,1uM_RT50,1.31756640757,0.89910742452,0,0,0
Rat_07,10uM_TTP,1uM_PeakTension,1.49745277634,1.20973778314,0,0,0
Rat_07,10uM_TTP,1uM_TTP,0.730708828697,0.895887748948,1,1,0
Rat_07,10uM_TTP,1uM_RT50,0.791066638523,0.89910742452,0,0,1
Rat_07,10uM_RT50,1uM_PeakTension,1.33905417887,1.20973778314,0,0,0
Rat_07,10uM_RT50,1uM_TTP,0.6352146607,0.895887748948,1,0,0
Rat_07,10uM_RT50,1uM_RT50,0.46279184839,0.89910742452,0,1,1
