heldout_mouse,spearman_rho_log_ATP_log_frequency,kendall_tau_b,monotonic_downward_transitions,nondecreasing_transitions,selected_Hz_ATP_0.05,selected_Hz_ATP_0.1,selected_Hz_ATP_0.25,selected_Hz_ATP_0.5,selected_Hz_ATP_1,selected_Hz_ATP_2.5
Mouse_328,0.9411239481143202,0.894427190999916,0,5,2.0083,2.0083,2.0083,22.0084,34.0084,38.0084
Mouse_331,0.9710083124552245,0.9309493362512627,0,5,2.0083,2.0083,13.0083,20.0084,20.0084,38.0084
Mouse_333,0.9258200997725515,0.8563488385776752,0,5,2.0083,2.0083,34.0084,34.0084,34.0084,38.0084
Mouse_394,0.9258200997725515,0.8563488385776752,0,5,2.0083,2.0083,2.0083,22.0084,38.0084,38.0084
Mouse_401,0.5217939320872036,0.41403933560541256,1,4,2.0083,34.0084,34.0084,22.0084,26.0084,38.0084
Mouse_460,0.9710083124552245,0.9309493362512627,0,5,2.0083,2.0083,28.0084,28.0084,34.0084,38.0084
Mouse_464,0.9258200997725515,0.8563488385776752,0,5,2.0083,2.0083,2.0083,34.0084,38.0084,38.0084
Mouse_467,0.9411239481143202,0.894427190999916,0,5,2.0083,2.0083,2.0083,22.0084,34.0084,38.0084
Mouse_469,0.9258200997725515,0.8563488385776752,0,5,2.0083,2.0083,40.0084,40.0084,40.0084,48.0084
Mouse_470,-0.057977103565244846,0.0,2,3,135.0083,24.0084,28.0084,26.0084,26.0084,38.0084
