source_id,path_or_member,byte_size,expected_sha256,observed_sha256,match,note
site_provenance_resume_prompt,C:\Users\Chose\Downloads\P2_V3_LUNA15_STANFORD_SITE_PROVENANCE_AMENDMENT_AND_RESUME_PROMPT_2026-10-06.md,4676,,ece0e03a48ccc76d1be1c71ad996cf656d484c5097af2dc7ec73f0c60d655416,True,User-authorized provenance amendment and resume instruction.
official_local_supplement_pdf,D:\ABI文件\个人论文\Cardiac_Prediction\01_Data\Good2018_source_docs\41591_2018_BFnm4505_MOESM1_ESM.pdf,8801601,b6c684236da084bb8594b9a37709d1463b716c6c8f81ca4f81967bb683e0054c,b6c684236da084bb8594b9a37709d1463b716c6c8f81ca4f81967bb683e0054c,True,Page 11 provenance wording was isolated and visually checked; see B2_SUPPLEMENTARY_SOURCE_ACCESS_SCOPE_NOTE.md for the initial locator deviation.
site_provenance_amendment,B2_STANFORD_SITE_PROVENANCE_AMENDMENT.md,2080,175f89c1a86cd71a34e29ea2981c2a23a61f40ed01eae7abe3040f3c644f60c2,175f89c1a86cd71a34e29ea2981c2a23a61f40ed01eae7abe3040f3c644f60c2,True,Amendment frozen before UPN90-UPN98 event-value decoding.
B1_training_summary,D:\ABI文件\个人论文\Cardiac_Prediction\P2_V3_ABT\B1_OUTCOME_EXECUTION_LUNA14_2026-10-06\B1_PATIENT_CONDITION_CHANNEL_SUMMARY.csv,232214,3f80d10910fca6ee67e824dd8c60d0649f62f87a8be369a8099af954ad932b7c,3f80d10910fca6ee67e824dd8c60d0649f62f87a8be369a8099af954ad932b7c,True,Frozen 44-patient B1 compact summary; training only.
B2_training_model_registry,B2_TRAINING_ONLY_MODEL_REGISTRY.json,16838,44e57958fa89a9621e51ebabf97d68cd404560e92938c2d771bd2529d039fa81,44e57958fa89a9621e51ebabf97d68cd404560e92938c2d771bd2529d039fa81,True,Hashed training-only state before Stanford decoding.
DDPR_source_wrapper_before_and_after_test_decode,D:\ABI文件\个人论文\Cardiac_Prediction\01_Data\doi_10_5061_dryad_pvmcvdnxc__v20250711.zip,5863254424,642d88e9f7920d1eb005c6172c2446958e52c3e341cc6efa7cec557a8fb0beff,642d88e9f7920d1eb005c6172c2446958e52c3e341cc6efa7cec557a8fb0beff,True,Wrapper hash unchanged before/after the 27-file decode.
prior_structural_hold_package,prior_hold/P2_V3_B2_STANFORD_TRANSPORT_LUNA15_2026-10-06_PREAMENDMENT_HOLD.zip,38245,564f49b927251511bd800b9330a320d57e48f5ad597e71b666ee1b0fe4135b75,564f49b927251511bd800b9330a320d57e48f5ad597e71b666ee1b0fe4135b75,True,Pre-amendment hold snapshot retained unchanged.
decoded_FCS_member,UPN90_Basal.fcs,31499495,485000dcbc71d6fcb8eb6fc84fbe65c51b280200acbb09392b96631a37e37dd8,485000dcbc71d6fcb8eb6fc84fbe65c51b280200acbb09392b96631a37e37dd8,True,FCS data hashed during authorized decode; only the 8 frozen channel columns were summarized.
decoded_FCS_member,UPN90_Dasatinib.fcs,33184913,2778f384f536c0b7c31b844394f4900b569c45010c2f9e2f50451bc340912896,2778f384f536c0b7c31b844394f4900b569c45010c2f9e2f50451bc340912896,True,FCS data hashed during authorized decode; only the 8 frozen channel columns were summarized.
decoded_FCS_member,UPN90_IL-7.fcs,33721712,7a275689e885e3fa7c28666ff2e92d9b16dc04b100c0f5c21c38095f477b9fce,7a275689e885e3fa7c28666ff2e92d9b16dc04b100c0f5c21c38095f477b9fce,True,FCS data hashed during authorized decode; only the 8 frozen channel columns were summarized.
decoded_FCS_member,UPN91_basal.fcs,25497013,6ee16ccdfe9cb25423ab55bc17091705c306c8ed4c4bc1bfc8333c1ab192de88,6ee16ccdfe9cb25423ab55bc17091705c306c8ed4c4bc1bfc8333c1ab192de88,True,FCS data hashed during authorized decode; only the 8 frozen channel columns were summarized.
decoded_FCS_member,UPN91_Dasatinib.fcs,26450930,9bc763c66a8b269966357f0d3d18020fcec4b96d565112fc3a8b01eac319367d,9bc763c66a8b269966357f0d3d18020fcec4b96d565112fc3a8b01eac319367d,True,FCS data hashed during authorized decode; only the 8 frozen channel columns were summarized.
decoded_FCS_member,UPN91_IL-7.fcs,27692166,d8e4aca6a10afd67e212518f9f4bb6885c52a00ce2fcb97ffb15ac12bb85d26a,d8e4aca6a10afd67e212518f9f4bb6885c52a00ce2fcb97ffb15ac12bb85d26a,True,FCS data hashed during authorized decode; only the 8 frozen channel columns were summarized.
decoded_FCS_member,UPN92_Basal.fcs,2583107,cd850ab9eeebd9beec3a5c846eee686cbc557bd2c6f90d613211be2fdb41ed53,cd850ab9eeebd9beec3a5c846eee686cbc557bd2c6f90d613211be2fdb41ed53,True,FCS data hashed during authorized decode; only the 8 frozen channel columns were summarized.
decoded_FCS_member,UPN92_Dasatinib.fcs,2337363,e24beb107416dca30631ea1f1cc68b90a076853ca11e025747f2fc83efcfdbe7,e24beb107416dca30631ea1f1cc68b90a076853ca11e025747f2fc83efcfdbe7,True,FCS data hashed during authorized decode; only the 8 frozen channel columns were summarized.
decoded_FCS_member,UPN92_IL-7.fcs,2749430,ee741746953ef53913502aaaae0ed1f57427383d3848fadafa4352112bc6f211,ee741746953ef53913502aaaae0ed1f57427383d3848fadafa4352112bc6f211,True,FCS data hashed during authorized decode; only the 8 frozen channel columns were summarized.
decoded_FCS_member,UPN93_Basal.fcs,8291697,f4a435bbba59f2c65ed7d740ac066cf117bc8cd7c5ff803bb8ca9c75a7223f9b,f4a435bbba59f2c65ed7d740ac066cf117bc8cd7c5ff803bb8ca9c75a7223f9b,True,FCS data hashed during authorized decode; only the 8 frozen channel columns were summarized.
decoded_FCS_member,UPN93_Dasatinib.fcs,10078885,f83cde563f71d48bab66722165ebb18c4a8a453fe35a8b48b95c08f91b027898,f83cde563f71d48bab66722165ebb18c4a8a453fe35a8b48b95c08f91b027898,True,FCS data hashed during authorized decode; only the 8 frozen channel columns were summarized.
decoded_FCS_member,UPN93_IL-7.fcs,9377537,d2d8a984cc96ca83659c1bba352e6221a8c61dcad70c062f3e5bef1be6c9c534,d2d8a984cc96ca83659c1bba352e6221a8c61dcad70c062f3e5bef1be6c9c534,True,FCS data hashed during authorized decode; only the 8 frozen channel columns were summarized.
decoded_FCS_member,UPN94_Basal.fcs,4012732,e4d9f61cef4ac141f8ed99888d9c4f4b897ae4ddc614d0230390a5203862add9,e4d9f61cef4ac141f8ed99888d9c4f4b897ae4ddc614d0230390a5203862add9,True,FCS data hashed during authorized decode; only the 8 frozen channel columns were summarized.
decoded_FCS_member,UPN94_Dasatinib.fcs,5345235,41ed81111502542f4985ce85325e0e015311fe21ed734f710108b919caa3d60a,41ed81111502542f4985ce85325e0e015311fe21ed734f710108b919caa3d60a,True,FCS data hashed during authorized decode; only the 8 frozen channel columns were summarized.
decoded_FCS_member,UPN94_IL-7.fcs,5295774,5498b1c6f74ba3a87ee5a800b7e75b0c184f2b6e193a616d5a67e96c1791f13b,5498b1c6f74ba3a87ee5a800b7e75b0c184f2b6e193a616d5a67e96c1791f13b,True,FCS data hashed during authorized decode; only the 8 frozen channel columns were summarized.
decoded_FCS_member,UPN95_Basal.fcs,406645,d5a25c0c2d4e62e709e1100b8a577eac40df695f524fd85ee4b16b981f95abe0,d5a25c0c2d4e62e709e1100b8a577eac40df695f524fd85ee4b16b981f95abe0,True,FCS data hashed during authorized decode; only the 8 frozen channel columns were summarized.
decoded_FCS_member,UPN95_Dasatinib.fcs,2596548,75038c6c8f20c8226a67c4b942d91f1bc6b9543e9775fdb94a0769674142518a,75038c6c8f20c8226a67c4b942d91f1bc6b9543e9775fdb94a0769674142518a,True,FCS data hashed during authorized decode; only the 8 frozen channel columns were summarized.
decoded_FCS_member,UPN95_IL-7.fcs,473960,0413ec1831444dd2914e31d23d6d633dcb376fcf80fcf39095032c2fdd90ed6e,0413ec1831444dd2914e31d23d6d633dcb376fcf80fcf39095032c2fdd90ed6e,True,FCS data hashed during authorized decode; only the 8 frozen channel columns were summarized.
decoded_FCS_member,UPN96_Basal.fcs,64697307,8dca7120fa8ce0cc5579a655a5995bfb413130c6d2fb1421307c345431bcd2cc,8dca7120fa8ce0cc5579a655a5995bfb413130c6d2fb1421307c345431bcd2cc,True,FCS data hashed during authorized decode; only the 8 frozen channel columns were summarized.
decoded_FCS_member,UPN96_Dasatinib.fcs,64688017,d16d6a31cd798d982efb4c66c9bedcbf5ac2f06814d4d846b7cc07ffbf899200,d16d6a31cd798d982efb4c66c9bedcbf5ac2f06814d4d846b7cc07ffbf899200,True,FCS data hashed during authorized decode; only the 8 frozen channel columns were summarized.
decoded_FCS_member,UPN96_IL-7.fcs,69753651,cc4c105ed0022d233926d4cec35feef40608a0022b7b16605243879d09828953,cc4c105ed0022d233926d4cec35feef40608a0022b7b16605243879d09828953,True,FCS data hashed during authorized decode; only the 8 frozen channel columns were summarized.
decoded_FCS_member,UPN97_Basal.fcs,3012866,d1e35dad8ee8622c14226b09edfd444d4a665e9c887b6ba35d5a9aa4786c5d64,d1e35dad8ee8622c14226b09edfd444d4a665e9c887b6ba35d5a9aa4786c5d64,True,FCS data hashed during authorized decode; only the 8 frozen channel columns were summarized.
decoded_FCS_member,UPN97_Dasatinib.fcs,3793273,782beb6ada6a38d383f5be14aa2ba70c6a7b1ea5eb533b33279259f85606b0bf,782beb6ada6a38d383f5be14aa2ba70c6a7b1ea5eb533b33279259f85606b0bf,True,FCS data hashed during authorized decode; only the 8 frozen channel columns were summarized.
decoded_FCS_member,UPN97_IL-7.fcs,3424132,57c85d5eddf7e0efcececf4b91d38e0e8efd4f2b400325dc51bb8d1722e0cc68,57c85d5eddf7e0efcececf4b91d38e0e8efd4f2b400325dc51bb8d1722e0cc68,True,FCS data hashed during authorized decode; only the 8 frozen channel columns were summarized.
decoded_FCS_member,UPN98_Basal.fcs,29620699,b433a4a83b13333bf233d9caea164234486a50d0a7ff1044ec8eb114a3baf739,b433a4a83b13333bf233d9caea164234486a50d0a7ff1044ec8eb114a3baf739,True,FCS data hashed during authorized decode; only the 8 frozen channel columns were summarized.
decoded_FCS_member,UPN98_Dasatinib.fcs,14608335,6cdcc38e1bd81f0e327961b4798c42102451fdcca8ad95d7d40b3a936f0d9f66,6cdcc38e1bd81f0e327961b4798c42102451fdcca8ad95d7d40b3a936f0d9f66,True,FCS data hashed during authorized decode; only the 8 frozen channel columns were summarized.
decoded_FCS_member,UPN98_IL-7.fcs,33481035,c42048f1cc04a8d16e8ec3b9c5693d71959d6106782a8cfae2530f1f376bdb9a,c42048f1cc04a8d16e8ec3b9c5693d71959d6106782a8cfae2530f1f376bdb9a,True,FCS data hashed during authorized decode; only the 8 frozen channel columns were summarized.
