patient_id,C0_minus_SHARED,C0_minus_EXACT,SHARED_minus_EXACT
UPN90,-0.10681047171102837,-0.036721306019974254,0.07008916569105411
UPN91,0.055474293948005585,0.05170816961765827,-0.003766124330347318
UPN92,0.09927201367828822,0.09541456936515713,-0.003857444313131092
UPN93,0.028215935605900112,0.025806609437238535,-0.0024093261686615793
UPN94,0.03545994008651038,0.030352833859910368,-0.00510710622660001
UPN95,0.0720228387436867,0.06272705520210381,-0.009295783541582892
UPN96,-0.1751098095083622,-0.16072984140412938,0.01437996810423281
UPN97,-0.02904238835154538,-0.020145262584625498,0.00889712576691988
UPN98,0.062121611355523944,0.0572464685454319,-0.004875142810092041
