source_sheet,field,stratum,n_rows,n_missing,missing_fraction,notes
Data Fig 2,Strain Rate [1/s],ALL,36,0,0.0,
Data Fig 2,Time to Stretch [ms],ALL,36,0,0.0,
Data Fig 2,Stress at ramp start [mM/mm^2],ALL,36,3,0.08333333333333333,
Data Fig 2,Peak Stress response [mN/mm^2],ALL,36,3,0.08333333333333333,
Data Fig 2,"Peak Stress Response, Normalized to Stress at Ramp Start at 20ms",ALL,36,3,0.08333333333333333,
Data Fig 3 and 5,Trabecula ID,ALL,193,0,0.0,
Data Fig 3 and 5,Time to Stretch [ms],ALL,193,0,0.0,
Data Fig 3 and 5,Strain Rate,ALL,193,0,0.0,
Data Fig 3 and 5,Peak Stress Response,ALL,193,0,0.0,
Data Fig 3 and 5,Minimum Stress Response,ALL,193,0,0.0,
Data Fig 3 and 5,t_12 [s],ALL,193,0,0.0,
Data Fig 3 and 5,t_2 [s],ALL,193,9,0.046632124352331605,
Data Fig 3 and 5,t_23 [s],ALL,193,9,0.046632124352331605,
Data Fig 3 and 5,Peak Stress Response,time=1ms; strain_rate=1000s^-1,1,0,0.0,
Data Fig 3 and 5,Minimum Stress Response,time=1ms; strain_rate=1000s^-1,1,0,0.0,
Data Fig 3 and 5,t_12 [s],time=1ms; strain_rate=1000s^-1,1,0,0.0,
Data Fig 3 and 5,t_2 [s],time=1ms; strain_rate=1000s^-1,1,0,0.0,
Data Fig 3 and 5,t_23 [s],time=1ms; strain_rate=1000s^-1,1,0,0.0,
Data Fig 3 and 5,Peak Stress Response,time=2ms; strain_rate=1000s^-1,4,0,0.0,
Data Fig 3 and 5,Minimum Stress Response,time=2ms; strain_rate=1000s^-1,4,0,0.0,
Data Fig 3 and 5,t_12 [s],time=2ms; strain_rate=1000s^-1,4,0,0.0,
Data Fig 3 and 5,t_2 [s],time=2ms; strain_rate=1000s^-1,4,0,0.0,
Data Fig 3 and 5,t_23 [s],time=2ms; strain_rate=1000s^-1,4,0,0.0,
Data Fig 3 and 5,Peak Stress Response,time=5ms; strain_rate=250s^-1,4,0,0.0,
Data Fig 3 and 5,Minimum Stress Response,time=5ms; strain_rate=250s^-1,4,0,0.0,
Data Fig 3 and 5,t_12 [s],time=5ms; strain_rate=250s^-1,4,0,0.0,
Data Fig 3 and 5,t_2 [s],time=5ms; strain_rate=250s^-1,4,0,0.0,
Data Fig 3 and 5,t_23 [s],time=5ms; strain_rate=250s^-1,4,0,0.0,
Data Fig 3 and 5,Peak Stress Response,time=5ms; strain_rate=1000s^-1,4,0,0.0,
Data Fig 3 and 5,Minimum Stress Response,time=5ms; strain_rate=1000s^-1,4,0,0.0,
Data Fig 3 and 5,t_12 [s],time=5ms; strain_rate=1000s^-1,4,0,0.0,
Data Fig 3 and 5,t_2 [s],time=5ms; strain_rate=1000s^-1,4,0,0.0,
Data Fig 3 and 5,t_23 [s],time=5ms; strain_rate=1000s^-1,4,0,0.0,
Data Fig 3 and 5,Peak Stress Response,time=10ms; strain_rate=100s^-1,7,0,0.0,
Data Fig 3 and 5,Minimum Stress Response,time=10ms; strain_rate=100s^-1,7,0,0.0,
Data Fig 3 and 5,t_12 [s],time=10ms; strain_rate=100s^-1,7,0,0.0,
Data Fig 3 and 5,t_2 [s],time=10ms; strain_rate=100s^-1,7,0,0.0,
Data Fig 3 and 5,t_23 [s],time=10ms; strain_rate=100s^-1,7,0,0.0,
Data Fig 3 and 5,Peak Stress Response,time=10ms; strain_rate=250s^-1,7,0,0.0,
Data Fig 3 and 5,Minimum Stress Response,time=10ms; strain_rate=250s^-1,7,0,0.0,
Data Fig 3 and 5,t_12 [s],time=10ms; strain_rate=250s^-1,7,0,0.0,
Data Fig 3 and 5,t_2 [s],time=10ms; strain_rate=250s^-1,7,0,0.0,
Data Fig 3 and 5,t_23 [s],time=10ms; strain_rate=250s^-1,7,0,0.0,
Data Fig 3 and 5,Peak Stress Response,time=10ms; strain_rate=1000s^-1,6,0,0.0,
Data Fig 3 and 5,Minimum Stress Response,time=10ms; strain_rate=1000s^-1,6,0,0.0,
Data Fig 3 and 5,t_12 [s],time=10ms; strain_rate=1000s^-1,6,0,0.0,
Data Fig 3 and 5,t_2 [s],time=10ms; strain_rate=1000s^-1,6,0,0.0,
Data Fig 3 and 5,t_23 [s],time=10ms; strain_rate=1000s^-1,6,0,0.0,
Data Fig 3 and 5,Peak Stress Response,time=20ms; strain_rate=100s^-1,4,0,0.0,
Data Fig 3 and 5,Minimum Stress Response,time=20ms; strain_rate=100s^-1,4,0,0.0,
Data Fig 3 and 5,t_12 [s],time=20ms; strain_rate=100s^-1,4,0,0.0,
Data Fig 3 and 5,t_2 [s],time=20ms; strain_rate=100s^-1,4,0,0.0,
Data Fig 3 and 5,t_23 [s],time=20ms; strain_rate=100s^-1,4,0,0.0,
Data Fig 3 and 5,Peak Stress Response,time=20ms; strain_rate=250s^-1,4,0,0.0,
Data Fig 3 and 5,Minimum Stress Response,time=20ms; strain_rate=250s^-1,4,0,0.0,
Data Fig 3 and 5,t_12 [s],time=20ms; strain_rate=250s^-1,4,0,0.0,
Data Fig 3 and 5,t_2 [s],time=20ms; strain_rate=250s^-1,4,0,0.0,
Data Fig 3 and 5,t_23 [s],time=20ms; strain_rate=250s^-1,4,0,0.0,
Data Fig 3 and 5,Peak Stress Response,time=20ms; strain_rate=1000s^-1,4,0,0.0,
Data Fig 3 and 5,Minimum Stress Response,time=20ms; strain_rate=1000s^-1,4,0,0.0,
Data Fig 3 and 5,t_12 [s],time=20ms; strain_rate=1000s^-1,4,0,0.0,
Data Fig 3 and 5,t_2 [s],time=20ms; strain_rate=1000s^-1,4,0,0.0,
Data Fig 3 and 5,t_23 [s],time=20ms; strain_rate=1000s^-1,4,0,0.0,
Data Fig 3 and 5,Peak Stress Response,time=30ms; strain_rate=100s^-1,3,0,0.0,
Data Fig 3 and 5,Minimum Stress Response,time=30ms; strain_rate=100s^-1,3,0,0.0,
Data Fig 3 and 5,t_12 [s],time=30ms; strain_rate=100s^-1,3,0,0.0,
Data Fig 3 and 5,t_2 [s],time=30ms; strain_rate=100s^-1,3,0,0.0,
Data Fig 3 and 5,t_23 [s],time=30ms; strain_rate=100s^-1,3,0,0.0,
Data Fig 3 and 5,Peak Stress Response,time=30ms; strain_rate=250s^-1,3,0,0.0,
Data Fig 3 and 5,Minimum Stress Response,time=30ms; strain_rate=250s^-1,3,0,0.0,
Data Fig 3 and 5,t_12 [s],time=30ms; strain_rate=250s^-1,3,0,0.0,
Data Fig 3 and 5,t_2 [s],time=30ms; strain_rate=250s^-1,3,0,0.0,
Data Fig 3 and 5,t_23 [s],time=30ms; strain_rate=250s^-1,3,0,0.0,
Data Fig 3 and 5,Peak Stress Response,time=30ms; strain_rate=1000s^-1,3,0,0.0,
Data Fig 3 and 5,Minimum Stress Response,time=30ms; strain_rate=1000s^-1,3,0,0.0,
Data Fig 3 and 5,t_12 [s],time=30ms; strain_rate=1000s^-1,3,0,0.0,
Data Fig 3 and 5,t_2 [s],time=30ms; strain_rate=1000s^-1,3,0,0.0,
Data Fig 3 and 5,t_23 [s],time=30ms; strain_rate=1000s^-1,3,0,0.0,
Data Fig 3 and 5,Peak Stress Response,time=40ms; strain_rate=25s^-1,3,0,0.0,
Data Fig 3 and 5,Minimum Stress Response,time=40ms; strain_rate=25s^-1,3,0,0.0,
Data Fig 3 and 5,t_12 [s],time=40ms; strain_rate=25s^-1,3,0,0.0,
Data Fig 3 and 5,t_2 [s],time=40ms; strain_rate=25s^-1,3,0,0.0,
Data Fig 3 and 5,t_23 [s],time=40ms; strain_rate=25s^-1,3,0,0.0,
Data Fig 3 and 5,Peak Stress Response,time=40ms; strain_rate=100s^-1,3,0,0.0,
Data Fig 3 and 5,Minimum Stress Response,time=40ms; strain_rate=100s^-1,3,0,0.0,
Data Fig 3 and 5,t_12 [s],time=40ms; strain_rate=100s^-1,3,0,0.0,
Data Fig 3 and 5,t_2 [s],time=40ms; strain_rate=100s^-1,3,0,0.0,
Data Fig 3 and 5,t_23 [s],time=40ms; strain_rate=100s^-1,3,0,0.0,
Data Fig 3 and 5,Peak Stress Response,time=40ms; strain_rate=250s^-1,3,0,0.0,
Data Fig 3 and 5,Minimum Stress Response,time=40ms; strain_rate=250s^-1,3,0,0.0,
Data Fig 3 and 5,t_12 [s],time=40ms; strain_rate=250s^-1,3,0,0.0,
Data Fig 3 and 5,t_2 [s],time=40ms; strain_rate=250s^-1,3,0,0.0,
Data Fig 3 and 5,t_23 [s],time=40ms; strain_rate=250s^-1,3,0,0.0,
Data Fig 3 and 5,Peak Stress Response,time=40ms; strain_rate=1000s^-1,3,0,0.0,
Data Fig 3 and 5,Minimum Stress Response,time=40ms; strain_rate=1000s^-1,3,0,0.0,
Data Fig 3 and 5,t_12 [s],time=40ms; strain_rate=1000s^-1,3,0,0.0,
Data Fig 3 and 5,t_2 [s],time=40ms; strain_rate=1000s^-1,3,0,0.0,
Data Fig 3 and 5,t_23 [s],time=40ms; strain_rate=1000s^-1,3,0,0.0,
Data Fig 3 and 5,Peak Stress Response,time=50ms; strain_rate=25s^-1,4,0,0.0,
Data Fig 3 and 5,Minimum Stress Response,time=50ms; strain_rate=25s^-1,4,0,0.0,
Data Fig 3 and 5,t_12 [s],time=50ms; strain_rate=25s^-1,4,0,0.0,
Data Fig 3 and 5,t_2 [s],time=50ms; strain_rate=25s^-1,4,0,0.0,
Data Fig 3 and 5,t_23 [s],time=50ms; strain_rate=25s^-1,4,0,0.0,
Data Fig 3 and 5,Peak Stress Response,time=50ms; strain_rate=100s^-1,4,0,0.0,
Data Fig 3 and 5,Minimum Stress Response,time=50ms; strain_rate=100s^-1,4,0,0.0,
Data Fig 3 and 5,t_12 [s],time=50ms; strain_rate=100s^-1,4,0,0.0,
Data Fig 3 and 5,t_2 [s],time=50ms; strain_rate=100s^-1,4,0,0.0,
Data Fig 3 and 5,t_23 [s],time=50ms; strain_rate=100s^-1,4,0,0.0,
Data Fig 3 and 5,Peak Stress Response,time=50ms; strain_rate=250s^-1,4,0,0.0,
Data Fig 3 and 5,Minimum Stress Response,time=50ms; strain_rate=250s^-1,4,0,0.0,
Data Fig 3 and 5,t_12 [s],time=50ms; strain_rate=250s^-1,4,0,0.0,
Data Fig 3 and 5,t_2 [s],time=50ms; strain_rate=250s^-1,4,0,0.0,
Data Fig 3 and 5,t_23 [s],time=50ms; strain_rate=250s^-1,4,0,0.0,
Data Fig 3 and 5,Peak Stress Response,time=50ms; strain_rate=1000s^-1,4,0,0.0,
Data Fig 3 and 5,Minimum Stress Response,time=50ms; strain_rate=1000s^-1,4,0,0.0,
Data Fig 3 and 5,t_12 [s],time=50ms; strain_rate=1000s^-1,4,0,0.0,
Data Fig 3 and 5,t_2 [s],time=50ms; strain_rate=1000s^-1,4,0,0.0,
Data Fig 3 and 5,t_23 [s],time=50ms; strain_rate=1000s^-1,4,0,0.0,
Data Fig 3 and 5,Peak Stress Response,time=60ms; strain_rate=25s^-1,3,0,0.0,
Data Fig 3 and 5,Minimum Stress Response,time=60ms; strain_rate=25s^-1,3,0,0.0,
Data Fig 3 and 5,t_12 [s],time=60ms; strain_rate=25s^-1,3,0,0.0,
Data Fig 3 and 5,t_2 [s],time=60ms; strain_rate=25s^-1,3,0,0.0,
Data Fig 3 and 5,t_23 [s],time=60ms; strain_rate=25s^-1,3,0,0.0,
Data Fig 3 and 5,Peak Stress Response,time=60ms; strain_rate=100s^-1,3,0,0.0,
Data Fig 3 and 5,Minimum Stress Response,time=60ms; strain_rate=100s^-1,3,0,0.0,
Data Fig 3 and 5,t_12 [s],time=60ms; strain_rate=100s^-1,3,0,0.0,
Data Fig 3 and 5,t_2 [s],time=60ms; strain_rate=100s^-1,3,0,0.0,
Data Fig 3 and 5,t_23 [s],time=60ms; strain_rate=100s^-1,3,0,0.0,
Data Fig 3 and 5,Peak Stress Response,time=60ms; strain_rate=250s^-1,3,0,0.0,
Data Fig 3 and 5,Minimum Stress Response,time=60ms; strain_rate=250s^-1,3,0,0.0,
Data Fig 3 and 5,t_12 [s],time=60ms; strain_rate=250s^-1,3,0,0.0,
Data Fig 3 and 5,t_2 [s],time=60ms; strain_rate=250s^-1,3,0,0.0,
Data Fig 3 and 5,t_23 [s],time=60ms; strain_rate=250s^-1,3,0,0.0,
Data Fig 3 and 5,Peak Stress Response,time=60ms; strain_rate=1000s^-1,3,0,0.0,
Data Fig 3 and 5,Minimum Stress Response,time=60ms; strain_rate=1000s^-1,3,0,0.0,
Data Fig 3 and 5,t_12 [s],time=60ms; strain_rate=1000s^-1,3,0,0.0,
Data Fig 3 and 5,t_2 [s],time=60ms; strain_rate=1000s^-1,3,0,0.0,
Data Fig 3 and 5,t_23 [s],time=60ms; strain_rate=1000s^-1,3,0,0.0,
Data Fig 3 and 5,Peak Stress Response,time=80ms; strain_rate=25s^-1,3,0,0.0,
Data Fig 3 and 5,Minimum Stress Response,time=80ms; strain_rate=25s^-1,3,0,0.0,
Data Fig 3 and 5,t_12 [s],time=80ms; strain_rate=25s^-1,3,0,0.0,
Data Fig 3 and 5,t_2 [s],time=80ms; strain_rate=25s^-1,3,0,0.0,
Data Fig 3 and 5,t_23 [s],time=80ms; strain_rate=25s^-1,3,0,0.0,
Data Fig 3 and 5,Peak Stress Response,time=80ms; strain_rate=100s^-1,3,0,0.0,
Data Fig 3 and 5,Minimum Stress Response,time=80ms; strain_rate=100s^-1,3,0,0.0,
Data Fig 3 and 5,t_12 [s],time=80ms; strain_rate=100s^-1,3,0,0.0,
Data Fig 3 and 5,t_2 [s],time=80ms; strain_rate=100s^-1,3,0,0.0,
Data Fig 3 and 5,t_23 [s],time=80ms; strain_rate=100s^-1,3,0,0.0,
Data Fig 3 and 5,Peak Stress Response,time=80ms; strain_rate=250s^-1,3,0,0.0,
Data Fig 3 and 5,Minimum Stress Response,time=80ms; strain_rate=250s^-1,3,0,0.0,
Data Fig 3 and 5,t_12 [s],time=80ms; strain_rate=250s^-1,3,0,0.0,
Data Fig 3 and 5,t_2 [s],time=80ms; strain_rate=250s^-1,3,0,0.0,
Data Fig 3 and 5,t_23 [s],time=80ms; strain_rate=250s^-1,3,0,0.0,
Data Fig 3 and 5,Peak Stress Response,time=80ms; strain_rate=1000s^-1,3,0,0.0,
Data Fig 3 and 5,Minimum Stress Response,time=80ms; strain_rate=1000s^-1,3,0,0.0,
Data Fig 3 and 5,t_12 [s],time=80ms; strain_rate=1000s^-1,3,0,0.0,
Data Fig 3 and 5,t_2 [s],time=80ms; strain_rate=1000s^-1,3,0,0.0,
Data Fig 3 and 5,t_23 [s],time=80ms; strain_rate=1000s^-1,3,0,0.0,
Data Fig 3 and 5,Peak Stress Response,time=100ms; strain_rate=25s^-1,7,0,0.0,
Data Fig 3 and 5,Minimum Stress Response,time=100ms; strain_rate=25s^-1,7,0,0.0,
Data Fig 3 and 5,t_12 [s],time=100ms; strain_rate=25s^-1,7,0,0.0,
Data Fig 3 and 5,t_2 [s],time=100ms; strain_rate=25s^-1,7,0,0.0,
Data Fig 3 and 5,t_23 [s],time=100ms; strain_rate=25s^-1,7,0,0.0,
Data Fig 3 and 5,Peak Stress Response,time=100ms; strain_rate=100s^-1,7,0,0.0,
Data Fig 3 and 5,Minimum Stress Response,time=100ms; strain_rate=100s^-1,7,0,0.0,
Data Fig 3 and 5,t_12 [s],time=100ms; strain_rate=100s^-1,7,0,0.0,
Data Fig 3 and 5,t_2 [s],time=100ms; strain_rate=100s^-1,7,0,0.0,
Data Fig 3 and 5,t_23 [s],time=100ms; strain_rate=100s^-1,7,0,0.0,
Data Fig 3 and 5,Peak Stress Response,time=100ms; strain_rate=250s^-1,7,0,0.0,
Data Fig 3 and 5,Minimum Stress Response,time=100ms; strain_rate=250s^-1,7,0,0.0,
Data Fig 3 and 5,t_12 [s],time=100ms; strain_rate=250s^-1,7,0,0.0,
Data Fig 3 and 5,t_2 [s],time=100ms; strain_rate=250s^-1,7,0,0.0,
Data Fig 3 and 5,t_23 [s],time=100ms; strain_rate=250s^-1,7,0,0.0,
Data Fig 3 and 5,Peak Stress Response,time=100ms; strain_rate=1000s^-1,7,0,0.0,
Data Fig 3 and 5,Minimum Stress Response,time=100ms; strain_rate=1000s^-1,7,0,0.0,
Data Fig 3 and 5,t_12 [s],time=100ms; strain_rate=1000s^-1,7,0,0.0,
Data Fig 3 and 5,t_2 [s],time=100ms; strain_rate=1000s^-1,7,0,0.0,
Data Fig 3 and 5,t_23 [s],time=100ms; strain_rate=1000s^-1,7,0,0.0,
Data Fig 3 and 5,Peak Stress Response,time=150ms; strain_rate=25s^-1,3,0,0.0,
Data Fig 3 and 5,Minimum Stress Response,time=150ms; strain_rate=25s^-1,3,0,0.0,
Data Fig 3 and 5,t_12 [s],time=150ms; strain_rate=25s^-1,3,0,0.0,
Data Fig 3 and 5,t_2 [s],time=150ms; strain_rate=25s^-1,3,0,0.0,
Data Fig 3 and 5,t_23 [s],time=150ms; strain_rate=25s^-1,3,0,0.0,
Data Fig 3 and 5,Peak Stress Response,time=150ms; strain_rate=100s^-1,3,0,0.0,
Data Fig 3 and 5,Minimum Stress Response,time=150ms; strain_rate=100s^-1,3,0,0.0,
Data Fig 3 and 5,t_12 [s],time=150ms; strain_rate=100s^-1,3,0,0.0,
Data Fig 3 and 5,t_2 [s],time=150ms; strain_rate=100s^-1,3,0,0.0,
Data Fig 3 and 5,t_23 [s],time=150ms; strain_rate=100s^-1,3,0,0.0,
Data Fig 3 and 5,Peak Stress Response,time=150ms; strain_rate=250s^-1,3,0,0.0,
Data Fig 3 and 5,Minimum Stress Response,time=150ms; strain_rate=250s^-1,3,0,0.0,
Data Fig 3 and 5,t_12 [s],time=150ms; strain_rate=250s^-1,3,0,0.0,
Data Fig 3 and 5,t_2 [s],time=150ms; strain_rate=250s^-1,3,0,0.0,
Data Fig 3 and 5,t_23 [s],time=150ms; strain_rate=250s^-1,3,0,0.0,
Data Fig 3 and 5,Peak Stress Response,time=150ms; strain_rate=1000s^-1,3,0,0.0,
Data Fig 3 and 5,Minimum Stress Response,time=150ms; strain_rate=1000s^-1,3,0,0.0,
Data Fig 3 and 5,t_12 [s],time=150ms; strain_rate=1000s^-1,3,0,0.0,
Data Fig 3 and 5,t_2 [s],time=150ms; strain_rate=1000s^-1,3,0,0.0,
Data Fig 3 and 5,t_23 [s],time=150ms; strain_rate=1000s^-1,3,0,0.0,
Data Fig 3 and 5,Peak Stress Response,time=200ms; strain_rate=25s^-1,4,0,0.0,
Data Fig 3 and 5,Minimum Stress Response,time=200ms; strain_rate=25s^-1,4,0,0.0,
Data Fig 3 and 5,t_12 [s],time=200ms; strain_rate=25s^-1,4,0,0.0,
Data Fig 3 and 5,t_2 [s],time=200ms; strain_rate=25s^-1,4,0,0.0,
Data Fig 3 and 5,t_23 [s],time=200ms; strain_rate=25s^-1,4,0,0.0,
Data Fig 3 and 5,Peak Stress Response,time=200ms; strain_rate=100s^-1,4,0,0.0,
Data Fig 3 and 5,Minimum Stress Response,time=200ms; strain_rate=100s^-1,4,0,0.0,
Data Fig 3 and 5,t_12 [s],time=200ms; strain_rate=100s^-1,4,0,0.0,
Data Fig 3 and 5,t_2 [s],time=200ms; strain_rate=100s^-1,4,0,0.0,
Data Fig 3 and 5,t_23 [s],time=200ms; strain_rate=100s^-1,4,0,0.0,
Data Fig 3 and 5,Peak Stress Response,time=200ms; strain_rate=250s^-1,4,0,0.0,
Data Fig 3 and 5,Minimum Stress Response,time=200ms; strain_rate=250s^-1,4,0,0.0,
Data Fig 3 and 5,t_12 [s],time=200ms; strain_rate=250s^-1,4,0,0.0,
Data Fig 3 and 5,t_2 [s],time=200ms; strain_rate=250s^-1,4,0,0.0,
Data Fig 3 and 5,t_23 [s],time=200ms; strain_rate=250s^-1,4,0,0.0,
Data Fig 3 and 5,Peak Stress Response,time=200ms; strain_rate=1000s^-1,4,0,0.0,
Data Fig 3 and 5,Minimum Stress Response,time=200ms; strain_rate=1000s^-1,4,0,0.0,
Data Fig 3 and 5,t_12 [s],time=200ms; strain_rate=1000s^-1,4,0,0.0,
Data Fig 3 and 5,t_2 [s],time=200ms; strain_rate=1000s^-1,4,0,0.0,
Data Fig 3 and 5,t_23 [s],time=200ms; strain_rate=1000s^-1,4,0,0.0,
Data Fig 3 and 5,Peak Stress Response,time=300ms; strain_rate=25s^-1,6,0,0.0,
Data Fig 3 and 5,Minimum Stress Response,time=300ms; strain_rate=25s^-1,6,0,0.0,
Data Fig 3 and 5,t_12 [s],time=300ms; strain_rate=25s^-1,6,0,0.0,
Data Fig 3 and 5,t_2 [s],time=300ms; strain_rate=25s^-1,6,1,0.16666666666666666,
Data Fig 3 and 5,t_23 [s],time=300ms; strain_rate=25s^-1,6,1,0.16666666666666666,
Data Fig 3 and 5,Peak Stress Response,time=300ms; strain_rate=100s^-1,6,0,0.0,
Data Fig 3 and 5,Minimum Stress Response,time=300ms; strain_rate=100s^-1,6,0,0.0,
Data Fig 3 and 5,t_12 [s],time=300ms; strain_rate=100s^-1,6,0,0.0,
Data Fig 3 and 5,t_2 [s],time=300ms; strain_rate=100s^-1,6,0,0.0,
Data Fig 3 and 5,t_23 [s],time=300ms; strain_rate=100s^-1,6,0,0.0,
Data Fig 3 and 5,Peak Stress Response,time=300ms; strain_rate=250s^-1,6,0,0.0,
Data Fig 3 and 5,Minimum Stress Response,time=300ms; strain_rate=250s^-1,6,0,0.0,
Data Fig 3 and 5,t_12 [s],time=300ms; strain_rate=250s^-1,6,0,0.0,
Data Fig 3 and 5,t_2 [s],time=300ms; strain_rate=250s^-1,6,1,0.16666666666666666,
Data Fig 3 and 5,t_23 [s],time=300ms; strain_rate=250s^-1,6,1,0.16666666666666666,
Data Fig 3 and 5,Peak Stress Response,time=300ms; strain_rate=1000s^-1,6,0,0.0,
Data Fig 3 and 5,Minimum Stress Response,time=300ms; strain_rate=1000s^-1,6,0,0.0,
Data Fig 3 and 5,t_12 [s],time=300ms; strain_rate=1000s^-1,6,0,0.0,
Data Fig 3 and 5,t_2 [s],time=300ms; strain_rate=1000s^-1,6,1,0.16666666666666666,
Data Fig 3 and 5,t_23 [s],time=300ms; strain_rate=1000s^-1,6,1,0.16666666666666666,
Data Fig 3 and 5,Peak Stress Response,time=400ms; strain_rate=100s^-1,1,0,0.0,
Data Fig 3 and 5,Minimum Stress Response,time=400ms; strain_rate=100s^-1,1,0,0.0,
Data Fig 3 and 5,t_12 [s],time=400ms; strain_rate=100s^-1,1,0,0.0,
Data Fig 3 and 5,t_2 [s],time=400ms; strain_rate=100s^-1,1,1,1.0,
Data Fig 3 and 5,t_23 [s],time=400ms; strain_rate=100s^-1,1,1,1.0,
Data Fig 3 and 5,Peak Stress Response,time=400ms; strain_rate=250s^-1,1,0,0.0,
Data Fig 3 and 5,Minimum Stress Response,time=400ms; strain_rate=250s^-1,1,0,0.0,
Data Fig 3 and 5,t_12 [s],time=400ms; strain_rate=250s^-1,1,0,0.0,
Data Fig 3 and 5,t_2 [s],time=400ms; strain_rate=250s^-1,1,0,0.0,
Data Fig 3 and 5,t_23 [s],time=400ms; strain_rate=250s^-1,1,0,0.0,
Data Fig 3 and 5,Peak Stress Response,time=400ms; strain_rate=1000s^-1,1,0,0.0,
Data Fig 3 and 5,Minimum Stress Response,time=400ms; strain_rate=1000s^-1,1,0,0.0,
Data Fig 3 and 5,t_12 [s],time=400ms; strain_rate=1000s^-1,1,0,0.0,
Data Fig 3 and 5,t_2 [s],time=400ms; strain_rate=1000s^-1,1,1,1.0,
Data Fig 3 and 5,t_23 [s],time=400ms; strain_rate=1000s^-1,1,1,1.0,
Data Fig 3 and 5,Peak Stress Response,time=500ms; strain_rate=25s^-1,1,0,0.0,
Data Fig 3 and 5,Minimum Stress Response,time=500ms; strain_rate=25s^-1,1,0,0.0,
Data Fig 3 and 5,t_12 [s],time=500ms; strain_rate=25s^-1,1,0,0.0,
Data Fig 3 and 5,t_2 [s],time=500ms; strain_rate=25s^-1,1,1,1.0,
Data Fig 3 and 5,t_23 [s],time=500ms; strain_rate=25s^-1,1,1,1.0,
Data Fig 3 and 5,Peak Stress Response,time=500ms; strain_rate=100s^-1,1,0,0.0,
Data Fig 3 and 5,Minimum Stress Response,time=500ms; strain_rate=100s^-1,1,0,0.0,
Data Fig 3 and 5,t_12 [s],time=500ms; strain_rate=100s^-1,1,0,0.0,
Data Fig 3 and 5,t_2 [s],time=500ms; strain_rate=100s^-1,1,1,1.0,
Data Fig 3 and 5,t_23 [s],time=500ms; strain_rate=100s^-1,1,1,1.0,
Data Fig 3 and 5,Peak Stress Response,time=500ms; strain_rate=250s^-1,1,0,0.0,
Data Fig 3 and 5,Minimum Stress Response,time=500ms; strain_rate=250s^-1,1,0,0.0,
Data Fig 3 and 5,t_12 [s],time=500ms; strain_rate=250s^-1,1,0,0.0,
Data Fig 3 and 5,t_2 [s],time=500ms; strain_rate=250s^-1,1,1,1.0,
Data Fig 3 and 5,t_23 [s],time=500ms; strain_rate=250s^-1,1,1,1.0,
Data Fig 3 and 5,Peak Stress Response,time=500ms; strain_rate=1000s^-1,1,0,0.0,
Data Fig 3 and 5,Minimum Stress Response,time=500ms; strain_rate=1000s^-1,1,0,0.0,
Data Fig 3 and 5,t_12 [s],time=500ms; strain_rate=1000s^-1,1,0,0.0,
Data Fig 3 and 5,t_2 [s],time=500ms; strain_rate=1000s^-1,1,1,1.0,
Data Fig 3 and 5,t_23 [s],time=500ms; strain_rate=1000s^-1,1,1,1.0,
