outcome_family,comparator,target_strain_rate_s_inv,n_predictions,mae,rmse,median_absolute_error,oracle_warning,policy_mae_min,policy_mae_median,policy_mae_max,policy_mae_q025,policy_mae_q975
minimum_stress_response,C0_TARGET_MEAN,25,7,0.495041601422789,0.5984210797397376,0.4997130952777451,,,,,,
minimum_stress_response,C0_TARGET_MEAN,100,7,0.508814244267172,0.6117514522192327,0.6179577262619912,,,,,,
minimum_stress_response,C0_TARGET_MEAN,250,7,0.567332452982775,0.6577890120759903,0.5293708524701417,,,,,,
minimum_stress_response,C0_TARGET_MEAN,1000,7,0.579827846269782,0.6694768398088085,0.672004854376793,,,,,,
minimum_stress_response,C0_TARGET_MEAN,ALL,28,0.53775403623563,0.6350655972845463,0.5196664515499887,,,,,,
minimum_stress_response,C1_GLOBAL_FIXED,25,7,0.570253341766303,0.7153972584114334,0.4211310283685741,,,,,,
minimum_stress_response,C1_GLOBAL_FIXED,100,7,0.603243092084874,0.7612697764139752,0.5260718545097337,,,,,,
minimum_stress_response,C1_GLOBAL_FIXED,250,7,0.638704909321325,0.7997246911891112,0.41590816382970197,,,,,,
minimum_stress_response,C1_GLOBAL_FIXED,1000,7,0.593972041479617,0.757966256230374,0.5857930351462661,,,,,,
minimum_stress_response,C1_GLOBAL_FIXED,ALL,28,0.60154334616303,0.7591767477184392,0.4736014414391539,,,,,,
minimum_stress_response,C2_TARGET_SPECIFIC,25,7,0.570253341766303,0.7153972584114334,0.4211310283685741,,,,,,
minimum_stress_response,C2_TARGET_SPECIFIC,100,7,0.603243092084874,0.7612697764139752,0.5260718545097337,,,,,,
minimum_stress_response,C2_TARGET_SPECIFIC,250,7,0.638704909321325,0.7997246911891112,0.41590816382970197,,,,,,
minimum_stress_response,C2_TARGET_SPECIFIC,1000,7,0.593972041479617,0.757966256230374,0.5857930351462661,,,,,,
minimum_stress_response,C2_TARGET_SPECIFIC,ALL,28,0.60154334616303,0.7591767477184392,0.4736014414391539,,,,,,
minimum_stress_response,C4_NEAREST_LOG_RATE,25,7,0.607535342610448,0.7499155638810064,0.4211310283685741,,,,,,
minimum_stress_response,C4_NEAREST_LOG_RATE,100,7,0.639429364076622,0.8004239851915418,0.5632829859667406,,,,,,
minimum_stress_response,C4_NEAREST_LOG_RATE,250,7,0.634159992597456,0.787406376664467,0.41590816382970197,,,,,,
minimum_stress_response,C4_NEAREST_LOG_RATE,1000,7,0.584815843885602,0.7402189450069256,0.5857930351462661,,,,,,
minimum_stress_response,C4_NEAREST_LOG_RATE,ALL,28,0.616485135792532,0.7699001229997154,0.49220700716765736,,,,,,
minimum_stress_response,C5_ORACLE_UPPER_BOUND,25,7,0.565615414462755,0.7019091382524514,0.4541811093024779,selection uses all outer outcomes; optimistic only,,,,,
minimum_stress_response,C5_ORACLE_UPPER_BOUND,100,7,0.60092192861937,0.752339827379513,0.5260718545097337,selection uses all outer outcomes; optimistic only,,,,,
minimum_stress_response,C5_ORACLE_UPPER_BOUND,250,7,0.634159992597456,0.787406376664467,0.41590816382970197,selection uses all outer outcomes; optimistic only,,,,,
minimum_stress_response,C5_ORACLE_UPPER_BOUND,1000,7,0.584815843885602,0.7402189450069256,0.5857930351462661,selection uses all outer outcomes; optimistic only,,,,,
minimum_stress_response,C5_ORACLE_UPPER_BOUND,ALL,28,0.596378294891296,0.7460939188169886,0.4901264819061058,selection uses all outer outcomes; optimistic only,,,,,
minimum_stress_response,C3_RANDOM_EXPECTATION_16_POLICIES,25,112,0.586575378536602,,,Policy spread is exact finite enumeration; policies are not independent biological units.,0.565615414462755,0.586575378536602,0.607535342610448,0.565615414462755,0.607535342610448
minimum_stress_response,C3_RANDOM_EXPECTATION_16_POLICIES,100,112,0.620175646347996,,,Policy spread is exact finite enumeration; policies are not independent biological units.,0.60092192861937,0.620175646347996,0.639429364076622,0.60092192861937,0.639429364076622
minimum_stress_response,C3_RANDOM_EXPECTATION_16_POLICIES,250,112,0.656912791929058,,,Policy spread is exact finite enumeration; policies are not independent biological units.,0.634159992597456,0.656912791929058,0.679665591260661,0.634159992597456,0.679665591260661
minimum_stress_response,C3_RANDOM_EXPECTATION_16_POLICIES,1000,112,0.611068831563282,,,Policy spread is exact finite enumeration; policies are not independent biological units.,0.584815843885602,0.611068831563282,0.637321819240962,0.584815843885602,0.637321819240962
minimum_stress_response,C3_RANDOM_EXPECTATION_16_POLICIES,ALL,448,0.618683162094234,,,Policy spread is exact finite enumeration; policies are not independent biological units.,0.596378294891296,0.618683162094234,0.640988029297173,0.599988366965413,0.637377957223056
t12_s,C0_TARGET_MEAN,25,7,0.0047333333333333,0.005726352339064517,0.004899999999999733,,,,,,
t12_s,C0_TARGET_MEAN,100,7,0.00192380952380951,0.0024276188608044246,0.002666666666666701,,,,,,
t12_s,C0_TARGET_MEAN,250,7,0.00159999999999998,0.00190379737483916,0.0016333333333331335,,,,,,
t12_s,C0_TARGET_MEAN,1000,7,0.00162857142857151,0.0017657230184199184,0.0019000000000001334,,,,,,
t12_s,C0_TARGET_MEAN,ALL,28,0.00247142857142857,0.003369965380633214,0.0020666666666666503,,,,,,
t12_s,C1_GLOBAL_FIXED,25,7,0.00619103782524282,0.007579933746424429,0.0047079924331991235,,,,,,
t12_s,C1_GLOBAL_FIXED,100,7,0.002192429154485,0.0027234116649645784,0.002716108786611165,,,,,,
t12_s,C1_GLOBAL_FIXED,250,7,0.00193418612304999,0.002125123314705097,0.00202078505556896,,,,,,
t12_s,C1_GLOBAL_FIXED,1000,7,0.00190611741941921,0.0020142786676129697,0.0020421896792189582,,,,,,
t12_s,C1_GLOBAL_FIXED,ALL,28,0.00305594263054925,0.004285027256347177,0.0022852179656912357,,,,,,
t12_s,C2_TARGET_SPECIFIC,25,7,0.00601142495606704,0.007270745314205958,0.0047079924331991235,,,,,,
t12_s,C2_TARGET_SPECIFIC,100,7,0.00209426460108039,0.002644532904693269,0.002716108786611165,,,,,,
t12_s,C2_TARGET_SPECIFIC,250,7,0.0019144603804396,0.0021104664798334933,0.00223278343278366,,,,,,
t12_s,C2_TARGET_SPECIFIC,1000,7,0.00190652411495707,0.0020146912437069594,0.002045036547983954,,,,,,
t12_s,C2_TARGET_SPECIFIC,ALL,28,0.00298166851313602,0.004134317999320553,0.0022852179656912357,,,,,,
t12_s,C4_NEAREST_LOG_RATE,25,7,0.00601142495606704,0.007270745314205958,0.0047079924331991235,,,,,,
t12_s,C4_NEAREST_LOG_RATE,100,7,0.00225469164774278,0.002728650182754885,0.002693303466163954,,,,,,
t12_s,C4_NEAREST_LOG_RATE,250,7,0.00187307117327569,0.0020955490575511686,0.00223278343278366,,,,,,
t12_s,C4_NEAREST_LOG_RATE,1000,7,0.00187257032582947,0.0019877786134137555,0.0020421896792189582,,,,,,
t12_s,C4_NEAREST_LOG_RATE,ALL,28,0.00300293952572874,0.004142820866041786,0.0022852179656912357,,,,,,
t12_s,C5_ORACLE_UPPER_BOUND,25,7,0.00601142495606704,0.007270745314205958,0.0047079924331991235,selection uses all outer outcomes; optimistic only,,,,,
t12_s,C5_ORACLE_UPPER_BOUND,100,7,0.00211026932022534,0.002668182864179192,0.002716108786611165,selection uses all outer outcomes; optimistic only,,,,,
t12_s,C5_ORACLE_UPPER_BOUND,250,7,0.00187307117327569,0.0020955490575511686,0.00223278343278366,selection uses all outer outcomes; optimistic only,,,,,
t12_s,C5_ORACLE_UPPER_BOUND,1000,7,0.00182924692022776,0.0019667195499374086,0.002045036547983954,selection uses all outer outcomes; optimistic only,,,,,
t12_s,C5_ORACLE_UPPER_BOUND,ALL,28,0.00295600309244896,0.004130443343681673,0.0022852179656912357,selection uses all outer outcomes; optimistic only,,,,,
t12_s,C3_RANDOM_EXPECTATION_16_POLICIES,25,112,0.00611855615540743,,,Policy spread is exact finite enumeration; policies are not independent biological units.,0.00601142495606704,0.00611855615540743,0.00622568735474782,0.00601142495606704,0.00622568735474782
t12_s,C3_RANDOM_EXPECTATION_16_POLICIES,100,112,0.00218248048398406,,,Policy spread is exact finite enumeration; policies are not independent biological units.,0.00211026932022534,0.00218248048398406,0.00225469164774278,0.00211026932022534,0.00225469164774278
t12_s,C3_RANDOM_EXPECTATION_16_POLICIES,250,112,0.00188519907840566,,,Policy spread is exact finite enumeration; policies are not independent biological units.,0.00187307117327569,0.00188519907840566,0.00189732698353562,0.00187307117327569,0.00189732698353562
t12_s,C3_RANDOM_EXPECTATION_16_POLICIES,1000,112,0.00185090862302862,,,Policy spread is exact finite enumeration; policies are not independent biological units.,0.00182924692022776,0.00185090862302862,0.00187257032582947,0.00182924692022776,0.00187257032582947
t12_s,C3_RANDOM_EXPECTATION_16_POLICIES,ALL,448,0.00300928608520644,,,Policy spread is exact finite enumeration; policies are not independent biological units.,0.00295600309244896,0.00300928608520644,0.00306256907796392,0.00295827707466082,0.00306029509575205
t2_s,C0_TARGET_MEAN,25,7,0.0129619047619047,0.01635889156799232,0.008933333333333598,,,,,,
t2_s,C0_TARGET_MEAN,100,7,0.0167619047619048,0.019691227601255423,0.01240000000000012,,,,,,
t2_s,C0_TARGET_MEAN,250,7,0.0158571428571428,0.01931608425926714,0.012300000000000165,,,,,,
t2_s,C0_TARGET_MEAN,1000,7,0.0136095238095238,0.01638122231228319,0.007633333333333575,,,,,,
t2_s,C0_TARGET_MEAN,ALL,28,0.014797619047619,0.018005647262271125,0.01080000000000014,,,,,,
t2_s,C1_GLOBAL_FIXED,25,7,0.0192393622379893,0.021030771795940494,0.022090740725029562,,,,,,
t2_s,C1_GLOBAL_FIXED,100,7,0.022098051554561,0.024079984049354113,0.025014633794572083,,,,,,
t2_s,C1_GLOBAL_FIXED,250,7,0.01895858647447,0.021064031860297736,0.02115208839967564,,,,,,
t2_s,C1_GLOBAL_FIXED,1000,7,0.020510352708969,0.023172430503725187,0.02382687411139496,,,,,,
t2_s,C1_GLOBAL_FIXED,ALL,28,0.0202015882439973,0.02237629307890209,0.023357798647270604,,,,,,
t2_s,C2_TARGET_SPECIFIC,25,7,0.0180966484484012,0.020690991454682332,0.022090740725029562,,,,,,
t2_s,C2_TARGET_SPECIFIC,100,7,0.0205932517713656,0.02266710557046685,0.024485730966963992,,,,,,
t2_s,C2_TARGET_SPECIFIC,250,7,0.01895858647447,0.021064031860297736,0.02115208839967564,,,,,,
t2_s,C2_TARGET_SPECIFIC,1000,7,0.022313224009164,0.02617830663768305,0.02382687411139496,,,,,,
t2_s,C2_TARGET_SPECIFIC,ALL,28,0.0199904276758502,0.02275363695625726,0.02261122766323445,,,,,,
t2_s,C4_NEAREST_LOG_RATE,25,7,0.0136374292320786,0.015428983377102023,0.013114879174105781,,,,,,
t2_s,C4_NEAREST_LOG_RATE,100,7,0.0213848773008602,0.023756073319779598,0.019989127903959153,,,,,,
t2_s,C4_NEAREST_LOG_RATE,250,7,0.0155494164386208,0.01760072837003317,0.013820740508484725,,,,,,
t2_s,C4_NEAREST_LOG_RATE,1000,7,0.017548233377473,0.0203188955347775,0.01289174097106141,,,,,,
t2_s,C4_NEAREST_LOG_RATE,ALL,28,0.0170299890872581,0.019525929571562826,0.014780086772976576,,,,,,
t2_s,C5_ORACLE_UPPER_BOUND,25,7,0.0136374292320786,0.015428983377102023,0.013114879174105781,selection uses all outer outcomes; optimistic only,,,,,
t2_s,C5_ORACLE_UPPER_BOUND,100,7,0.018600879677962,0.020852903185849068,0.024485730966963992,selection uses all outer outcomes; optimistic only,,,,,
t2_s,C5_ORACLE_UPPER_BOUND,250,7,0.0155494164386208,0.01760072837003317,0.013820740508484725,selection uses all outer outcomes; optimistic only,,,,,
t2_s,C5_ORACLE_UPPER_BOUND,1000,7,0.017548233377473,0.0203188955347775,0.01289174097106141,selection uses all outer outcomes; optimistic only,,,,,
t2_s,C5_ORACLE_UPPER_BOUND,ALL,28,0.0163339896815336,0.01867846523565424,0.013467809841295253,selection uses all outer outcomes; optimistic only,,,,,
t2_s,C3_RANDOM_EXPECTATION_16_POLICIES,25,112,0.0148054144248176,,,Policy spread is exact finite enumeration; policies are not independent biological units.,0.0136374292320786,0.0148054144248176,0.0159733996175566,0.0136374292320786,0.0159733996175566
t2_s,C3_RANDOM_EXPECTATION_16_POLICIES,100,112,0.0199928784894111,,,Policy spread is exact finite enumeration; policies are not independent biological units.,0.018600879677962,0.0199928784894111,0.0213848773008602,0.018600879677962,0.0213848773008602
t2_s,C3_RANDOM_EXPECTATION_16_POLICIES,250,112,0.0176735637418346,,,Policy spread is exact finite enumeration; policies are not independent biological units.,0.0155494164386208,0.0176735637418346,0.0197977110450484,0.0155494164386208,0.0197977110450484
t2_s,C3_RANDOM_EXPECTATION_16_POLICIES,1000,112,0.0184059197453525,,,Policy spread is exact finite enumeration; policies are not independent biological units.,0.017548233377473,0.0184059197453525,0.0192636061132321,0.017548233377473,0.0192636061132321
t2_s,C3_RANDOM_EXPECTATION_16_POLICIES,ALL,448,0.0177194441003539,,,Policy spread is exact finite enumeration; policies are not independent biological units.,0.0163339896815336,0.0177194441003539,0.0191048985191743,0.016494805875511,0.0189440823251969
t23_s,C0_TARGET_MEAN,25,7,0.0286857142857143,0.03836488556537657,0.015299999999999758,,,,,,
t23_s,C0_TARGET_MEAN,100,7,0.0311714285714286,0.04220623966508578,0.023366666666666674,,,,,,
t23_s,C0_TARGET_MEAN,250,7,0.0275904761904761,0.03629422972196973,0.01883333333333362,,,,,,
t23_s,C0_TARGET_MEAN,1000,7,0.0252,0.031986733361053184,0.02123333333333352,,,,,,
t23_s,C0_TARGET_MEAN,ALL,28,0.0281619047619047,0.037395365131702225,0.02003333333333357,,,,,,
t23_s,C1_GLOBAL_FIXED,25,7,0.00658326342519824,0.008743066610324044,0.0035208785187970243,,,,,,
t23_s,C1_GLOBAL_FIXED,100,7,0.0110240406027465,0.013282146269841017,0.00846748180162582,,,,,,
t23_s,C1_GLOBAL_FIXED,250,7,0.00841002257245923,0.010132256063726156,0.005736257301578451,,,,,,
t23_s,C1_GLOBAL_FIXED,1000,7,0.00931981925897137,0.011045402896905511,0.006822247931074166,,,,,,
t23_s,C1_GLOBAL_FIXED,ALL,28,0.00883428646484384,0.010926117349977288,0.005786068686937582,,,,,,
t23_s,C2_TARGET_SPECIFIC,25,7,0.00658326342519824,0.008743066610324044,0.0035208785187970243,,,,,,
t23_s,C2_TARGET_SPECIFIC,100,7,0.0110240406027465,0.013282146269841017,0.00846748180162582,,,,,,
t23_s,C2_TARGET_SPECIFIC,250,7,0.00841002257245923,0.010132256063726156,0.005736257301578451,,,,,,
t23_s,C2_TARGET_SPECIFIC,1000,7,0.0140222857078818,0.018464995101026095,0.010873834126950213,,,,,,
t23_s,C2_TARGET_SPECIFIC,ALL,28,0.0100099030770715,0.013195409053036667,0.005786068686937582,,,,,,
t23_s,C4_NEAREST_LOG_RATE,25,7,0.0171956606192922,0.025706993742250852,0.00966641632341668,,,,,,
t23_s,C4_NEAREST_LOG_RATE,100,7,0.0219512201485917,0.030962524305170117,0.011602193682336129,,,,,,
t23_s,C4_NEAREST_LOG_RATE,250,7,0.00841002257245923,0.010132256063726156,0.005736257301578451,,,,,,
t23_s,C4_NEAREST_LOG_RATE,1000,7,0.00931981925897137,0.011045402896905511,0.006822247931074166,,,,,,
t23_s,C4_NEAREST_LOG_RATE,ALL,28,0.0142191806498286,0.021472022358806,0.007745201266388682,,,,,,
t23_s,C5_ORACLE_UPPER_BOUND,25,7,0.00658326342519824,0.008743066610324044,0.0035208785187970243,selection uses all outer outcomes; optimistic only,,,,,
t23_s,C5_ORACLE_UPPER_BOUND,100,7,0.0110240406027465,0.013282146269841017,0.00846748180162582,selection uses all outer outcomes; optimistic only,,,,,
t23_s,C5_ORACLE_UPPER_BOUND,250,7,0.00841002257245923,0.010132256063726156,0.005736257301578451,selection uses all outer outcomes; optimistic only,,,,,
t23_s,C5_ORACLE_UPPER_BOUND,1000,7,0.00931981925897137,0.011045402896905511,0.006822247931074166,selection uses all outer outcomes; optimistic only,,,,,
t23_s,C5_ORACLE_UPPER_BOUND,ALL,28,0.00883428646484384,0.010926117349977288,0.005786068686937582,selection uses all outer outcomes; optimistic only,,,,,
t23_s,C3_RANDOM_EXPECTATION_16_POLICIES,25,112,0.0118894620222452,,,Policy spread is exact finite enumeration; policies are not independent biological units.,0.00658326342519824,0.0118894620222452,0.0171956606192922,0.00658326342519824,0.0171956606192922
t23_s,C3_RANDOM_EXPECTATION_16_POLICIES,100,112,0.0164876303756691,,,Policy spread is exact finite enumeration; policies are not independent biological units.,0.0110240406027465,0.0164876303756691,0.0219512201485917,0.0110240406027465,0.0219512201485917
t23_s,C3_RANDOM_EXPECTATION_16_POLICIES,250,112,0.0133890842366095,,,Policy spread is exact finite enumeration; policies are not independent biological units.,0.00841002257245923,0.0133890842366095,0.0183681459007597,0.00841002257245923,0.0183681459007597
t23_s,C3_RANDOM_EXPECTATION_16_POLICIES,1000,112,0.012819061640496,,,Policy spread is exact finite enumeration; policies are not independent biological units.,0.00931981925897137,0.012819061640496,0.0163183040220207,0.00931981925897137,0.0163183040220207
t23_s,C3_RANDOM_EXPECTATION_16_POLICIES,ALL,448,0.013646309568755,,,Policy spread is exact finite enumeration; policies are not independent biological units.,0.00883428646484384,0.013646309568755,0.0184583326726661,0.00949039441137972,0.0178022247261302
