outcome_family,permutation_id,selector_target_mapping_json,is_identity_mapping,target_strain_rate_s_inv,n_predictions,mae,rmse,median_absolute_error,falsification,result,detail
peak_stress_response,F1P00,"{""100"": 100, ""1000"": 1000, ""25"": 25, ""250"": 250}",True,ALL,28,0.625692945034513,0.8567857583871,0.386767117611932,,,
peak_stress_response,F1P00,"{""100"": 100, ""1000"": 1000, ""25"": 25, ""250"": 250}",True,25,7,0.324584102445833,0.435289145374435,0.188922957553216,,,
peak_stress_response,F1P00,"{""100"": 100, ""1000"": 1000, ""25"": 25, ""250"": 250}",True,100,7,0.741549536235598,0.992675425735652,0.375982422152078,,,
peak_stress_response,F1P00,"{""100"": 100, ""1000"": 1000, ""25"": 25, ""250"": 250}",True,250,7,0.772817532639628,1.01762111578252,0.450202937760338,,,
peak_stress_response,F1P00,"{""100"": 100, ""1000"": 1000, ""25"": 25, ""250"": 250}",True,1000,7,0.663820608816991,0.851993818565076,0.358649604048349,,,
peak_stress_response,F1P01,"{""100"": 100, ""1000"": 250, ""25"": 25, ""250"": 1000}",False,ALL,28,0.64302689766093,0.863705026931255,0.407517046963623,,,
peak_stress_response,F1P01,"{""100"": 100, ""1000"": 250, ""25"": 25, ""250"": 1000}",False,25,7,0.324584102445833,0.435289145374435,0.188922957553216,,,
peak_stress_response,F1P01,"{""100"": 100, ""1000"": 250, ""25"": 25, ""250"": 1000}",False,100,7,0.741549536235598,0.992675425735652,0.375982422152078,,,
peak_stress_response,F1P01,"{""100"": 100, ""1000"": 250, ""25"": 25, ""250"": 1000}",False,250,7,0.7728777839798,1.00398696158548,0.450202937760338,,,
peak_stress_response,F1P01,"{""100"": 100, ""1000"": 250, ""25"": 25, ""250"": 1000}",False,1000,7,0.733096167982491,0.895027672315985,0.451444301701816,,,
peak_stress_response,F1P02,"{""100"": 250, ""1000"": 1000, ""25"": 25, ""250"": 100}",False,ALL,28,0.626110622571529,0.857480334513158,0.386767117611932,,,
peak_stress_response,F1P02,"{""100"": 250, ""1000"": 1000, ""25"": 25, ""250"": 100}",False,25,7,0.324584102445833,0.435289145374435,0.188922957553216,,,
peak_stress_response,F1P02,"{""100"": 250, ""1000"": 1000, ""25"": 25, ""250"": 100}",False,100,7,0.738166602071555,0.987492585469286,0.375982422152078,,,
peak_stress_response,F1P02,"{""100"": 250, ""1000"": 1000, ""25"": 25, ""250"": 100}",False,250,7,0.777871176951736,1.02497725974602,0.450202937760338,,,
peak_stress_response,F1P02,"{""100"": 250, ""1000"": 1000, ""25"": 25, ""250"": 100}",False,1000,7,0.663820608816991,0.851993818565076,0.358649604048349,,,
peak_stress_response,F1P03,"{""100"": 250, ""1000"": 100, ""25"": 25, ""250"": 1000}",False,ALL,28,0.643261177150174,0.863690355873641,0.407517046963623,,,
peak_stress_response,F1P03,"{""100"": 250, ""1000"": 100, ""25"": 25, ""250"": 1000}",False,25,7,0.324584102445833,0.435289145374435,0.188922957553216,,,
peak_stress_response,F1P03,"{""100"": 250, ""1000"": 100, ""25"": 25, ""250"": 1000}",False,100,7,0.738166602071555,0.987492585469286,0.375982422152078,,,
peak_stress_response,F1P03,"{""100"": 250, ""1000"": 100, ""25"": 25, ""250"": 1000}",False,250,7,0.7728777839798,1.00398696158548,0.450202937760338,,,
peak_stress_response,F1P03,"{""100"": 250, ""1000"": 100, ""25"": 25, ""250"": 1000}",False,1000,7,0.737416220103511,0.900686437027493,0.451444301701816,,,
peak_stress_response,F1P04,"{""100"": 1000, ""1000"": 250, ""25"": 25, ""250"": 100}",False,ALL,28,0.636832969089457,0.864721919986688,0.407517046963623,,,
peak_stress_response,F1P04,"{""100"": 1000, ""1000"": 250, ""25"": 25, ""250"": 100}",False,25,7,0.324584102445833,0.435289145374435,0.188922957553216,,,
peak_stress_response,F1P04,"{""100"": 1000, ""1000"": 250, ""25"": 25, ""250"": 100}",False,100,7,0.711780428977766,0.974600655824329,0.375982422152078,,,
peak_stress_response,F1P04,"{""100"": 1000, ""1000"": 250, ""25"": 25, ""250"": 100}",False,250,7,0.777871176951736,1.02497725974602,0.450202937760338,,,
peak_stress_response,F1P04,"{""100"": 1000, ""1000"": 250, ""25"": 25, ""250"": 100}",False,1000,7,0.733096167982491,0.895027672315985,0.451444301701816,,,
peak_stress_response,F1P05,"{""100"": 1000, ""1000"": 100, ""25"": 25, ""250"": 250}",False,ALL,28,0.636649571041685,0.864018499736228,0.407517046963623,,,
peak_stress_response,F1P05,"{""100"": 1000, ""1000"": 100, ""25"": 25, ""250"": 250}",False,25,7,0.324584102445833,0.435289145374435,0.188922957553216,,,
peak_stress_response,F1P05,"{""100"": 1000, ""1000"": 100, ""25"": 25, ""250"": 250}",False,100,7,0.711780428977766,0.974600655824329,0.375982422152078,,,
peak_stress_response,F1P05,"{""100"": 1000, ""1000"": 100, ""25"": 25, ""250"": 250}",False,250,7,0.772817532639628,1.01762111578252,0.450202937760338,,,
peak_stress_response,F1P05,"{""100"": 1000, ""1000"": 100, ""25"": 25, ""250"": 250}",False,1000,7,0.737416220103511,0.900686437027493,0.451444301701816,,,
peak_stress_response,F1P06,"{""100"": 25, ""1000"": 1000, ""25"": 100, ""250"": 250}",False,ALL,28,0.622752379492068,0.854636401710407,0.378100708560067,,,
peak_stress_response,F1P06,"{""100"": 25, ""1000"": 1000, ""25"": 100, ""250"": 250}",False,25,7,0.333919250203656,0.440883597719536,0.205474826713589,,,
peak_stress_response,F1P06,"{""100"": 25, ""1000"": 1000, ""25"": 100, ""250"": 250}",False,100,7,0.720452126307998,0.982745627116377,0.334044818594388,,,
peak_stress_response,F1P06,"{""100"": 25, ""1000"": 1000, ""25"": 100, ""250"": 250}",False,250,7,0.772817532639628,1.01762111578252,0.450202937760338,,,
peak_stress_response,F1P06,"{""100"": 25, ""1000"": 1000, ""25"": 100, ""250"": 250}",False,1000,7,0.663820608816991,0.851993818565076,0.358649604048349,,,
peak_stress_response,F1P07,"{""100"": 25, ""1000"": 250, ""25"": 100, ""250"": 1000}",False,ALL,28,0.640086332118486,0.861572931851898,0.407517046963623,,,
peak_stress_response,F1P07,"{""100"": 25, ""1000"": 250, ""25"": 100, ""250"": 1000}",False,25,7,0.333919250203656,0.440883597719536,0.205474826713589,,,
peak_stress_response,F1P07,"{""100"": 25, ""1000"": 250, ""25"": 100, ""250"": 1000}",False,100,7,0.720452126307998,0.982745627116377,0.334044818594388,,,
peak_stress_response,F1P07,"{""100"": 25, ""1000"": 250, ""25"": 100, ""250"": 1000}",False,250,7,0.7728777839798,1.00398696158548,0.450202937760338,,,
peak_stress_response,F1P07,"{""100"": 25, ""1000"": 250, ""25"": 100, ""250"": 1000}",False,1000,7,0.733096167982491,0.895027672315985,0.451444301701816,,,
peak_stress_response,F1P08,"{""100"": 250, ""1000"": 1000, ""25"": 100, ""250"": 25}",False,ALL,28,0.621395457221158,0.853411564949301,0.367316013100214,,,
peak_stress_response,F1P08,"{""100"": 250, ""1000"": 1000, ""25"": 100, ""250"": 25}",False,25,7,0.333919250203656,0.440883597719536,0.205474826713589,,,
peak_stress_response,F1P08,"{""100"": 250, ""1000"": 1000, ""25"": 100, ""250"": 25}",False,100,7,0.738166602071555,0.987492585469286,0.375982422152078,,,
peak_stress_response,F1P08,"{""100"": 250, ""1000"": 1000, ""25"": 100, ""250"": 25}",False,250,7,0.749675367792432,1.00887649233631,0.397163182207725,,,
peak_stress_response,F1P08,"{""100"": 250, ""1000"": 1000, ""25"": 100, ""250"": 25}",False,1000,7,0.663820608816991,0.851993818565076,0.358649604048349,,,
peak_stress_response,F1P09,"{""100"": 250, ""1000"": 25, ""25"": 100, ""250"": 1000}",False,ALL,28,0.638166431597308,0.861629378330525,0.407517046963623,,,
peak_stress_response,F1P09,"{""100"": 250, ""1000"": 25, ""25"": 100, ""250"": 1000}",False,25,7,0.333919250203656,0.440883597719536,0.205474826713589,,,
peak_stress_response,F1P09,"{""100"": 250, ""1000"": 25, ""25"": 100, ""250"": 1000}",False,100,7,0.738166602071555,0.987492585469286,0.375982422152078,,,
peak_stress_response,F1P09,"{""100"": 250, ""1000"": 25, ""25"": 100, ""250"": 1000}",False,250,7,0.7728777839798,1.00398696158548,0.450202937760338,,,
peak_stress_response,F1P09,"{""100"": 250, ""1000"": 25, ""25"": 100, ""250"": 1000}",False,1000,7,0.707702090134221,0.89000616305754,0.451444301701816,,,
peak_stress_response,F1P10,"{""100"": 1000, ""1000"": 250, ""25"": 100, ""250"": 25}",False,ALL,28,0.632117803739086,0.860687384604817,0.386572802179902,,,
peak_stress_response,F1P10,"{""100"": 1000, ""1000"": 250, ""25"": 100, ""250"": 25}",False,25,7,0.333919250203656,0.440883597719536,0.205474826713589,,,
peak_stress_response,F1P10,"{""100"": 1000, ""1000"": 250, ""25"": 100, ""250"": 25}",False,100,7,0.711780428977766,0.974600655824329,0.375982422152078,,,
peak_stress_response,F1P10,"{""100"": 1000, ""1000"": 250, ""25"": 100, ""250"": 25}",False,250,7,0.749675367792432,1.00887649233631,0.397163182207725,,,
peak_stress_response,F1P10,"{""100"": 1000, ""1000"": 250, ""25"": 100, ""250"": 25}",False,1000,7,0.733096167982491,0.895027672315985,0.451444301701816,,,
peak_stress_response,F1P11,"{""100"": 1000, ""1000"": 25, ""25"": 100, ""250"": 250}",False,ALL,28,0.631554825488818,0.861958306798857,0.407517046963623,,,
peak_stress_response,F1P11,"{""100"": 1000, ""1000"": 25, ""25"": 100, ""250"": 250}",False,25,7,0.333919250203656,0.440883597719536,0.205474826713589,,,
peak_stress_response,F1P11,"{""100"": 1000, ""1000"": 25, ""25"": 100, ""250"": 250}",False,100,7,0.711780428977766,0.974600655824329,0.375982422152078,,,
peak_stress_response,F1P11,"{""100"": 1000, ""1000"": 25, ""25"": 100, ""250"": 250}",False,250,7,0.772817532639628,1.01762111578252,0.450202937760338,,,
peak_stress_response,F1P11,"{""100"": 1000, ""1000"": 25, ""25"": 100, ""250"": 250}",False,1000,7,0.707702090134221,0.89000616305754,0.451444301701816,,,
peak_stress_response,F1P12,"{""100"": 25, ""1000"": 1000, ""25"": 250, ""250"": 100}",False,ALL,28,0.623577870828146,0.85649206418009,0.378100708560067,,,
peak_stress_response,F1P12,"{""100"": 25, ""1000"": 1000, ""25"": 250, ""250"": 100}",False,25,7,0.332167571235857,0.438239439722118,0.205474826713589,,,
peak_stress_response,F1P12,"{""100"": 25, ""1000"": 1000, ""25"": 250, ""250"": 100}",False,100,7,0.720452126307998,0.982745627116377,0.334044818594388,,,
peak_stress_response,F1P12,"{""100"": 25, ""1000"": 1000, ""25"": 250, ""250"": 100}",False,250,7,0.777871176951736,1.02497725974602,0.450202937760338,,,
peak_stress_response,F1P12,"{""100"": 25, ""1000"": 1000, ""25"": 250, ""250"": 100}",False,1000,7,0.663820608816991,0.851993818565076,0.358649604048349,,,
peak_stress_response,F1P13,"{""100"": 25, ""1000"": 100, ""25"": 250, ""250"": 1000}",False,ALL,28,0.640728425406791,0.862709199415313,0.407517046963623,,,
peak_stress_response,F1P13,"{""100"": 25, ""1000"": 100, ""25"": 250, ""250"": 1000}",False,25,7,0.332167571235857,0.438239439722118,0.205474826713589,,,
peak_stress_response,F1P13,"{""100"": 25, ""1000"": 100, ""25"": 250, ""250"": 1000}",False,100,7,0.720452126307998,0.982745627116377,0.334044818594388,,,
peak_stress_response,F1P13,"{""100"": 25, ""1000"": 100, ""25"": 250, ""250"": 1000}",False,250,7,0.7728777839798,1.00398696158548,0.450202937760338,,,
peak_stress_response,F1P13,"{""100"": 25, ""1000"": 100, ""25"": 250, ""250"": 1000}",False,1000,7,0.737416220103511,0.900686437027493,0.451444301701816,,,
peak_stress_response,F1P14,"{""100"": 100, ""1000"": 1000, ""25"": 250, ""250"": 25}",False,ALL,28,0.621803271020219,0.854573512204967,0.367316013100214,,,
peak_stress_response,F1P14,"{""100"": 100, ""1000"": 1000, ""25"": 250, ""250"": 25}",False,25,7,0.332167571235857,0.438239439722118,0.205474826713589,,,
peak_stress_response,F1P14,"{""100"": 100, ""1000"": 1000, ""25"": 250, ""250"": 25}",False,100,7,0.741549536235598,0.992675425735652,0.375982422152078,,,
peak_stress_response,F1P14,"{""100"": 100, ""1000"": 1000, ""25"": 250, ""250"": 25}",False,250,7,0.749675367792432,1.00887649233631,0.397163182207725,,,
peak_stress_response,F1P14,"{""100"": 100, ""1000"": 1000, ""25"": 250, ""250"": 25}",False,1000,7,0.663820608816991,0.851993818565076,0.358649604048349,,,
peak_stress_response,F1P15,"{""100"": 100, ""1000"": 25, ""25"": 250, ""250"": 1000}",False,ALL,28,0.638574245396369,0.862780258336598,0.407517046963623,,,
peak_stress_response,F1P15,"{""100"": 100, ""1000"": 25, ""25"": 250, ""250"": 1000}",False,25,7,0.332167571235857,0.438239439722118,0.205474826713589,,,
peak_stress_response,F1P15,"{""100"": 100, ""1000"": 25, ""25"": 250, ""250"": 1000}",False,100,7,0.741549536235598,0.992675425735652,0.375982422152078,,,
peak_stress_response,F1P15,"{""100"": 100, ""1000"": 25, ""25"": 250, ""250"": 1000}",False,250,7,0.7728777839798,1.00398696158548,0.450202937760338,,,
peak_stress_response,F1P15,"{""100"": 100, ""1000"": 25, ""25"": 250, ""250"": 1000}",False,1000,7,0.707702090134221,0.89000616305754,0.451444301701816,,,
peak_stress_response,F1P16,"{""100"": 1000, ""1000"": 100, ""25"": 250, ""250"": 25}",False,ALL,28,0.632759897027391,0.861824819713274,0.386572802179902,,,
peak_stress_response,F1P16,"{""100"": 1000, ""1000"": 100, ""25"": 250, ""250"": 25}",False,25,7,0.332167571235857,0.438239439722118,0.205474826713589,,,
peak_stress_response,F1P16,"{""100"": 1000, ""1000"": 100, ""25"": 250, ""250"": 25}",False,100,7,0.711780428977766,0.974600655824329,0.375982422152078,,,
peak_stress_response,F1P16,"{""100"": 1000, ""1000"": 100, ""25"": 250, ""250"": 25}",False,250,7,0.749675367792432,1.00887649233631,0.397163182207725,,,
peak_stress_response,F1P16,"{""100"": 1000, ""1000"": 100, ""25"": 250, ""250"": 25}",False,1000,7,0.737416220103511,0.900686437027493,0.451444301701816,,,
peak_stress_response,F1P17,"{""100"": 1000, ""1000"": 25, ""25"": 250, ""250"": 100}",False,ALL,28,0.632380316824895,0.863798240062175,0.407517046963623,,,
peak_stress_response,F1P17,"{""100"": 1000, ""1000"": 25, ""25"": 250, ""250"": 100}",False,25,7,0.332167571235857,0.438239439722118,0.205474826713589,,,
peak_stress_response,F1P17,"{""100"": 1000, ""1000"": 25, ""25"": 250, ""250"": 100}",False,100,7,0.711780428977766,0.974600655824329,0.375982422152078,,,
peak_stress_response,F1P17,"{""100"": 1000, ""1000"": 25, ""25"": 250, ""250"": 100}",False,250,7,0.777871176951736,1.02497725974602,0.450202937760338,,,
peak_stress_response,F1P17,"{""100"": 1000, ""1000"": 25, ""25"": 250, ""250"": 100}",False,1000,7,0.707702090134221,0.89000616305754,0.451444301701816,,,
peak_stress_response,F1P18,"{""100"": 25, ""1000"": 250, ""25"": 1000, ""250"": 100}",False,ALL,28,0.643461499604983,0.867213874559727,0.388065942451904,,,
peak_stress_response,F1P18,"{""100"": 25, ""1000"": 250, ""25"": 1000, ""250"": 100}",False,25,7,0.342426527177706,0.436803997339055,0.205474826713589,,,
peak_stress_response,F1P18,"{""100"": 25, ""1000"": 250, ""25"": 1000, ""250"": 100}",False,100,7,0.720452126307998,0.982745627116377,0.334044818594388,,,
peak_stress_response,F1P18,"{""100"": 25, ""1000"": 250, ""25"": 1000, ""250"": 100}",False,250,7,0.777871176951736,1.02497725974602,0.450202937760338,,,
peak_stress_response,F1P18,"{""100"": 25, ""1000"": 250, ""25"": 1000, ""250"": 100}",False,1000,7,0.733096167982491,0.895027672315985,0.451444301701816,,,
peak_stress_response,F1P19,"{""100"": 25, ""1000"": 100, ""25"": 1000, ""250"": 250}",False,ALL,28,0.643278101557211,0.866512477238425,0.388065942451904,,,
peak_stress_response,F1P19,"{""100"": 25, ""1000"": 100, ""25"": 1000, ""250"": 250}",False,25,7,0.342426527177706,0.436803997339055,0.205474826713589,,,
peak_stress_response,F1P19,"{""100"": 25, ""1000"": 100, ""25"": 1000, ""250"": 250}",False,100,7,0.720452126307998,0.982745627116377,0.334044818594388,,,
peak_stress_response,F1P19,"{""100"": 25, ""1000"": 100, ""25"": 1000, ""250"": 250}",False,250,7,0.772817532639628,1.01762111578252,0.450202937760338,,,
peak_stress_response,F1P19,"{""100"": 25, ""1000"": 100, ""25"": 1000, ""250"": 250}",False,1000,7,0.737416220103511,0.900686437027493,0.451444301701816,,,
peak_stress_response,F1P20,"{""100"": 100, ""1000"": 250, ""25"": 1000, ""250"": 25}",False,ALL,28,0.641686899797057,0.86531909489376,0.367316013100214,,,
peak_stress_response,F1P20,"{""100"": 100, ""1000"": 250, ""25"": 1000, ""250"": 25}",False,25,7,0.342426527177706,0.436803997339055,0.205474826713589,,,
peak_stress_response,F1P20,"{""100"": 100, ""1000"": 250, ""25"": 1000, ""250"": 25}",False,100,7,0.741549536235598,0.992675425735652,0.375982422152078,,,
peak_stress_response,F1P20,"{""100"": 100, ""1000"": 250, ""25"": 1000, ""250"": 25}",False,250,7,0.749675367792432,1.00887649233631,0.397163182207725,,,
peak_stress_response,F1P20,"{""100"": 100, ""1000"": 250, ""25"": 1000, ""250"": 25}",False,1000,7,0.733096167982491,0.895027672315985,0.451444301701816,,,
peak_stress_response,F1P21,"{""100"": 100, ""1000"": 25, ""25"": 1000, ""250"": 250}",False,ALL,28,0.641123921546788,0.866583224294947,0.396732351503769,,,
peak_stress_response,F1P21,"{""100"": 100, ""1000"": 25, ""25"": 1000, ""250"": 250}",False,25,7,0.342426527177706,0.436803997339055,0.205474826713589,,,
peak_stress_response,F1P21,"{""100"": 100, ""1000"": 25, ""25"": 1000, ""250"": 250}",False,100,7,0.741549536235598,0.992675425735652,0.375982422152078,,,
peak_stress_response,F1P21,"{""100"": 100, ""1000"": 25, ""25"": 1000, ""250"": 250}",False,250,7,0.772817532639628,1.01762111578252,0.450202937760338,,,
peak_stress_response,F1P21,"{""100"": 100, ""1000"": 25, ""25"": 1000, ""250"": 250}",False,1000,7,0.707702090134221,0.89000616305754,0.451444301701816,,,
peak_stress_response,F1P22,"{""100"": 250, ""1000"": 100, ""25"": 1000, ""250"": 25}",False,ALL,28,0.641921179286301,0.865304451202334,0.367316013100214,,,
peak_stress_response,F1P22,"{""100"": 250, ""1000"": 100, ""25"": 1000, ""250"": 25}",False,25,7,0.342426527177706,0.436803997339055,0.205474826713589,,,
peak_stress_response,F1P22,"{""100"": 250, ""1000"": 100, ""25"": 1000, ""250"": 25}",False,100,7,0.738166602071555,0.987492585469286,0.375982422152078,,,
peak_stress_response,F1P22,"{""100"": 250, ""1000"": 100, ""25"": 1000, ""250"": 25}",False,250,7,0.749675367792432,1.00887649233631,0.397163182207725,,,
peak_stress_response,F1P22,"{""100"": 250, ""1000"": 100, ""25"": 1000, ""250"": 25}",False,1000,7,0.737416220103511,0.900686437027493,0.451444301701816,,,
peak_stress_response,F1P23,"{""100"": 250, ""1000"": 25, ""25"": 1000, ""250"": 100}",False,ALL,28,0.641541599083804,0.867269953896286,0.396732351503769,,,
peak_stress_response,F1P23,"{""100"": 250, ""1000"": 25, ""25"": 1000, ""250"": 100}",False,25,7,0.342426527177706,0.436803997339055,0.205474826713589,,,
peak_stress_response,F1P23,"{""100"": 250, ""1000"": 25, ""25"": 1000, ""250"": 100}",False,100,7,0.738166602071555,0.987492585469286,0.375982422152078,,,
peak_stress_response,F1P23,"{""100"": 250, ""1000"": 25, ""25"": 1000, ""250"": 100}",False,250,7,0.777871176951736,1.02497725974602,0.450202937760338,,,
peak_stress_response,F1P23,"{""100"": 250, ""1000"": 25, ""25"": 1000, ""250"": 100}",False,1000,7,0.707702090134221,0.89000616305754,0.451444301701816,,,
peak_stress_response,,,,ALL,,,,,F1_IDENTITY_VS_NONIDENTITY,0.6256929450345126,Identity MAE=0.625692945035; nonidentity permutation MAE range 0.621395457221 to 0.643461499605; exact 24 mappings.
peak_stress_response,,,,ALL,,,,,F2_RANDOM_CANDIDATE,0.6158614737139215,Full exact enumeration of 16 policies; policy-level results in TANNER_RANDOM_COMPARATOR_RESULTS.csv.
peak_stress_response,,,,ALL,,,,,F3_GLOBAL_FIXED,0.6440619684823828,Global candidate is nested-selected from outer-training subjects only.
peak_stress_response,,,,ALL,,,,,F4_SUBJECT_LEAKAGE_AUDIT,PASS,0 prediction rows include held-out subject among fit IDs; all fold memberships asserted in code.
peak_stress_response,,,,ALL,,,,,F6_ONE_CONDITION_DOMINANCE,4 targets favor 100; 0 favor 250,"Outer-LOTO candidate winners by target: {""25"": 250, ""100"": 250, ""250"": 250, ""1000"": 100}"
