outcome_family,random_policy_id,assignment_json,target_strain_rate_s_inv,n_predictions,mae,rmse,median_absolute_error
peak_stress_response,P00,"{""100"": 100, ""1000"": 100, ""25"": 100, ""250"": 100}",ALL,28,0.622726337238065,0.84772157226464,0.367316013100214
peak_stress_response,P00,"{""100"": 100, ""1000"": 100, ""25"": 100, ""250"": 100}",25,7,0.342426527177706,0.436803997339055,0.205474826713589
peak_stress_response,P00,"{""100"": 100, ""1000"": 100, ""25"": 100, ""250"": 100}",100,7,0.711780428977766,0.974600655824329,0.375982422152078
peak_stress_response,P00,"{""100"": 100, ""1000"": 100, ""25"": 100, ""250"": 100}",250,7,0.7728777839798,1.00398696158548,0.450202937760338
peak_stress_response,P00,"{""100"": 100, ""1000"": 100, ""25"": 100, ""250"": 100}",1000,7,0.663820608816991,0.851993818565076,0.358649604048349
peak_stress_response,P01,"{""100"": 100, ""1000"": 250, ""25"": 100, ""250"": 100}",ALL,28,0.627904395411282,0.847848048979667,0.396732351503769
peak_stress_response,P01,"{""100"": 100, ""1000"": 250, ""25"": 100, ""250"": 100}",25,7,0.342426527177706,0.436803997339055,0.205474826713589
peak_stress_response,P01,"{""100"": 100, ""1000"": 250, ""25"": 100, ""250"": 100}",100,7,0.711780428977766,0.974600655824329,0.375982422152078
peak_stress_response,P01,"{""100"": 100, ""1000"": 250, ""25"": 100, ""250"": 100}",250,7,0.7728777839798,1.00398696158548,0.450202937760338
peak_stress_response,P01,"{""100"": 100, ""1000"": 250, ""25"": 100, ""250"": 100}",1000,7,0.684532841509855,0.852497077517734,0.451444301701816
peak_stress_response,P02,"{""100"": 100, ""1000"": 100, ""25"": 100, ""250"": 250}",ALL,28,0.611950620014973,0.83850281868889,0.352110672026873
peak_stress_response,P02,"{""100"": 100, ""1000"": 100, ""25"": 100, ""250"": 250}",25,7,0.342426527177706,0.436803997339055,0.205474826713589
peak_stress_response,P02,"{""100"": 100, ""1000"": 100, ""25"": 100, ""250"": 250}",100,7,0.711780428977766,0.974600655824329,0.375982422152078
peak_stress_response,P02,"{""100"": 100, ""1000"": 100, ""25"": 100, ""250"": 250}",250,7,0.729774915087429,0.972527773638968,0.397163182207725
peak_stress_response,P02,"{""100"": 100, ""1000"": 100, ""25"": 100, ""250"": 250}",1000,7,0.663820608816991,0.851993818565076,0.358649604048349
peak_stress_response,P03,"{""100"": 100, ""1000"": 250, ""25"": 100, ""250"": 250}",ALL,28,0.617128678188189,0.83863068571631,0.360777081078738
peak_stress_response,P03,"{""100"": 100, ""1000"": 250, ""25"": 100, ""250"": 250}",25,7,0.342426527177706,0.436803997339055,0.205474826713589
peak_stress_response,P03,"{""100"": 100, ""1000"": 250, ""25"": 100, ""250"": 250}",100,7,0.711780428977766,0.974600655824329,0.375982422152078
peak_stress_response,P03,"{""100"": 100, ""1000"": 250, ""25"": 100, ""250"": 250}",250,7,0.729774915087429,0.972527773638968,0.397163182207725
peak_stress_response,P03,"{""100"": 100, ""1000"": 250, ""25"": 100, ""250"": 250}",1000,7,0.684532841509855,0.852497077517734,0.451444301701816
peak_stress_response,P04,"{""100"": 250, ""1000"": 100, ""25"": 100, ""250"": 100}",ALL,28,0.62072132466065,0.841462942050274,0.352110672026873
peak_stress_response,P04,"{""100"": 250, ""1000"": 100, ""25"": 100, ""250"": 100}",25,7,0.342426527177706,0.436803997339055,0.205474826713589
peak_stress_response,P04,"{""100"": 250, ""1000"": 100, ""25"": 100, ""250"": 100}",100,7,0.703760378668103,0.952658655226248,0.334044818594388
peak_stress_response,P04,"{""100"": 250, ""1000"": 100, ""25"": 100, ""250"": 100}",250,7,0.7728777839798,1.00398696158548,0.450202937760338
peak_stress_response,P04,"{""100"": 250, ""1000"": 100, ""25"": 100, ""250"": 100}",1000,7,0.663820608816991,0.851993818565076,0.358649604048349
peak_stress_response,P05,"{""100"": 250, ""1000"": 250, ""25"": 100, ""250"": 100}",ALL,28,0.625899382833866,0.841590359331484,0.381527010430428
peak_stress_response,P05,"{""100"": 250, ""1000"": 250, ""25"": 100, ""250"": 100}",25,7,0.342426527177706,0.436803997339055,0.205474826713589
peak_stress_response,P05,"{""100"": 250, ""1000"": 250, ""25"": 100, ""250"": 100}",100,7,0.703760378668103,0.952658655226248,0.334044818594388
peak_stress_response,P05,"{""100"": 250, ""1000"": 250, ""25"": 100, ""250"": 100}",250,7,0.7728777839798,1.00398696158548,0.450202937760338
peak_stress_response,P05,"{""100"": 250, ""1000"": 250, ""25"": 100, ""250"": 100}",1000,7,0.684532841509855,0.852497077517734,0.451444301701816
peak_stress_response,P06,"{""100"": 250, ""1000"": 100, ""25"": 100, ""250"": 250}",ALL,28,0.609945607437557,0.832174858854966,0.339808279299892
peak_stress_response,P06,"{""100"": 250, ""1000"": 100, ""25"": 100, ""250"": 250}",25,7,0.342426527177706,0.436803997339055,0.205474826713589
peak_stress_response,P06,"{""100"": 250, ""1000"": 100, ""25"": 100, ""250"": 250}",100,7,0.703760378668103,0.952658655226248,0.334044818594388
peak_stress_response,P06,"{""100"": 250, ""1000"": 100, ""25"": 100, ""250"": 250}",250,7,0.729774915087429,0.972527773638968,0.397163182207725
peak_stress_response,P06,"{""100"": 250, ""1000"": 100, ""25"": 100, ""250"": 250}",1000,7,0.663820608816991,0.851993818565076,0.358649604048349
peak_stress_response,P07,"{""100"": 250, ""1000"": 250, ""25"": 100, ""250"": 250}",ALL,28,0.615123665610773,0.832303698049021,0.339808279299892
peak_stress_response,P07,"{""100"": 250, ""1000"": 250, ""25"": 100, ""250"": 250}",25,7,0.342426527177706,0.436803997339055,0.205474826713589
peak_stress_response,P07,"{""100"": 250, ""1000"": 250, ""25"": 100, ""250"": 250}",100,7,0.703760378668103,0.952658655226248,0.334044818594388
peak_stress_response,P07,"{""100"": 250, ""1000"": 250, ""25"": 100, ""250"": 250}",250,7,0.729774915087429,0.972527773638968,0.397163182207725
peak_stress_response,P07,"{""100"": 250, ""1000"": 250, ""25"": 100, ""250"": 250}",1000,7,0.684532841509855,0.852497077517734,0.451444301701816
peak_stress_response,P08,"{""100"": 100, ""1000"": 100, ""25"": 250, ""250"": 100}",ALL,28,0.61659928181707,0.845952037483794,0.386767117611932
peak_stress_response,P08,"{""100"": 100, ""1000"": 100, ""25"": 250, ""250"": 100}",25,7,0.317918305493723,0.42285892996598,0.188922957553216
peak_stress_response,P08,"{""100"": 100, ""1000"": 100, ""25"": 250, ""250"": 100}",100,7,0.711780428977766,0.974600655824329,0.375982422152078
peak_stress_response,P08,"{""100"": 100, ""1000"": 100, ""25"": 250, ""250"": 100}",250,7,0.7728777839798,1.00398696158548,0.450202937760338
peak_stress_response,P08,"{""100"": 100, ""1000"": 100, ""25"": 250, ""250"": 100}",1000,7,0.663820608816991,0.851993818565076,0.358649604048349
peak_stress_response,P09,"{""100"": 100, ""1000"": 250, ""25"": 250, ""250"": 100}",ALL,28,0.621777339990286,0.846078778719084,0.407517046963623
peak_stress_response,P09,"{""100"": 100, ""1000"": 250, ""25"": 250, ""250"": 100}",25,7,0.317918305493723,0.42285892996598,0.188922957553216
peak_stress_response,P09,"{""100"": 100, ""1000"": 250, ""25"": 250, ""250"": 100}",100,7,0.711780428977766,0.974600655824329,0.375982422152078
peak_stress_response,P09,"{""100"": 100, ""1000"": 250, ""25"": 250, ""250"": 100}",250,7,0.7728777839798,1.00398696158548,0.450202937760338
peak_stress_response,P09,"{""100"": 100, ""1000"": 250, ""25"": 250, ""250"": 100}",1000,7,0.684532841509855,0.852497077517734,0.451444301701816
peak_stress_response,P10,"{""100"": 100, ""1000"": 100, ""25"": 250, ""250"": 250}",ALL,28,0.605823564593977,0.836713787737099,0.367316013100214
peak_stress_response,P10,"{""100"": 100, ""1000"": 100, ""25"": 250, ""250"": 250}",25,7,0.317918305493723,0.42285892996598,0.188922957553216
peak_stress_response,P10,"{""100"": 100, ""1000"": 100, ""25"": 250, ""250"": 250}",100,7,0.711780428977766,0.974600655824329,0.375982422152078
peak_stress_response,P10,"{""100"": 100, ""1000"": 100, ""25"": 250, ""250"": 250}",250,7,0.729774915087429,0.972527773638968,0.397163182207725
peak_stress_response,P10,"{""100"": 100, ""1000"": 100, ""25"": 250, ""250"": 250}",1000,7,0.663820608816991,0.851993818565076,0.358649604048349
peak_stress_response,P11,"{""100"": 100, ""1000"": 250, ""25"": 250, ""250"": 250}",ALL,28,0.611001622767193,0.836841928123321,0.386572802179902
peak_stress_response,P11,"{""100"": 100, ""1000"": 250, ""25"": 250, ""250"": 250}",25,7,0.317918305493723,0.42285892996598,0.188922957553216
peak_stress_response,P11,"{""100"": 100, ""1000"": 250, ""25"": 250, ""250"": 250}",100,7,0.711780428977766,0.974600655824329,0.375982422152078
peak_stress_response,P11,"{""100"": 100, ""1000"": 250, ""25"": 250, ""250"": 250}",250,7,0.729774915087429,0.972527773638968,0.397163182207725
peak_stress_response,P11,"{""100"": 100, ""1000"": 250, ""25"": 250, ""250"": 250}",1000,7,0.684532841509855,0.852497077517734,0.451444301701816
peak_stress_response,P12,"{""100"": 250, ""1000"": 100, ""25"": 250, ""250"": 100}",ALL,28,0.614594269239654,0.839680217990189,0.378100708560067
peak_stress_response,P12,"{""100"": 250, ""1000"": 100, ""25"": 250, ""250"": 100}",25,7,0.317918305493723,0.42285892996598,0.188922957553216
peak_stress_response,P12,"{""100"": 250, ""1000"": 100, ""25"": 250, ""250"": 100}",100,7,0.703760378668103,0.952658655226248,0.334044818594388
peak_stress_response,P12,"{""100"": 250, ""1000"": 100, ""25"": 250, ""250"": 100}",250,7,0.7728777839798,1.00398696158548,0.450202937760338
peak_stress_response,P12,"{""100"": 250, ""1000"": 100, ""25"": 250, ""250"": 100}",1000,7,0.663820608816991,0.851993818565076,0.358649604048349
peak_stress_response,P13,"{""100"": 250, ""1000"": 250, ""25"": 250, ""250"": 100}",ALL,28,0.61977232741287,0.839807905749788,0.407517046963623
peak_stress_response,P13,"{""100"": 250, ""1000"": 250, ""25"": 250, ""250"": 100}",25,7,0.317918305493723,0.42285892996598,0.188922957553216
peak_stress_response,P13,"{""100"": 250, ""1000"": 250, ""25"": 250, ""250"": 100}",100,7,0.703760378668103,0.952658655226248,0.334044818594388
peak_stress_response,P13,"{""100"": 250, ""1000"": 250, ""25"": 250, ""250"": 100}",250,7,0.7728777839798,1.00398696158548,0.450202937760338
peak_stress_response,P13,"{""100"": 250, ""1000"": 250, ""25"": 250, ""250"": 100}",1000,7,0.684532841509855,0.852497077517734,0.451444301701816
peak_stress_response,P14,"{""100"": 250, ""1000"": 100, ""25"": 250, ""250"": 250}",ALL,28,0.603818552016562,0.830372194470908,0.346347211321368
peak_stress_response,P14,"{""100"": 250, ""1000"": 100, ""25"": 250, ""250"": 250}",25,7,0.317918305493723,0.42285892996598,0.188922957553216
peak_stress_response,P14,"{""100"": 250, ""1000"": 100, ""25"": 250, ""250"": 250}",100,7,0.703760378668103,0.952658655226248,0.334044818594388
peak_stress_response,P14,"{""100"": 250, ""1000"": 100, ""25"": 250, ""250"": 250}",250,7,0.729774915087429,0.972527773638968,0.397163182207725
peak_stress_response,P14,"{""100"": 250, ""1000"": 100, ""25"": 250, ""250"": 250}",1000,7,0.663820608816991,0.851993818565076,0.358649604048349
peak_stress_response,P15,"{""100"": 250, ""1000"": 250, ""25"": 250, ""250"": 250}",ALL,28,0.608996610189778,0.830501313319989,0.365604000401056
peak_stress_response,P15,"{""100"": 250, ""1000"": 250, ""25"": 250, ""250"": 250}",25,7,0.317918305493723,0.42285892996598,0.188922957553216
peak_stress_response,P15,"{""100"": 250, ""1000"": 250, ""25"": 250, ""250"": 250}",100,7,0.703760378668103,0.952658655226248,0.334044818594388
peak_stress_response,P15,"{""100"": 250, ""1000"": 250, ""25"": 250, ""250"": 250}",250,7,0.729774915087429,0.972527773638968,0.397163182207725
peak_stress_response,P15,"{""100"": 250, ""1000"": 250, ""25"": 250, ""250"": 250}",1000,7,0.684532841509855,0.852497077517734,0.451444301701816
