canonical_channel,source_documented_label,primary_candidate_order,primary_response_vector_order,Yb176_group_exact_PnN,Yb176_group_exact_PnS,Lu176_panel_exact_PnN,Lu176_panel_exact_PnS,decision_status
pS6,pS6,1,1,(Yb172)Di,pS6,Yb172Di,pS6,PRIMARY_8_CHANNEL
p4EBP1,p4EBP1,2,2,(Nd144)Di,p4EBP1,Nd144Di,p4EBP1,PRIMARY_8_CHANNEL
pSTAT5,pSTAT5,3,3,(Nd150)Di,pSTAT5,Nd150Di,pSTAT5,PRIMARY_8_CHANNEL
pSYK,pSYK,4,4,(Er166)Di,pSyk,Er166Di,pSyk,PRIMARY_8_CHANNEL
pPLCγ2,pPLCγ2,5,5,(Pr141)Di,pPLCg1_2,Pr141Di,pPLCg1-2,PRIMARY_8_CHANNEL
pAKT,pAKT,6,6,(Tb159)Di,pAkt,Tb159Di,pAKT,PRIMARY_8_CHANNEL
pERK1/2,pERK1/2,7,7,(Yb173)Di,pErk,Yb173Di,pERK,PRIMARY_8_CHANNEL
pIKAROS,pIKAROS,8,8,(Gd155)Di,pIkaros,Gd155Di,pIKAROS,PRIMARY_8_CHANNEL
pCREB,pCREB,,,(Yb176)Di,pCreb,Lu176Di,pCREB,QC_SECONDARY_PROVENANCE_ONLY; EXCLUDED_FROM_PRIMARY_CANDIDATE_AND_RESPONSE_CHANNELS
