outer_fold,patient_id,target,loss_C0,loss_SHARED,loss_EXACT,selected_shared_channel,selected_exact_channel
1,UPN1,BCR-Crosslink,0.43362660423367283,0.31601555035046897,0.32190878634957887,pSYK,p4EBP1
1,UPN1,BEZ-235,0.15013408402434192,0.10719984046925998,0.11153210004978162,pSYK,pSTAT5
1,UPN1,Dasatinib,0.13489287110984655,0.09110468472397351,0.09110468472397351,pSYK,pSYK
1,UPN1,IL-7,0.18597568338005582,0.12406207733869834,0.13116938405706913,pSYK,pSTAT5
1,UPN1,Pervanadate,0.23254426108563125,0.1620312921390657,0.16432941997176503,pSYK,p4EBP1
1,UPN1,TSLP,0.17848824101752542,0.12028489425638698,0.12028489425638698,pSYK,pSYK
1,UPN1,Tofacitinib,0.1744604043465538,0.12026751134874682,0.12026751134874682,pSYK,pSYK
2,UPN2,BCR-Crosslink,0.3647119581092908,0.256204052854873,0.23650181622429411,pSYK,p4EBP1
2,UPN2,BEZ-235,0.19702605509512156,0.11173726189560028,0.1280433161773742,pSYK,pSTAT5
2,UPN2,Dasatinib,0.17695291981929184,0.09442111208600443,0.09442111208600443,pSYK,pSYK
2,UPN2,IL-7,0.2681763662005408,0.1700482761919164,0.18926931707876504,pSYK,pSTAT5
2,UPN2,Pervanadate,0.5154524364196744,0.3946342397266617,0.3717970272085903,pSYK,p4EBP1
2,UPN2,TSLP,0.2863601986225267,0.18951951683333634,0.18951951683333634,pSYK,pSYK
2,UPN2,Tofacitinib,0.23730263719779682,0.14555862096086136,0.14555862096086136,pSYK,pSYK
3,UPN3,BCR-Crosslink,0.40272317796985485,0.28631491485672883,0.2646464064422903,pSYK,p4EBP1
3,UPN3,BEZ-235,0.11394886865409137,0.07669454302799251,0.0798158123182999,pSYK,pSTAT5
3,UPN3,Dasatinib,0.09731144040949939,0.06745246638326582,0.06745246638326582,pSYK,pSYK
3,UPN3,IL-7,0.18643315139873035,0.12550223488325557,0.13299349578400002,pSYK,pSTAT5
3,UPN3,Pervanadate,0.6564886015343163,0.5389236002369968,0.5164368125869614,pSYK,p4EBP1
3,UPN3,TSLP,0.20839063836485772,0.14465704447574704,0.14465704447574704,pSYK,pSYK
3,UPN3,Tofacitinib,0.16598411742783975,0.10786572238894451,0.10786572238894451,pSYK,pSYK
4,UPN4,BCR-Crosslink,1.6418338173010758,1.884879994193039,1.94523738436356,pSYK,p4EBP1
4,UPN4,BEZ-235,0.03821362208019484,0.026132281355979493,0.024561011568067437,pSYK,pSTAT5
4,UPN4,Dasatinib,0.04366003261812544,0.045335752710446944,0.045335752710446944,pSYK,pSYK
4,UPN4,IL-7,0.03331729812539455,0.02317607005189408,0.020986416056785685,pSYK,pSTAT5
4,UPN4,Pervanadate,0.48719323615236926,0.5933788332320942,0.6238305414523471,pSYK,p4EBP1
4,UPN4,TSLP,0.04496748308356102,0.027731746487092795,0.027731746487092795,pSYK,pSYK
4,UPN4,Tofacitinib,0.034935161827729225,0.02240821226701714,0.02240821226701714,pSYK,pSYK
5,UPN5,BCR-Crosslink,0.4796436658463641,0.4467997742737869,0.4566109490552715,pSYK,p4EBP1
5,UPN5,BEZ-235,0.23189762792967517,0.20963044170753808,0.21208576014547428,pSYK,pSTAT5
5,UPN5,Dasatinib,0.20525511861413348,0.17699142593523723,0.17699142593523723,pSYK,pSYK
5,UPN5,IL-7,0.4853742046937711,0.49276813575759165,0.49120840678482625,pSYK,pSTAT5
5,UPN5,Pervanadate,0.5430010981573283,0.5096185664989334,0.5196064809049608,pSYK,p4EBP1
5,UPN5,TSLP,0.5269652352994556,0.5252418144723232,0.5252418144723232,pSYK,pSYK
5,UPN5,Tofacitinib,0.21702594139107115,0.18544281516277777,0.18544281516277777,pSYK,pSYK
6,UPN6,BCR-Crosslink,0.14445537965128558,0.05697615098506305,0.046683766398359486,pSYK,p4EBP1
6,UPN6,BEZ-235,0.15917221833695414,0.08017535572659551,0.08978994197193715,pSYK,pSTAT5
6,UPN6,Dasatinib,0.1503789365053128,0.06849240875411328,0.06849240875411328,pSYK,pSYK
6,UPN6,IL-7,0.1338700443851536,0.05464680672402295,0.06352819855492134,pSYK,pSTAT5
6,UPN6,Pervanadate,0.22624869063799632,0.13880719832471705,0.12871876620043618,pSYK,p4EBP1
6,UPN6,TSLP,0.14839723140672695,0.06743720649050805,0.06743720649050805,pSYK,pSYK
6,UPN6,Tofacitinib,0.08872454277555708,0.030583345401775416,0.030583345401775416,pSYK,pSYK
7,UPN7,BCR-Crosslink,0.5598096770314821,0.671325147308469,0.4298524456891133,pSYK,p4EBP1
7,UPN7,BEZ-235,0.2892448154211664,0.3519598912829625,0.3519598912829625,pSYK,pSYK
7,UPN7,Dasatinib,0.5693150247330866,0.674390045650634,0.674390045650634,pSYK,pSYK
7,UPN7,IL-7,0.38001225841509256,0.4567545384104097,0.4567545384104097,pSYK,pSYK
7,UPN7,Pervanadate,0.807320472875175,0.9286391623614844,0.6511171260128853,pSYK,p4EBP1
7,UPN7,TSLP,0.38746847599754247,0.4565761147547641,0.4565761147547641,pSYK,pSYK
7,UPN7,Tofacitinib,0.31159891024202674,0.3778276238254943,0.3778276238254943,pSYK,pSYK
8,UPN8,BCR-Crosslink,0.12082073368133152,0.10488842387847064,0.12382579873437913,pSYK,p4EBP1
8,UPN8,BEZ-235,0.07770710816422088,0.07802303751459487,0.07979050446415015,pSYK,pSTAT5
8,UPN8,Dasatinib,0.70830953423196,0.7580410075840394,0.7580410075840394,pSYK,pSYK
8,UPN8,IL-7,0.13215572549827004,0.1514252894791226,0.1578153136089794,pSYK,pSTAT5
8,UPN8,Pervanadate,0.22726041869479632,0.24674468240504974,0.22496461017120362,pSYK,p4EBP1
8,UPN8,TSLP,0.054561757441554316,0.04765657088529517,0.04765657088529517,pSYK,pSYK
8,UPN8,Tofacitinib,0.28254572412818263,0.31146085630891845,0.31146085630891845,pSYK,pSYK
9,UPN9,BCR-Crosslink,0.2856024355168952,0.26613556944274136,0.38118604094599523,pSYK,pERK1/2
9,UPN9,BEZ-235,0.09614691645433503,0.08540654285127273,0.07162967859459124,pSYK,pSTAT5
9,UPN9,Dasatinib,0.09830050844753754,0.08935981397320931,0.08935981397320931,pSYK,pSYK
9,UPN9,IL-7,0.10817371339222254,0.09798024828852153,0.08532966417408167,pSYK,pSTAT5
9,UPN9,Pervanadate,0.3781783720271035,0.3595722520924946,0.8019211442231888,pSYK,p4EBP1
9,UPN9,TSLP,0.11941388759335336,0.10543951015265761,0.10543951015265761,pSYK,pSYK
9,UPN9,Tofacitinib,0.11948169898771863,0.10823874805732679,0.10823874805732679,pSYK,pSYK
10,UPN11,BCR-Crosslink,0.44110068240305544,0.3097521435257242,0.28465850722652175,pSYK,p4EBP1
10,UPN11,BEZ-235,0.23870197607239546,0.17221577927866488,0.185035859440057,pSYK,pSTAT5
10,UPN11,Dasatinib,0.18956121906926665,0.13531929129882067,0.13531929129882067,pSYK,pSYK
10,UPN11,IL-7,0.3227948964787948,0.23720510442122072,0.2549904542789361,pSYK,pSTAT5
10,UPN11,Pervanadate,0.6824555890047829,0.5465158434072901,0.5186790272763439,pSYK,p4EBP1
10,UPN11,TSLP,0.35624579680459795,0.26998023033248075,0.26998023033248075,pSYK,pSYK
10,UPN11,Tofacitinib,0.27885524886139207,0.2040351512925614,0.2040351512925614,pSYK,pSYK
11,UPN12,BCR-Crosslink,0.3860409921684208,0.4729290910259465,0.48753548004765784,pSYK,p4EBP1
11,UPN12,BEZ-235,0.17544696434284518,0.21714805446746238,0.20927264275299237,pSYK,pSTAT5
11,UPN12,Dasatinib,0.14202081525102447,0.12752288326402744,0.12752288326402744,pSYK,pSYK
11,UPN12,IL-7,0.24639312740004332,0.30262033173149744,0.2929783356563144,pSYK,pSTAT5
11,UPN12,Pervanadate,1.0369705774260272,1.2053910794323133,1.2280921379278207,pSYK,p4EBP1
11,UPN12,TSLP,0.048639671031498466,0.027723142994308187,0.027723142994308187,pSYK,pSYK
11,UPN12,Tofacitinib,0.2650308393853051,0.32563797301180386,0.32563797301180386,pSYK,pSYK
12,UPN13,BCR-Crosslink,0.18256461382260783,0.1837577541295573,0.18445180992984625,pSYK,p4EBP1
12,UPN13,BEZ-235,0.11244900698035458,0.11557749252444731,0.08767888643276067,pSYK,pSTAT5
12,UPN13,Dasatinib,0.08704778118376438,0.0904015805558086,0.0904015805558086,pSYK,pSYK
12,UPN13,IL-7,0.1676573881617779,0.17133411074048185,0.13734203943804396,pSYK,pSTAT5
12,UPN13,Pervanadate,0.12319569695022439,0.1254172284950245,0.10229673610582757,pSYK,p4EBP1
12,UPN13,TSLP,0.13324849432805264,0.13666042572419027,0.13666042572419027,pSYK,pSYK
12,UPN13,Tofacitinib,0.13411578583676978,0.13773505476119388,0.13773505476119388,pSYK,pSYK
13,UPN14,BCR-Crosslink,0.1281048051428337,0.07532023726800707,0.05542473794554323,pSYK,p4EBP1
13,UPN14,BEZ-235,0.05990871894985801,0.027515953138950888,0.03236349589562054,pSYK,pSTAT5
13,UPN14,Dasatinib,0.04484965909994309,0.02156064575155925,0.02156064575155925,pSYK,pSYK
13,UPN14,IL-7,0.05203452449927799,0.0181027814702644,0.023097880543615473,pSYK,pSTAT5
13,UPN14,Pervanadate,0.19274917095053695,0.20120563432002225,0.21623054244621692,pSYK,p4EBP1
13,UPN14,TSLP,0.08273510085439789,0.038939731930621856,0.038939731930621856,pSYK,pSYK
13,UPN14,Tofacitinib,0.04635216269382492,0.015632939047798333,0.015632939047798333,pSYK,pSYK
14,UPN15,BCR-Crosslink,0.0966164664132344,0.08908987355146826,0.09606087737262073,pSYK,p4EBP1
14,UPN15,BEZ-235,0.07015170078570626,0.043732737425189634,0.04317315485896261,pSYK,pSTAT5
14,UPN15,Dasatinib,0.06322974918644128,0.029026821689247452,0.029026821689247452,pSYK,pSYK
14,UPN15,IL-7,0.06683029340440116,0.01715053470556583,0.020270665135708688,pSYK,pSTAT5
14,UPN15,Pervanadate,0.10268656974139222,0.12998030610117212,0.14325636904050237,pSYK,p4EBP1
14,UPN15,TSLP,0.057188273126481705,0.009177101320144132,0.009177101320144132,pSYK,pSYK
14,UPN15,Tofacitinib,0.0572039338209307,0.021365220676915563,0.021365220676915563,pSYK,pSYK
15,UPN16,BCR-Crosslink,0.3499464103953723,0.23188087533923107,0.21593767001278175,pSYK,p4EBP1
15,UPN16,BEZ-235,0.26834882227643286,0.17067353195356086,0.18228717662615201,pSYK,pSTAT5
15,UPN16,Dasatinib,0.20044123192939944,0.11199506015997027,0.11199506015997027,pSYK,pSYK
15,UPN16,IL-7,0.1828666496266606,0.09793966985634737,0.10682902371533358,pSYK,pSTAT5
15,UPN16,Pervanadate,0.4953794716519164,0.36911859589596724,0.35178493023331125,pSYK,p4EBP1
15,UPN16,TSLP,0.2326597677292925,0.14186811366773366,0.14186811366773366,pSYK,pSYK
15,UPN16,Tofacitinib,0.18238996004205127,0.09961748503310203,0.09961748503310203,pSYK,pSYK
16,UPN17,BCR-Crosslink,1.3795994994749494,1.5167125857788493,1.2938649159518083,pSYK,p4EBP1
16,UPN17,BEZ-235,0.908449877116297,0.9459334438610668,0.9441954659727574,pSYK,pSTAT5
16,UPN17,Dasatinib,1.097907824361109,1.1845812846884063,1.1845812846884063,pSYK,pSYK
16,UPN17,IL-7,0.8690926270648536,0.9304786404966041,0.9287073390556901,pSYK,pSTAT5
16,UPN17,Pervanadate,0.6857363131024954,0.7117363194102332,0.6895685350312292,pSYK,p4EBP1
16,UPN17,TSLP,0.7858916361758688,0.841023118029639,0.841023118029639,pSYK,pSYK
16,UPN17,Tofacitinib,0.9990370583190584,1.0773888734557628,1.0773888734557628,pSYK,pSYK
17,UPN18,BCR-Crosslink,0.30517435524008213,0.18603776358846194,0.1689041075575209,pSYK,p4EBP1
17,UPN18,BEZ-235,0.2517228386753972,0.15287743079707622,0.16629304760141217,pSYK,pSTAT5
17,UPN18,Dasatinib,0.21864423005155453,0.12170592872971663,0.12170592872971663,pSYK,pSYK
17,UPN18,IL-7,0.2860090126164617,0.18088199371231528,0.19505085475642872,pSYK,pSTAT5
17,UPN18,Pervanadate,0.3129074862397423,0.2091425323582213,0.19405834640900482,pSYK,p4EBP1
17,UPN18,TSLP,0.28144641132433146,0.1781696263562672,0.1781696263562672,pSYK,pSYK
17,UPN18,Tofacitinib,0.2851682544805436,0.18283217035856703,0.18283217035856703,pSYK,pSYK
18,UPN19,BCR-Crosslink,0.07690088509574347,0.04447246226018749,0.048831350295339075,pSYK,p4EBP1
18,UPN19,BEZ-235,0.13633512107243462,0.06462786278355821,0.07114528231643452,pSYK,pSTAT5
18,UPN19,Dasatinib,0.15693517642767116,0.08108722565165587,0.08108722565165587,pSYK,pSYK
18,UPN19,IL-7,0.12465102360669318,0.056295533216566565,0.0620275055779049,pSYK,pSTAT5
18,UPN19,Pervanadate,0.09230141880610471,0.060221679378332504,0.06458906871066875,pSYK,p4EBP1
18,UPN19,TSLP,0.11682368903468679,0.058211832302189,0.058211832302189,pSYK,pSYK
18,UPN19,Tofacitinib,0.12399524017056943,0.05711250194320469,0.05711250194320469,pSYK,pSYK
19,UPN20,BCR-Crosslink,0.09413305054622807,0.08560438548430621,0.09072240846497079,pSYK,p4EBP1
19,UPN20,BEZ-235,0.22936892578245557,0.20700088999849728,0.20645486379648548,pSYK,pSTAT5
19,UPN20,Dasatinib,0.17491798102547135,0.16388568047607788,0.16388568047607788,pSYK,pSYK
19,UPN20,IL-7,0.0935466898073376,0.057216466091426436,0.05827813412239561,pSYK,pSTAT5
19,UPN20,Pervanadate,0.20792191305393481,0.2130144008385153,0.21890430557048557,pSYK,p4EBP1
19,UPN20,TSLP,0.09462416125216248,0.05692965000458404,0.05692965000458404,pSYK,pSYK
19,UPN20,Tofacitinib,0.10523461343505604,0.07983263424983925,0.07983263424983925,pSYK,pSYK
20,UPN21,BCR-Crosslink,0.3159201967146692,0.5519626775403785,2900.824443906262,pSYK,pPLCγ2
20,UPN21,BEZ-235,0.023236763294581284,0.11745272401713122,0.2601731941872075,pSYK,pSTAT5
20,UPN21,Dasatinib,0.031860721329822844,0.09150389724899553,0.21007230285743353,pSYK,pSTAT5
20,UPN21,IL-7,0.05704766769755937,0.1924389048860462,0.1924389048860462,pSYK,pSYK
20,UPN21,Pervanadate,0.1480926572613159,0.26940968828012785,0.12447263791232387,pSYK,p4EBP1
20,UPN21,TSLP,0.062122466499214775,0.20050438359499256,0.20050438359499256,pSYK,pSYK
20,UPN21,Tofacitinib,0.05596049794379011,0.18123352142113577,0.3487836908615867,pSYK,pSTAT5
21,UPN23,BCR-Crosslink,0.5969414421964624,0.622084340693907,0.6266033658716446,pSYK,p4EBP1
21,UPN23,BEZ-235,0.1666727887007924,0.14395440396383974,0.14572889141509981,pSYK,pSTAT5
21,UPN23,Dasatinib,0.18336084394967672,0.1618840215651664,0.1618840215651664,pSYK,pSYK
21,UPN23,IL-7,0.1945819162098382,0.17265367227784553,0.17431663188716204,pSYK,pSTAT5
21,UPN23,Pervanadate,0.46480263673064615,0.4876222074747767,0.4919688626874312,pSYK,p4EBP1
21,UPN23,TSLP,0.25199528730931164,0.2298150317256181,0.2298150317256181,pSYK,pSYK
21,UPN23,Tofacitinib,0.16585265690053447,0.14017345785337507,0.14017345785337507,pSYK,pSYK
22,UPN24,BCR-Crosslink,4.241458645821816,4.248624500981892,3.9866504108199967,pSYK,p4EBP1
22,UPN24,BEZ-235,0.5517972218630627,0.5528193969545339,0.6047069549918058,pSYK,pSTAT5
22,UPN24,Dasatinib,0.33367685680411285,0.33427449095000267,0.33427449095000267,pSYK,pSYK
22,UPN24,IL-7,0.5623410432802411,0.5635061305924611,0.6223345707871025,pSYK,pSTAT5
22,UPN24,Pervanadate,1.3846396514148371,1.38741222476302,1.2879246722358275,pSYK,p4EBP1
22,UPN24,TSLP,0.4296958723247188,0.4304084232674608,0.4304084232674608,pSYK,pSYK
22,UPN24,Tofacitinib,0.3652954473530813,0.36602885449936334,0.36602885449936334,pSYK,pSYK
23,UPN25,BCR-Crosslink,0.4370987432601664,0.43620586499808156,0.4436190190930004,pSYK,p4EBP1
23,UPN25,BEZ-235,0.7804679169244471,0.7914258479054496,0.786816086185531,pSYK,pSTAT5
23,UPN25,Dasatinib,0.6579905067519762,0.6535536210991262,0.6535536210991262,pSYK,pSYK
23,UPN25,IL-7,0.463265982060999,0.4589344888811625,0.45579665453919344,pSYK,pSTAT5
23,UPN25,Pervanadate,0.5030244943666387,0.49521757420973034,0.5024017076020014,pSYK,p4EBP1
23,UPN25,TSLP,0.4344018129627265,0.4289663718255803,0.4289663718255803,pSYK,pSYK
23,UPN25,Tofacitinib,0.6331607249703737,0.6496524969313247,0.6496524969313247,pSYK,pSYK
24,UPN26,BCR-Crosslink,0.3987648387352959,0.44043084083719763,0.3263414350938286,pSYK,p4EBP1
24,UPN26,BEZ-235,0.1886726602730917,0.2052763708502665,0.22033489365926934,pSYK,pSTAT5
24,UPN26,Dasatinib,0.28254159710678756,0.31395904687047643,0.31395904687047643,pSYK,pSYK
24,UPN26,IL-7,0.2304553757797682,0.2517828728984833,0.27013558777412383,pSYK,pSTAT5
24,UPN26,Pervanadate,0.5489493768122314,0.6033006555683428,0.4492867579079139,pSYK,p4EBP1
24,UPN26,TSLP,0.19200291893518234,0.20794605053401252,0.20794605053401252,pSYK,pSYK
24,UPN26,Tofacitinib,0.21113544424147074,0.23087912415636586,0.23087912415636586,pSYK,pSYK
25,UPN27,BCR-Crosslink,0.6180987417361821,0.690803975639568,0.704162154762553,pSYK,p4EBP1
25,UPN27,BEZ-235,0.39741973265011304,0.36475342799166677,0.36649421277340843,pSYK,pSTAT5
25,UPN27,Dasatinib,0.5364306128686472,0.5052642446844092,0.5052642446844092,pSYK,pSYK
25,UPN27,IL-7,0.4269162376183263,0.40983485229725136,0.40992313063076896,pSYK,pSTAT5
25,UPN27,Pervanadate,0.6016527012391182,0.653973393767022,0.6671215280900378,pSYK,p4EBP1
25,UPN27,TSLP,0.4432433858539946,0.42507620433083176,0.42507620433083176,pSYK,pSYK
25,UPN27,Tofacitinib,0.5097947347619018,0.4905996134042033,0.4905996134042033,pSYK,pSYK
26,UPN28,BCR-Crosslink,0.22820881012152014,0.15774577560603079,0.15000945222264953,pSYK,p4EBP1
26,UPN28,BEZ-235,0.19499465941891064,0.11963172138701007,0.1253196899775841,pSYK,pSTAT5
26,UPN28,Dasatinib,0.2012815476195257,0.12479027519069313,0.12479027519069313,pSYK,pSYK
26,UPN28,IL-7,0.22464350198229094,0.1448922315057244,0.15077428324663045,pSYK,pSTAT5
26,UPN28,Pervanadate,0.7879146618184987,0.6496183418461856,0.6349526157841836,pSYK,p4EBP1
26,UPN28,TSLP,0.2604380340888841,0.1759552172484261,0.1759552172484261,pSYK,pSYK
26,UPN28,Tofacitinib,0.18823444014443652,0.11508733028335205,0.11508733028335205,pSYK,pSYK
27,UPN29,BCR-Crosslink,1.2119547534988993,1.2664794466309788,1.2407248682384697,pSYK,p4EBP1
27,UPN29,BEZ-235,2.240419980936443,2.3581383819959583,2.3903503781515654,pSYK,pSTAT5
27,UPN29,Dasatinib,2.0698814382053916,2.1856356254033047,2.1856356254033047,pSYK,pSYK
27,UPN29,IL-7,1.7861154086851188,1.8830264237741718,1.9109430324384964,pSYK,pSTAT5
27,UPN29,Pervanadate,0.8726358074487381,0.9445735733789673,0.9102152656632273,pSYK,p4EBP1
27,UPN29,TSLP,1.4900443418387472,1.570243482614376,1.570243482614376,pSYK,pSYK
27,UPN29,Tofacitinib,2.025140775319975,2.1318597699409594,2.1609443449365697,pSYK,pSTAT5
28,UPN30,BCR-Crosslink,0.25681085896551364,0.2023071080992679,0.18477627324692678,pSYK,p4EBP1
28,UPN30,BEZ-235,0.19779189242088624,0.19343185006195834,0.19499370891902065,pSYK,pSTAT5
28,UPN30,Dasatinib,0.14645993192639306,0.13921373259826297,0.13921373259826297,pSYK,pSYK
28,UPN30,IL-7,0.1778434576435614,0.1562948984063047,0.1549608892851131,pSYK,pSTAT5
28,UPN30,Pervanadate,0.28410377580296353,0.30539482853258165,0.32266603925712234,pSYK,p4EBP1
28,UPN30,TSLP,0.14357001649011156,0.12136651463409323,0.12136651463409323,pSYK,pSYK
28,UPN30,Tofacitinib,0.1482720790738884,0.13309244738361603,0.13309244738361603,pSYK,pSYK
29,UPN31,BCR-Crosslink,1.0235380720212799,1.0719797382055327,1.1867356474759427,pSYK,p4EBP1
29,UPN31,BEZ-235,0.03898665435545516,0.03413349700884859,0.03859329597043691,pSYK,pSTAT5
29,UPN31,Dasatinib,0.04318727316839639,0.03824144590280741,0.03824144590280741,pSYK,pSYK
29,UPN31,IL-7,0.05251276212601591,0.04187685579278207,0.039365791317981944,pSYK,pSTAT5
29,UPN31,Pervanadate,0.272539834442287,0.27757219772805725,0.3022089019137869,pSYK,p4EBP1
29,UPN31,TSLP,0.06481288943048148,0.04970603565689799,0.04970603565689799,pSYK,pSYK
29,UPN31,Tofacitinib,0.05294981188380733,0.04118743181673353,0.04118743181673353,pSYK,pSYK
30,UPN47,BCR-Crosslink,0.27382532470278803,0.1659081338837479,0.14842315894337466,pSYK,p4EBP1
30,UPN47,BEZ-235,0.12630768562481134,0.07726284235625892,0.09782543668046524,pSYK,pSTAT5
30,UPN47,Dasatinib,0.107147908226688,0.06135310379931882,0.06135310379931882,pSYK,pSYK
30,UPN47,IL-7,0.09483805118292941,0.09042752117744861,0.09042752117744861,pSYK,pSYK
30,UPN47,Pervanadate,0.2664901921403047,0.18619048763294754,0.17156035459951322,pSYK,p4EBP1
30,UPN47,TSLP,0.15097650961745382,0.11120382182275043,0.11120382182275043,pSYK,pSYK
30,UPN47,Tofacitinib,0.13621261906836646,0.08312986707519289,0.08312986707519289,pSYK,pSYK
31,UPN48,BCR-Crosslink,0.630407717993023,0.4640219671591129,0.4374427934406766,pSYK,p4EBP1
31,UPN48,BEZ-235,0.30509475292220234,0.2087691183738256,0.22258442804575357,pSYK,pSTAT5
31,UPN48,Dasatinib,0.3461507779360411,0.24065198497345486,0.24065198497345486,pSYK,pSYK
31,UPN48,IL-7,0.3460234875760233,0.24232277973247038,0.25725630366423025,pSYK,pSTAT5
31,UPN48,Pervanadate,0.7986665139379892,0.6363047754429796,0.6101045209203947,pSYK,p4EBP1
31,UPN48,TSLP,0.29467012227134026,0.2013888394970948,0.2013888394970948,pSYK,pSYK
31,UPN48,Tofacitinib,0.3141187022024066,0.21655269340900463,0.21655269340900463,pSYK,pSYK
32,UPN49,BCR-Crosslink,0.5230926932858426,0.36641013556974983,0.34319469328023605,pSYK,p4EBP1
32,UPN49,BEZ-235,0.2387257038324555,0.1463576602870878,0.15695140936414156,pSYK,pSTAT5
32,UPN49,Dasatinib,0.3141761629876611,0.21024312876890042,0.21024312876890042,pSYK,pSYK
32,UPN49,IL-7,0.29062201970442136,0.19160913384094264,0.20277055217665113,pSYK,pSTAT5
32,UPN49,Pervanadate,0.5367238619362459,0.3982323512867293,0.3778387622407755,pSYK,p4EBP1
32,UPN49,TSLP,0.24105219019461274,0.20118799036540078,0.20118799036540078,pSYK,pSYK
32,UPN49,Tofacitinib,0.32419370344911863,0.22174553315031487,0.22174553315031487,pSYK,pSYK
33,UPN50,BCR-Crosslink,0.16822852087055282,0.09448776883839968,0.0810930071516701,pSYK,p4EBP1
33,UPN50,BEZ-235,0.1774149477043815,0.10663414835697133,0.11112515893180928,pSYK,pSTAT5
33,UPN50,Dasatinib,0.2005071738442215,0.123972430194249,0.123972430194249,pSYK,pSYK
33,UPN50,IL-7,0.1632655269409859,0.0983792419348217,0.10218254201087551,pSYK,pSTAT5
33,UPN50,Pervanadate,0.26725479060649676,0.18007628425329503,0.1643088954461406,pSYK,p4EBP1
33,UPN50,TSLP,0.09522101381016891,0.06503634049299402,0.06503634049299402,pSYK,pSYK
33,UPN50,Tofacitinib,0.19064111166225908,0.11900690706676012,0.11900690706676012,pSYK,pSYK
34,UPN51,BCR-Crosslink,0.28262490662264594,0.23991222848525884,0.2357626079780366,pSYK,p4EBP1
34,UPN51,BEZ-235,0.12958246115827535,0.07352532435791531,0.08233377268595554,pSYK,pSTAT5
34,UPN51,Dasatinib,0.1746712954091879,0.1072554670186363,0.1072554670186363,pSYK,pSYK
34,UPN51,IL-7,0.10416959680121439,0.0799603677941933,0.08052133499832616,pSYK,pSTAT5
34,UPN51,Pervanadate,0.3386049851521752,0.29867255156041245,0.29669247991810455,pSYK,p4EBP1
34,UPN51,TSLP,0.5840087151957614,0.6131718611646616,0.6131718611646616,pSYK,pSYK
34,UPN51,Tofacitinib,0.135416549079237,0.07946631227935085,0.07946631227935085,pSYK,pSYK
35,UPN52,BCR-Crosslink,0.6465284450572545,0.47672892693408536,0.448879145177329,pSYK,p4EBP1
35,UPN52,BEZ-235,0.3674062035553843,0.2584318780926915,0.276669774532541,pSYK,pSTAT5
35,UPN52,Dasatinib,0.3243286017610442,0.2166501876349986,0.2166501876349986,pSYK,pSYK
35,UPN52,IL-7,0.3894498239187925,0.2746166302115532,0.2935417330532798,pSYK,pSTAT5
35,UPN52,Pervanadate,0.6891592307611756,0.5337674394564381,0.5082952904541794,pSYK,p4EBP1
35,UPN52,TSLP,0.1544555091266333,0.08173312665346746,0.08173312665346746,pSYK,pSYK
35,UPN52,Tofacitinib,0.3400746963173583,0.23422332029154086,0.23422332029154086,pSYK,pSYK
36,UPN53,BCR-Crosslink,0.4258352324049051,0.517081676188615,0.5374635719122636,pSYK,p4EBP1
36,UPN53,BEZ-235,0.037141304370609904,0.019631810956426386,0.02021496284821892,pSYK,pSTAT5
36,UPN53,Dasatinib,0.06618924140922573,0.021218626636467418,0.021218626636467418,pSYK,pSYK
36,UPN53,IL-7,0.05300636377148417,0.015481216091746767,0.014194029505345054,pSYK,pSTAT5
36,UPN53,Pervanadate,1.018103716414275,1.129781694124473,1.1548806852366562,pSYK,p4EBP1
36,UPN53,TSLP,0.0467689879191526,0.02238256577797962,0.02238256577797962,pSYK,pSYK
36,UPN53,Tofacitinib,0.04896367087802407,0.02110856333545858,0.02110856333545858,pSYK,pSYK
37,UPN54,BCR-Crosslink,0.7426152101818715,0.6901964389483749,0.900120108125791,pSYK,p4EBP1
37,UPN54,BEZ-235,0.04442651563667717,0.07197434304538872,0.07197434304538872,pSYK,pSYK
37,UPN54,Dasatinib,0.24415213761914242,0.25754640847714605,0.25754640847714605,pSYK,pSYK
37,UPN54,IL-7,0.09354951790551433,0.11166554341044406,0.11166554341044406,pSYK,pSYK
37,UPN54,Pervanadate,1.553026623901183,1.4728285714228384,1.777625235373841,pSYK,p4EBP1
37,UPN54,TSLP,0.0811976962629117,0.10368319833196848,0.10368319833196848,pSYK,pSYK
37,UPN54,Tofacitinib,0.1164447276032608,0.12681989782259168,0.12681989782259168,pSYK,pSYK
38,UPN55,BCR-Crosslink,0.26870446795153424,0.17524903338567724,0.160154795218444,pSYK,p4EBP1
38,UPN55,BEZ-235,0.2913896823619006,0.1890224387404885,0.20135750627870036,pSYK,pSTAT5
38,UPN55,Dasatinib,0.29970182208747953,0.19340721180845716,0.19340721180845716,pSYK,pSYK
38,UPN55,IL-7,0.2848673112884421,0.18309667469564772,0.1948414252808988,pSYK,pSTAT5
38,UPN55,Pervanadate,0.2576488312336437,0.21511873715387017,0.2115798249431436,pSYK,p4EBP1
38,UPN55,TSLP,0.2717869494849765,0.17323945041017108,0.17323945041017108,pSYK,pSYK
38,UPN55,Tofacitinib,0.27958097242024005,0.18011607668357035,0.18011607668357035,pSYK,pSYK
39,UPN56,BCR-Crosslink,0.5461632722698138,0.3921926697764368,0.3692739448541813,pSYK,p4EBP1
39,UPN56,BEZ-235,0.2882947894690325,0.2157603151057166,0.22282855309608632,pSYK,pSTAT5
39,UPN56,Dasatinib,0.258717784322423,0.16995230902957723,0.16995230902957723,pSYK,pSYK
39,UPN56,IL-7,0.27842058681639853,0.20288034464923882,0.21001341714561803,pSYK,pSTAT5
39,UPN56,Pervanadate,0.6769399664278434,0.5311387034356327,0.5102911930570194,pSYK,p4EBP1
39,UPN56,TSLP,0.2764981513806991,0.19863728660960486,0.19863728660960486,pSYK,pSYK
39,UPN56,Tofacitinib,0.27031710305993917,0.19865808168027815,0.19865808168027815,pSYK,pSYK
40,UPN57,BCR-Crosslink,0.5314635214821186,0.4286467557653495,0.41153002234194946,pSYK,p4EBP1
40,UPN57,BEZ-235,0.49033458006657266,0.4557165111578181,0.45514303561390324,pSYK,pSTAT5
40,UPN57,Dasatinib,0.26417400578591277,0.19108792073094652,0.19108792073094652,pSYK,pSYK
40,UPN57,IL-7,0.45493929249252985,0.4217511321817503,0.4207656092811517,pSYK,pSTAT5
40,UPN57,Pervanadate,0.5462742191038349,0.43787621609089233,0.4196052036506033,pSYK,p4EBP1
40,UPN57,TSLP,0.3670850506702687,0.3178188270333321,0.3178188270333321,pSYK,pSYK
40,UPN57,Tofacitinib,0.4116237113743774,0.3775049002926455,0.3775049002926455,pSYK,pSYK
41,UPN58,BCR-Crosslink,0.34699303220842426,0.24447608824450912,0.19945655180070038,pSYK,p4EBP1
41,UPN58,BEZ-235,0.26048397223568076,0.18875265567618113,0.18656955079245324,pSYK,pSTAT5
41,UPN58,Dasatinib,0.21793202105455717,0.1471866280483567,0.1471866280483567,pSYK,pSYK
41,UPN58,IL-7,0.28783596546695867,0.21088115014842726,0.20829961430874752,pSYK,pSTAT5
41,UPN58,Pervanadate,0.5855630762631355,0.4745969246596954,0.42384381418372363,pSYK,p4EBP1
41,UPN58,TSLP,0.26026865387044185,0.18796904649636703,0.18796904649636703,pSYK,pSYK
41,UPN58,Tofacitinib,0.3022864352057219,0.223672654184383,0.223672654184383,pSYK,pSYK
42,UPN67,BCR-Crosslink,1.146480704497242,1.153491620498951,1.18939175177982,pSYK,p4EBP1
42,UPN67,BEZ-235,7.563297170602572,7.73793808690858,8.004379938765695,pSYK,pSTAT5
42,UPN67,Dasatinib,4.24757066553873,4.352780791232619,4.352780791232619,pSYK,pSYK
42,UPN67,IL-7,3.5121918049308927,3.6103335625822033,3.76654323891042,pSYK,pSTAT5
42,UPN67,Pervanadate,0.5927235209844934,0.5630898383904832,0.5152542095605537,pSYK,p4EBP1
42,UPN67,TSLP,3.902932833364588,4.040258544812212,4.040258544812212,pSYK,pSYK
42,UPN67,Tofacitinib,6.167850875578958,6.311849359536254,6.311849359536254,pSYK,pSYK
43,UPN68,BCR-Crosslink,79.75304402675158,48.72260291790732,48.72260291790732,pERK1/2,pERK1/2
43,UPN68,BEZ-235,2075.5941049175826,1889.6442183751194,1889.6442183751194,pERK1/2,pERK1/2
43,UPN68,Dasatinib,1960.1134015813968,1802.5042296910856,1859.2984446441997,pERK1/2,pAKT
43,UPN68,IL-7,2668.5281107146934,2447.6351195263946,2447.6351195263946,pERK1/2,pERK1/2
43,UPN68,Pervanadate,389.9256056314009,304.7232707947791,304.7232707947791,pERK1/2,pERK1/2
43,UPN68,TSLP,922.9888512574479,753.1247615370264,787.6966836846751,pERK1/2,pAKT
43,UPN68,Tofacitinib,2744.0722965132727,2519.384743990941,2519.384743990941,pERK1/2,pERK1/2
44,UPN69,BCR-Crosslink,1.9476771093121052,1.6214681554612556,1.832186134630416,pSYK,p4EBP1
44,UPN69,BEZ-235,4.5616558933169165,4.1161933593478315,4.1161933593478315,pSYK,pSYK
44,UPN69,Dasatinib,6.274382890194289,5.809261908437353,5.809261908437353,pSYK,pSYK
44,UPN69,IL-7,4.061123677343063,3.612540048435895,3.612540048435895,pSYK,pSYK
44,UPN69,Pervanadate,1.535076787300496,1.2293929536641992,1.425582658656832,pSYK,p4EBP1
44,UPN69,TSLP,2.5199598126621194,2.126467849135558,2.126467849135558,pSYK,pSYK
44,UPN69,Tofacitinib,4.000660870734409,3.590127228285824,3.590127228285824,pSYK,pSYK
