system,framework_layer,target_scope,comparison_level,comparator,selection_status,metric,estimate,unit_or_normalization,n_biological_units,n_scored_rows,validation_or_support_design,source_artifact,notes,read_mode,frontier_context,population_oracle_status,selection_penalty_status
RADBILL_HUMAN_PACING,REALIZED_RISK,all 8 pacing targets,baseline,C0 target-training-mean prediction,Frozen nested prediction,Mean standardized MAE,0.819522046100299,each target standardized by outer-training mean and sample SD; pooled common support,19 source; 18 common-support contributors,132 participant × target cells,Outer leave-one-participant-out; common comparator support,public_repository/analysis/06_radbill/results/RADBILL_FAIR_COMPARATOR_SUMMARY.csv,Author-marked gray and blank source values remain missing.,READ_ONLY_EXISTING_OUTPUT,FROZEN_VALUE; preserve native metric and comparator role,NOT_IDENTIFIED,NOT_IDENTIFIED
RADBILL_HUMAN_PACING,REALIZED_RISK,all 8 pacing targets,shared/global,C1 original global one-candidate rule,Frozen nested policy,Mean standardized MAE,0.80892308831684701,each target standardized by outer-training mean and sample SD; pooled common support,19 source; 18 common-support contributors,132 participant × target cells,Outer leave-one-participant-out; common comparator support,public_repository/analysis/06_radbill/results/RADBILL_FAIR_COMPARATOR_SUMMARY.csv,This is distinct from the later family-global comparison.,READ_ONLY_EXISTING_OUTPUT,FROZEN_VALUE; preserve native metric and comparator role,NOT_IDENTIFIED,NOT_IDENTIFIED
RADBILL_HUMAN_PACING,REALIZED_RISK,QT and PP families,intermediate/family,C1 family-global (one candidate within QT family and one within PP family),Frozen nested family policy,Mean standardized MAE,0.56343522093536447,each target standardized by outer-training mean and sample SD; pooled common support,19 source; 18 common-support contributors,132 participant × target cells,Outer leave-one-participant-out; family selection within training folds,public_repository/analysis/06_radbill/results/RADBILL_FAIR_COMPARATOR_SUMMARY.csv,QT and PP are source-defined physiological families.,READ_ONLY_EXISTING_OUTPUT,FROZEN_VALUE; preserve native metric and comparator role,NOT_IDENTIFIED,NOT_IDENTIFIED
RADBILL_HUMAN_PACING,REALIZED_RISK,all 8 exact pacing targets,target-specific,C2 target-specific candidate selector,Frozen nested policy,Mean standardized MAE,0.52030306666971315,each target standardized by outer-training mean and sample SD; pooled common support,19 source; 18 common-support contributors,132 participant × target cells,Outer leave-one-participant-out; common comparator support,public_repository/analysis/06_radbill/results/RADBILL_FAIR_COMPARATOR_SUMMARY.csv,C2 improves over C1 family-global by 7.655210867728004%; C2 does not beat the fixed conventional comparator.,READ_ONLY_EXISTING_OUTPUT,FROZEN_VALUE; preserve native metric and comparator role,NOT_IDENTIFIED,NOT_IDENTIFIED
RADBILL_HUMAN_PACING,REALIZED_RISK,QT and PP families,conventional,C1 fixed-family: DTend QT for QT; DTend PP for PP,Frozen protocol comparator,Mean standardized MAE,0.4881891170468286,each target standardized by outer-training mean and sample SD; pooled common support,19 source; 18 common-support contributors,132 participant × target cells,Outer leave-one-participant-out; common comparator support,public_repository/analysis/06_radbill/results/RADBILL_FAIR_COMPARATOR_SUMMARY.csv,Fixed family comparator has lower error than C2.,READ_ONLY_EXISTING_OUTPUT,FROZEN_VALUE; preserve native metric and comparator role,NOT_IDENTIFIED,NOT_IDENTIFIED
RADBILL_HUMAN_PACING,REALIZED_RISK,all 8 targets,oracle,C3 all-data in-sample target-specific selection,Retrospective; not validation evidence,Mean standardized MAE,0.39955870884299999,target standardized MAE; all-data selection,19 source participants; nonvalidating,,In-sample optimistic comparator,public_repository/analysis/06_radbill/results/RADBILL_COMPARATOR_SUMMARY.csv,All-data oracle; exclude from deployable risk comparisons.,READ_ONLY_EXISTING_OUTPUT,FROZEN_VALUE; preserve native metric and comparator role,NOT_IDENTIFIED,NOT_IDENTIFIED
TANNER_RAT_TRABECULA,REALIZED_RISK,all 4 exact strain-rate targets,baseline,C0 target mean,Frozen nested prediction,MAE,2.2108611431187701,"native outcome units, mN/mm²",7 trabeculae,28 trabecula × target predictions,Outer leave-one-trabecula-out,public_repository/analysis/07_tanner/results/TANNER_GLOBAL_COMPARATOR_RESULTS.csv,Primary peak-stress response endpoint.,READ_ONLY_EXISTING_OUTPUT,FROZEN_VALUE; preserve native metric and comparator role,NOT_IDENTIFIED,NOT_IDENTIFIED
TANNER_RAT_TRABECULA,REALIZED_RISK,all 4 exact strain-rate targets,shared/global,C1 nested global fixed candidate,Frozen nested policy,MAE,0.64406200000000002,"native outcome units, mN/mm²",7 trabeculae,28 trabecula × target predictions,Outer leave-one-trabecula-out; inner leave-one-trabecula-out,P2_TANNER_DUAL_Q1_UPLIFT_FINAL_REVIEW_2026-10-02/TANNER_PRIMARY_ANALYSIS_REPORT.md,The global candidate is shared across all four target rates.,READ_ONLY_EXISTING_OUTPUT,FROZEN_VALUE; preserve native metric and comparator role,NOT_IDENTIFIED,NOT_IDENTIFIED
TANNER_RAT_TRABECULA,REALIZED_RISK,all 4 exact strain-rate targets,target-specific,C2 per-target nested candidate,Frozen nested policy,MAE,0.62569300000000005,"native outcome units, mN/mm²",7 trabeculae,28 trabecula × target predictions,Outer leave-one-trabecula-out; inner leave-one-trabecula-out,P2_TANNER_DUAL_Q1_UPLIFT_FINAL_REVIEW_2026-10-02/TANNER_PRIMARY_ANALYSIS_REPORT.md,Only 2.85% lower than C1; wins 17.9% of paired subject-target cells.,READ_ONLY_EXISTING_OUTPUT,FROZEN_VALUE; preserve native metric and comparator role,NOT_IDENTIFIED,NOT_IDENTIFIED
TANNER_RAT_TRABECULA,REALIZED_RISK,all 4 exact strain-rate targets,conventional,C4 nearest log-rate heuristic,Frozen protocol heuristic,MAE,0.61712900000000004,"native outcome units, mN/mm²",7 trabeculae,28 trabecula × target predictions,Outer leave-one-trabecula-out,P2_TANNER_DUAL_Q1_UPLIFT_FINAL_REVIEW_2026-10-02/TANNER_PRIMARY_ANALYSIS_REPORT.md,Conventional heuristic has lower MAE than C2.,READ_ONLY_EXISTING_OUTPUT,FROZEN_VALUE; preserve native metric and comparator role,NOT_IDENTIFIED,NOT_IDENTIFIED
TANNER_RAT_TRABECULA,REALIZED_RISK,all 4 exact strain-rate targets,random comparator,C3 exact random-policy expectation over 16 assignments,Frozen exhaustive comparator; not selected from data,MAE,0.61586099999999999,"native outcome units, mN/mm²",7 trabeculae,16 policies × 28 heldout cells; policy mean is descriptive,Outer leave-one-trabecula-out errors enumerated across exact assignment set,P2_TANNER_DUAL_Q1_UPLIFT_FINAL_REVIEW_2026-10-02/TANNER_PRIMARY_ANALYSIS_REPORT.md,Random-policy expectation is not the all-data oracle.,READ_ONLY_EXISTING_OUTPUT,FROZEN_VALUE; preserve native metric and comparator role,NOT_IDENTIFIED,NOT_IDENTIFIED
TANNER_RAT_TRABECULA,REALIZED_RISK,all 4 exact strain-rate targets,oracle,C5 all-outcome oracle upper bound,Retrospective; deliberately leaks heldout errors,MAE,0.6038,"native outcome units, mN/mm²",7 trabeculae; outcomes reused for selection,28 reused heldout prediction cells,Optimistic nonvalidating oracle,P2_TANNER_DUAL_Q1_UPLIFT_FINAL_REVIEW_2026-10-02/TANNER_PRIMARY_ANALYSIS_REPORT.md,Not an outer validated policy.,READ_ONLY_EXISTING_OUTPUT,FROZEN_VALUE; preserve native metric and comparator role,NOT_IDENTIFIED,NOT_IDENTIFIED
