target,domain,accounting_view,budget,selected_scalar_ids,n_scalar_observations,baseline_bounded_local_width_pp,after_panel_bounded_local_width_pp,bounded_width_reduction_pp,bounded_width_reduction_pct,best_full_single_CM_spectrum_bounded_utility_ratio,all_selected_endpoints_feasible,all_selected_endpoint_optimizers_converged,optimizer_all_attempts_recorded,maximum_endpoint_constraint_slack
ATP0.1,P1_pair_plus_0.5,scalar_count,1,CM_Pi5_0.14678Hz_Re,1,104.85411747703978,104.0255673851004,0.8285500919393769,0.790193186377075,0.042858038230694215,True,False,True,1.0836664898761228e-11
ATP0.1,P1_pair_plus_0.5,scalar_count,2,CM_Pi5_0.14678Hz_Re;stress_ATP1,2,104.85411747703978,103.02590604650848,1.8282114305312973,1.7435761937833583,0.09456707101450114,True,False,True,1.0836664898761228e-11
ATP0.1,P1_pair_plus_0.5,scalar_count,4,CM_Pi5_0.14678Hz_Re;stress_ATP1;CM_ATP1_0.14678Hz_Re;CM_ATP1_21.5443Hz_Re,4,104.85411747703978,100.29063246685297,4.56348501018681,4.3522229932325684,0.236053338156043,True,False,True,1.0836664898761228e-11
ATP0.1,P1_pair_plus_0.5,scalar_count,6,CM_Pi5_0.14678Hz_Re;stress_ATP1;CM_ATP1_0.14678Hz_Re;CM_ATP1_21.5443Hz_Re;CM_ATP1_0.215443Hz_Re;stress_Pi5,6,104.85411747703978,94.41471160799497,10.439405869044805,9.95612391790981,0.5399944556085958,True,False,True,8.04569744161654e-11
ATP0.1,P1_pair_plus_0.5,scalar_count,8,CM_Pi5_0.14678Hz_Re;stress_ATP1;CM_ATP1_0.14678Hz_Re;CM_ATP1_21.5443Hz_Re;CM_ATP1_0.215443Hz_Re;stress_Pi5;CM_Pi0_0.681292Hz_Im;CM_ATP1_0.316228Hz_Re,8,104.85411747703978,90.98121488131957,13.872902595720205,13.2306703156011,0.7175973976737867,True,False,True,1.0836664898761228e-11
ATP0.1,P1_pair_plus_0.5,frequency_assay_unit,1,CM_ATP1_0.316228Hz_Re;CM_ATP1_0.316228Hz_Im,2,104.85411747703978,102.99212362088873,1.8619938561510452,1.7757946954813364,0.09631451936170701,True,False,True,1.0836664898761228e-11
ATP0.1,P1_pair_plus_0.5,frequency_assay_unit,2,CM_ATP1_0.316228Hz_Re;CM_ATP1_0.316228Hz_Im;CM_Pi5_0.464159Hz_Re;CM_Pi5_0.464159Hz_Im,4,104.85411747703978,99.88556871427153,4.9685487627682505,4.738534720733522,0.2570058888381255,True,False,True,1.0836664898761228e-11
ATP0.1,P1_pair_plus_0.5,frequency_assay_unit,3,CM_ATP1_0.316228Hz_Re;CM_ATP1_0.316228Hz_Im;CM_Pi5_0.464159Hz_Re;CM_Pi5_0.464159Hz_Im;CM_ATP1_2.15443Hz_Re;CM_ATP1_2.15443Hz_Im,6,104.85411747703978,95.13545040219486,9.718667074844916,9.268751012064968,0.5027131239224684,True,False,True,1.0836664898761228e-11
ATP0.1,P1_pair_plus_0.5,unit_pattern:one_stress,1,stress_ATP1,1,104.85411747703978,103.78905553902004,1.0650619380197384,1.015755950883812,0.05509198019743514,True,False,True,1.0836664898761228e-11
ATP0.1,P1_pair_plus_0.5,unit_pattern:one_CM_frequency,1,CM_ATP1_0.316228Hz_Re;CM_ATP1_0.316228Hz_Im,2,104.85411747703978,102.99212362088873,1.8619938561510452,1.7757946954813364,0.09631451936170701,True,False,True,1.0836664898761228e-11
ATP0.1,P1_pair_plus_0.5,unit_pattern:stress_plus_one_CM,2,stress_ATP1;CM_ATP1_0.316228Hz_Re;CM_ATP1_0.316228Hz_Im,3,104.85411747703978,101.6132565911457,3.2408608858940795,3.0908284422914933,0.1676385545053717,True,False,True,2.0807799927524684e-11
ATP0.1,P1_pair_plus_0.5,unit_pattern:two_CM_frequencies,2,CM_ATP1_3.16228Hz_Re;CM_ATP1_3.16228Hz_Im;CM_Pi5_0.464159Hz_Re;CM_Pi5_0.464159Hz_Im,4,104.85411747703978,98.03651467308708,6.8176028039526955,6.501988637161116,0.35265107620659286,True,False,True,1.0836664898761228e-11
ATP0.1,P1_pair_plus_0.5,unit_pattern:stress_plus_two_CM,3,stress_ATP1;CM_ATP1_2.15443Hz_Re;CM_ATP1_2.15443Hz_Im;CM_Pi5_0.464159Hz_Re;CM_Pi5_0.464159Hz_Im,5,104.85411747703978,92.64123063170193,12.212886845337849,11.647503349605836,0.6317305090142087,True,False,True,1.0836664898761228e-11
ATP0.1,P1_pair_plus_0.5,unit_pattern:three_CM_frequencies,3,CM_ATP1_1.4678Hz_Re;CM_ATP1_1.4678Hz_Im;CM_Pi0_3.16228Hz_Re;CM_Pi0_3.16228Hz_Im;CM_Pi5_68.1292Hz_Re;CM_Pi5_68.1292Hz_Im,6,104.85411747703978,97.4208220350485,7.433295441991277,7.0891783945623015,0.38449873258383116,True,False,True,1.0836664898761228e-11
ATP1,P1_pair_plus_0.5,scalar_count,1,CM_Pi5_6.81292Hz_Re,1,42.05868571928019,41.892903371985895,0.16578234729429653,0.3941691102779754,0.00867595180353342,True,False,True,6.021450005277984e-11
ATP1,P1_pair_plus_0.5,scalar_count,2,CM_Pi5_6.81292Hz_Re;CM_ATP0.1_21.5443Hz_Re,2,42.05868571928019,36.66851661885076,5.390169100429432,12.815828664751916,0.28208580763550156,True,True,True,6.021450005277984e-11
ATP1,P1_pair_plus_0.5,scalar_count,4,CM_Pi5_6.81292Hz_Re;CM_ATP0.1_21.5443Hz_Re;stress_ATP0.1;CM_Pi0_2.15443Hz_Im,4,42.05868571928019,20.963006946095962,21.09567877318423,50.157722269276064,1.1040083295120897,True,False,True,6.021450005277984e-11
ATP1,P1_pair_plus_0.5,scalar_count,6,CM_Pi5_6.81292Hz_Re;CM_ATP0.1_21.5443Hz_Re;stress_ATP0.1;CM_Pi0_2.15443Hz_Im;stress_Pi5;CM_ATP0.1_0.14678Hz_Re,6,42.05868571928019,19.215510638646684,22.843175080633507,54.31262220864388,1.1954607307340872,True,True,True,6.021450005277984e-11
ATP1,P1_pair_plus_0.5,scalar_count,8,CM_Pi5_6.81292Hz_Re;CM_ATP0.1_21.5443Hz_Re;stress_ATP0.1;CM_Pi0_2.15443Hz_Im;stress_Pi5;CM_ATP0.1_0.14678Hz_Re;CM_ATP0.1_0.14678Hz_Im;CM_ATP0.1_68.1292Hz_Im,8,42.05868571928019,18.11472768611467,23.943958033165522,56.92987696519802,1.2530684314222988,True,True,True,6.021450005277984e-11
ATP1,P1_pair_plus_0.5,frequency_assay_unit,1,CM_ATP0.1_0.14678Hz_Re;CM_ATP0.1_0.14678Hz_Im,2,42.05868571928019,34.4821948742354,7.576490845044795,18.014093202088922,0.39650343045771486,True,True,True,6.021450005277984e-11
ATP1,P1_pair_plus_0.5,frequency_assay_unit,2,CM_ATP0.1_0.14678Hz_Re;CM_ATP0.1_0.14678Hz_Im;stress_ATP0.1,3,42.05868571928019,21.072555761719713,20.98612995756048,49.897255700361065,1.0982752689058322,True,True,True,6.021450005277984e-11
ATP1,P1_pair_plus_0.5,frequency_assay_unit,3,CM_ATP0.1_0.14678Hz_Re;CM_ATP0.1_0.14678Hz_Im;stress_ATP0.1;CM_ATP0.1_68.1292Hz_Re;CM_ATP0.1_68.1292Hz_Im,5,42.05868571928019,19.45650441389329,22.602181305386903,53.739628138274895,1.1828487101352991,True,False,True,6.021450005277984e-11
ATP1,P1_pair_plus_0.5,unit_pattern:one_stress,1,stress_ATP0.1,1,42.05868571928019,23.671301452341254,18.387384266938938,43.71839954692152,0.9622741039479733,True,True,True,6.021450005277984e-11
ATP1,P1_pair_plus_0.5,unit_pattern:one_CM_frequency,1,CM_ATP0.1_0.14678Hz_Re;CM_ATP0.1_0.14678Hz_Im,2,42.05868571928019,34.4821948742354,7.576490845044795,18.014093202088922,0.39650343045771486,True,True,True,6.021450005277984e-11
ATP1,P1_pair_plus_0.5,unit_pattern:stress_plus_one_CM,2,stress_ATP0.1;CM_ATP0.1_0.14678Hz_Re;CM_ATP0.1_0.14678Hz_Im,3,42.05868571928019,21.072555761946173,20.98612995733402,49.897255699822615,1.0982752688939807,True,True,True,6.021450005277984e-11
ATP1,P1_pair_plus_0.5,unit_pattern:two_CM_frequencies,2,CM_ATP0.1_0.14678Hz_Re;CM_ATP0.1_0.14678Hz_Im;CM_ATP0.1_1Hz_Re;CM_ATP0.1_1Hz_Im,4,42.05868571928019,27.547817575755776,14.510868143524416,34.5014778644699,0.7594028839340576,True,True,True,6.021450005277984e-11
ATP1,P1_pair_plus_0.5,unit_pattern:stress_plus_two_CM,3,stress_ATP0.1;CM_ATP0.1_0.14678Hz_Re;CM_ATP0.1_0.14678Hz_Im;CM_ATP0.1_68.1292Hz_Re;CM_ATP0.1_68.1292Hz_Im,5,42.05868571928019,19.45650441316596,22.602181306114232,53.739628140004214,1.182848710173363,True,True,True,6.570655131099556e-11
ATP1,P1_pair_plus_0.5,unit_pattern:three_CM_frequencies,3,CM_ATP0.1_0.316228Hz_Re;CM_ATP0.1_0.316228Hz_Im;CM_ATP0.1_1.4678Hz_Re;CM_ATP0.1_1.4678Hz_Im;CM_Pi5_21.5443Hz_Re;CM_Pi5_21.5443Hz_Im,6,42.05868571928019,26.975373191891997,15.083312527388195,35.862538901147424,0.7893608376345744,True,True,True,6.021450005277984e-11
Pi0,P1_pair_plus_0.5,scalar_count,1,CM_Pi5_21.5443Hz_Re,1,30.571304767935924,27.84798389292879,2.7233208750071327,8.908095011579064,0.2180507475668186,True,False,True,-1.2594369991347776e-12
Pi0,P1_pair_plus_0.5,scalar_count,2,CM_Pi5_21.5443Hz_Re;CM_ATP1_21.5443Hz_Re,2,30.571304767935924,27.76924472650584,2.802060041430085,9.165654075612007,0.22435523201405363,True,False,True,2.8070878954622458e-12
Pi0,P1_pair_plus_0.5,scalar_count,4,CM_Pi5_21.5443Hz_Re;CM_ATP1_21.5443Hz_Re;CM_ATP0.1_46.4159Hz_Re;CM_Pi5_14.678Hz_Re,4,30.571304767935924,26.723773653169,3.847531114766923,12.585433117667666,0.3080639683560334,True,False,True,8.433254095052689e-13
Pi0,P1_pair_plus_0.5,scalar_count,6,CM_Pi5_21.5443Hz_Re;CM_ATP1_21.5443Hz_Re;CM_ATP0.1_46.4159Hz_Re;CM_Pi5_14.678Hz_Re;CM_ATP0.1_0.14678Hz_Im;CM_ATP0.1_2.15443Hz_Im,6,30.571304767935924,22.597321395271983,7.973983372663941,26.083228809479163,0.638460583712964,True,False,True,2.9625191189097677e-12
Pi0,P1_pair_plus_0.5,scalar_count,8,CM_Pi5_21.5443Hz_Re;CM_ATP1_21.5443Hz_Re;CM_ATP0.1_46.4159Hz_Re;CM_Pi5_14.678Hz_Re;CM_ATP0.1_0.14678Hz_Im;CM_ATP0.1_2.15443Hz_Im;CM_Pi5_31.6228Hz_Re;stress_ATP0.1,8,30.571304767935924,16.4742109798514,14.097093788084525,46.112175764476916,1.128725545058415,True,False,True,-6.052935930256353e-13
Pi0,P1_pair_plus_0.5,frequency_assay_unit,1,CM_ATP0.1_0.14678Hz_Re;CM_ATP0.1_0.14678Hz_Im,2,30.571304767935924,26.638804070492874,3.93250069744305,12.86337213048091,0.3148673095241657,True,False,True,-1.2594369991347776e-12
Pi0,P1_pair_plus_0.5,frequency_assay_unit,2,CM_ATP0.1_0.14678Hz_Re;CM_ATP0.1_0.14678Hz_Im;CM_Pi5_31.6228Hz_Re;CM_Pi5_31.6228Hz_Im,4,30.571304767935924,24.60195863463769,5.9693461332982345,19.525977640179292,0.47795336891667933,True,False,True,-1.2594369991347776e-12
Pi0,P1_pair_plus_0.5,frequency_assay_unit,3,CM_ATP0.1_0.14678Hz_Re;CM_ATP0.1_0.14678Hz_Im;CM_Pi5_31.6228Hz_Re;CM_Pi5_31.6228Hz_Im;CM_ATP0.1_14.678Hz_Re;CM_ATP0.1_14.678Hz_Im,6,30.571304767935924,22.531097290017257,8.040207477918667,26.299850591759732,0.6437630127400609,True,False,True,-1.2594369991347776e-12
Pi0,P1_pair_plus_0.5,unit_pattern:one_stress,1,stress_Pi5,1,30.571304767935924,30.152572349890356,0.41873241804556827,1.3696910263534035,0.0335270506032671,True,False,True,-1.2594369991347776e-12
Pi0,P1_pair_plus_0.5,unit_pattern:one_CM_frequency,1,CM_ATP0.1_0.14678Hz_Re;CM_ATP0.1_0.14678Hz_Im,2,30.571304767935924,26.638804070492874,3.93250069744305,12.86337213048091,0.3148673095241657,True,False,True,-1.2594369991347776e-12
Pi0,P1_pair_plus_0.5,unit_pattern:stress_plus_one_CM,2,stress_ATP0.1;CM_Pi5_14.678Hz_Re;CM_Pi5_14.678Hz_Im,3,30.571304767935924,22.98556578116423,7.585738986771695,24.813265394965544,0.6073746476562358,True,False,True,-1.2594369991347776e-12
Pi0,P1_pair_plus_0.5,unit_pattern:two_CM_frequencies,2,CM_ATP0.1_0.316228Hz_Re;CM_ATP0.1_0.316228Hz_Im;CM_ATP0.1_14.678Hz_Re;CM_ATP0.1_14.678Hz_Im,4,30.571304767935924,23.987378520059842,6.583926247876082,21.53629456725542,0.5271615451008573,True,False,True,-1.2594369991347776e-12
Pi0,P1_pair_plus_0.5,unit_pattern:stress_plus_two_CM,3,stress_ATP0.1;CM_ATP0.1_1Hz_Re;CM_ATP0.1_1Hz_Im;CM_ATP0.1_10Hz_Re;CM_ATP0.1_10Hz_Im,5,30.571304767935924,20.507849654280488,10.063455113655436,32.917977135899946,0.8057603240132121,True,False,True,-1.2594369991347776e-12
Pi0,P1_pair_plus_0.5,unit_pattern:three_CM_frequencies,3,CM_ATP0.1_0.316228Hz_Re;CM_ATP0.1_0.316228Hz_Im;CM_ATP0.1_14.678Hz_Re;CM_ATP0.1_14.678Hz_Im;CM_Pi5_31.6228Hz_Re;CM_Pi5_31.6228Hz_Im,6,30.571304767935924,22.411739449259656,8.159565318676268,26.690275016440445,0.6533197515893117,True,False,True,-1.2594369991347776e-12
Pi5,P1_pair_plus_0.5,scalar_count,1,CM_Pi0_1.4678Hz_Re,1,22.33530296464383,22.1966500018925,0.13865296275132977,0.620779413517758,0.022709352454371674,True,False,True,-3.1645797093915462e-12
Pi5,P1_pair_plus_0.5,scalar_count,2,CM_Pi0_1.4678Hz_Re;stress_ATP1,2,22.33530296464383,19.81519651586347,2.5201064487803606,11.283063644892666,0.4127570333316898,True,False,True,-9.108269694024784e-13
Pi5,P1_pair_plus_0.5,scalar_count,4,CM_Pi0_1.4678Hz_Re;stress_ATP1;CM_Pi0_6.81292Hz_Re;CM_ATP0.1_2.15443Hz_Im,4,22.33530296464383,17.58124714069725,4.7540558239465796,21.284939951215875,0.7786456715489536,True,True,True,-3.1645797093915462e-12
Pi5,P1_pair_plus_0.5,scalar_count,6,CM_Pi0_1.4678Hz_Re;stress_ATP1;CM_Pi0_6.81292Hz_Re;CM_ATP0.1_2.15443Hz_Im;CM_Pi0_2.15443Hz_Im;CM_Pi0_0.464159Hz_Im,6,22.33530296464383,16.96571739719493,5.369585567448901,24.040800234269522,0.879460552197504,True,True,True,-3.1645797093915462e-12
Pi5,P1_pair_plus_0.5,scalar_count,8,CM_Pi0_1.4678Hz_Re;stress_ATP1;CM_Pi0_6.81292Hz_Re;CM_ATP0.1_2.15443Hz_Im;CM_Pi0_2.15443Hz_Im;CM_Pi0_0.464159Hz_Im;stress_Pi0;CM_Pi0_1Hz_Im,8,22.33530296464383,15.004018933466304,7.3312840311775265,32.823750108887026,1.2007584237901219,True,True,True,-3.1645797093915462e-12
Pi5,P1_pair_plus_0.5,frequency_assay_unit,1,CM_ATP0.1_0.14678Hz_Re;CM_ATP0.1_0.14678Hz_Im,2,22.33530296464383,20.14775176295541,2.1875512016884215,9.794141611382013,0.35828928762396905,True,True,True,-3.1645797093915462e-12
Pi5,P1_pair_plus_0.5,frequency_assay_unit,2,CM_ATP0.1_0.14678Hz_Re;CM_ATP0.1_0.14678Hz_Im;CM_ATP0.1_14.678Hz_Re;CM_ATP0.1_14.678Hz_Im,4,22.33530296464383,19.121781199749943,3.213521764893887,14.387634544204763,0.5263284457155958,True,True,True,-3.1645797093915462e-12
Pi5,P1_pair_plus_0.5,frequency_assay_unit,3,CM_ATP0.1_0.14678Hz_Re;CM_ATP0.1_0.14678Hz_Im;CM_ATP0.1_14.678Hz_Re;CM_ATP0.1_14.678Hz_Im;stress_Pi0,5,22.33530296464383,15.72045598585341,6.614846978790419,29.616105898637414,1.0834163835539574,True,False,True,-1.4921397450962104e-12
Pi5,P1_pair_plus_0.5,unit_pattern:one_stress,1,stress_ATP1,1,22.33530296464383,19.979288265269858,2.356014699373972,10.548389261177604,0.3858811750869054,True,True,True,1.2434497875801753e-14
Pi5,P1_pair_plus_0.5,unit_pattern:one_CM_frequency,1,CM_ATP0.1_0.14678Hz_Re;CM_ATP0.1_0.14678Hz_Im,2,22.33530296464383,20.14775176295541,2.1875512016884215,9.794141611382013,0.35828928762396905,True,True,True,-3.1645797093915462e-12
Pi5,P1_pair_plus_0.5,unit_pattern:stress_plus_one_CM,2,stress_ATP0.1;CM_Pi0_14.678Hz_Re;CM_Pi0_14.678Hz_Im,3,22.33530296464383,13.382100814153336,8.953202150490494,40.08542962082567,1.4664051831000422,True,True,True,-3.1645797093915462e-12
Pi5,P1_pair_plus_0.5,unit_pattern:two_CM_frequencies,2,CM_ATP0.1_0.464159Hz_Re;CM_ATP0.1_0.464159Hz_Im;CM_ATP0.1_14.678Hz_Re;CM_ATP0.1_14.678Hz_Im,4,22.33530296464383,19.71918486391023,2.616118100733601,11.712928653239418,0.4284823550317607,True,True,True,1.814504102526371e-11
Pi5,P1_pair_plus_0.5,unit_pattern:stress_plus_two_CM,3,stress_ATP0.1;CM_ATP0.1_1Hz_Re;CM_ATP0.1_1Hz_Im;CM_ATP0.1_14.678Hz_Re;CM_ATP0.1_14.678Hz_Im,5,22.33530296464383,12.903820318640221,9.431482646003609,42.226795226075,1.5447406194955742,True,True,True,-3.1645797093915462e-12
Pi5,P1_pair_plus_0.5,unit_pattern:three_CM_frequencies,3,CM_ATP0.1_0.464159Hz_Re;CM_ATP0.1_0.464159Hz_Im;CM_ATP0.1_1.4678Hz_Re;CM_ATP0.1_1.4678Hz_Im;CM_ATP0.1_14.678Hz_Re;CM_ATP0.1_14.678Hz_Im,6,22.33530296464383,18.78810174419765,3.54720122044618,15.881589903039606,0.580980320529913,True,True,True,-3.1645797093915462e-12
ATP0.1,P1_pair_plus_1.0,scalar_count,1,stress_ATP1,1,163.52487686283428,128.30050193325982,35.22437492957445,21.54068274218661,0.4177127599001849,True,False,True,-6.905320759642564e-11
ATP0.1,P1_pair_plus_1.0,scalar_count,2,stress_ATP1;CM_ATP1_68.1292Hz_Re,2,163.52487686283428,114.03827895795183,49.486597904882444,30.26242786679615,0.5868431570538273,True,False,True,-1.7308696698137283e-09
ATP0.1,P1_pair_plus_1.0,scalar_count,4,stress_ATP1;CM_ATP1_68.1292Hz_Re;CM_ATP1_4.64159Hz_Im;CM_Pi5_2.15443Hz_Im,4,163.52487686283428,102.07096190345362,61.453914959380654,37.580774337429155,0.7287591185273667,True,False,True,-3.97335497837048e-10
ATP0.1,P1_pair_plus_1.0,scalar_count,6,stress_ATP1;CM_ATP1_68.1292Hz_Re;CM_ATP1_4.64159Hz_Im;CM_Pi5_2.15443Hz_Im;CM_ATP1_46.4159Hz_Re;CM_ATP1_6.81292Hz_Im,6,163.52487686283428,94.53996347967325,68.98491338316103,42.18618885799622,0.8180664275340066,True,False,True,-3.08602032816907e-11
ATP0.1,P1_pair_plus_1.0,scalar_count,8,stress_ATP1;CM_ATP1_68.1292Hz_Re;CM_ATP1_4.64159Hz_Im;CM_Pi5_2.15443Hz_Im;CM_ATP1_46.4159Hz_Re;CM_ATP1_6.81292Hz_Im;CM_ATP1_3.16228Hz_Im;CM_ATP1_31.6228Hz_Re,8,163.52487686283428,92.13891151091259,71.38596535192168,43.65449876583652,0.8465396097136769,True,False,True,-1.5347723092418164e-11
ATP0.1,P1_pair_plus_1.0,frequency_assay_unit,1,CM_ATP1_21.5443Hz_Re;CM_ATP1_21.5443Hz_Im,2,163.52487686283428,122.3542763009769,41.17060056185737,25.176964723472338,0.48822683785944215,True,False,True,-4.2091308216640755e-10
ATP0.1,P1_pair_plus_1.0,frequency_assay_unit,2,CM_ATP1_21.5443Hz_Re;CM_ATP1_21.5443Hz_Im;CM_ATP1_3.16228Hz_Re;CM_ATP1_3.16228Hz_Im,4,163.52487686283428,113.51653262414654,50.00834423868774,30.581490228324746,0.5930303527527531,True,False,True,-1.7308696698137283e-09
ATP0.1,P1_pair_plus_1.0,frequency_assay_unit,3,CM_ATP1_21.5443Hz_Re;CM_ATP1_21.5443Hz_Im;CM_ATP1_3.16228Hz_Re;CM_ATP1_3.16228Hz_Im;stress_ATP1,5,163.52487686283428,101.67737510244942,61.84750176038486,37.82146358823615,0.733426517998229,True,False,True,-1.6362600163688512e-10
ATP0.1,P1_pair_plus_1.0,unit_pattern:one_stress,1,stress_ATP1,1,163.52487686283428,128.30050193325982,35.22437492957445,21.54068274218661,0.4177127599001849,True,False,True,-6.905320759642564e-11
ATP0.1,P1_pair_plus_1.0,unit_pattern:one_CM_frequency,1,CM_ATP1_21.5443Hz_Re;CM_ATP1_21.5443Hz_Im,2,163.52487686283428,122.3542763009769,41.17060056185737,25.176964723472338,0.48822683785944215,True,False,True,-4.2091308216640755e-10
ATP0.1,P1_pair_plus_1.0,unit_pattern:stress_plus_one_CM,2,stress_ATP1;CM_ATP1_14.678Hz_Re;CM_ATP1_14.678Hz_Im,3,163.52487686283428,106.97893152845916,56.54594533437512,34.5794147160901,0.670557332358947,True,False,True,-1.2598810883446276e-12
ATP0.1,P1_pair_plus_1.0,unit_pattern:two_CM_frequencies,2,CM_ATP1_3.16228Hz_Re;CM_ATP1_3.16228Hz_Im;CM_ATP1_31.6228Hz_Re;CM_ATP1_31.6228Hz_Im,4,163.52487686283428,113.24588885893115,50.27898800390312,30.746996401090378,0.5962398164932431,True,False,True,-1.0832863495124911e-09
ATP0.1,P1_pair_plus_1.0,unit_pattern:stress_plus_two_CM,3,stress_ATP1;CM_ATP1_3.16228Hz_Re;CM_ATP1_3.16228Hz_Im;CM_ATP1_31.6228Hz_Re;CM_ATP1_31.6228Hz_Im,5,163.52487686283428,101.05248319632322,62.47239366651105,38.20360232951791,0.7408368786723116,True,False,True,-8.571365839316059e-12
ATP0.1,P1_pair_plus_1.0,unit_pattern:three_CM_frequencies,3,CM_ATP1_4.64159Hz_Re;CM_ATP1_4.64159Hz_Im;CM_ATP1_31.6228Hz_Re;CM_ATP1_31.6228Hz_Im;CM_Pi5_2.15443Hz_Re;CM_Pi5_2.15443Hz_Im,6,163.52487686283428,107.79102662545154,55.73385023738274,34.082796028724516,0.660926998678241,True,False,True,-1.7308696698137283e-09
ATP1,P1_pair_plus_1.0,scalar_count,1,stress_ATP0.1,1,69.31692955431363,28.432045137503707,40.884884416809925,58.98253814715547,0.8763025250868699,True,False,True,-7.45092876286435e-12
ATP1,P1_pair_plus_1.0,scalar_count,2,stress_ATP0.1;CM_Pi5_3.16228Hz_Re,2,69.31692955431363,28.34476265217453,40.9721669021391,59.10845613846058,0.878173286454569,True,False,True,-7.45092876286435e-12
ATP1,P1_pair_plus_1.0,scalar_count,4,stress_ATP0.1;CM_Pi5_3.16228Hz_Re;CM_ATP0.1_2.15443Hz_Im;CM_ATP0.1_21.5443Hz_Im,4,69.31692955431363,22.248087385413662,47.06884216889997,67.90381869413147,1.008845832240234,True,False,True,-3.084643651618535e-12
ATP1,P1_pair_plus_1.0,scalar_count,6,stress_ATP0.1;CM_Pi5_3.16228Hz_Re;CM_ATP0.1_2.15443Hz_Im;CM_ATP0.1_21.5443Hz_Im;CM_Pi5_1.4678Hz_Im;CM_ATP0.1_3.16228Hz_Im,6,69.31692955431363,20.39106592144421,48.92586363286942,70.58284887609356,1.0486481362268847,True,False,True,6.284484044272176e-11
ATP1,P1_pair_plus_1.0,scalar_count,8,stress_ATP0.1;CM_Pi5_3.16228Hz_Re;CM_ATP0.1_2.15443Hz_Im;CM_ATP0.1_21.5443Hz_Im;CM_Pi5_1.4678Hz_Im;CM_ATP0.1_3.16228Hz_Im;CM_ATP0.1_1.4678Hz_Im;CM_Pi5_4.64159Hz_Re,8,69.31692955431363,18.97674317882265,50.34018637549098,72.62322018468326,1.0789618966379937,True,False,True,-7.45092876286435e-12
ATP1,P1_pair_plus_1.0,frequency_assay_unit,1,stress_ATP0.1,1,69.31692955431363,28.432045137503707,40.884884416809925,58.98253814715547,0.8763025250868699,True,False,True,-7.45092876286435e-12
ATP1,P1_pair_plus_1.0,frequency_assay_unit,2,stress_ATP0.1;CM_Pi5_2.15443Hz_Re;CM_Pi5_2.15443Hz_Im,3,69.31692955431363,26.778713759952566,42.538215794361065,61.3677150270051,0.9117390557661087,True,False,True,-7.45092876286435e-12
ATP1,P1_pair_plus_1.0,frequency_assay_unit,3,stress_ATP0.1;CM_Pi5_2.15443Hz_Re;CM_Pi5_2.15443Hz_Im;CM_ATP0.1_10Hz_Re;CM_ATP0.1_10Hz_Im,5,69.31692955431363,20.587315102959895,48.72961445135374,70.2997301880941,1.044441846891315,True,False,True,-2.9412028368369647e-12
ATP1,P1_pair_plus_1.0,unit_pattern:one_stress,1,stress_ATP0.1,1,69.31692955431363,28.432045137503707,40.884884416809925,58.98253814715547,0.8763025250868699,True,False,True,-7.45092876286435e-12
ATP1,P1_pair_plus_1.0,unit_pattern:one_CM_frequency,1,CM_ATP0.1_0.14678Hz_Re;CM_ATP0.1_0.14678Hz_Im,2,69.31692955431363,42.64822946516611,26.66870008914752,38.47357385940058,0.5716012057330369,True,False,True,-7.45092876286435e-12
ATP1,P1_pair_plus_1.0,unit_pattern:stress_plus_one_CM,2,stress_ATP0.1;CM_Pi5_2.15443Hz_Re;CM_Pi5_2.15443Hz_Im,3,69.31692955431363,26.778713759952566,42.538215794361065,61.3677150270051,0.9117390557661087,True,False,True,-7.45092876286435e-12
ATP1,P1_pair_plus_1.0,unit_pattern:two_CM_frequencies,2,CM_ATP0.1_2.15443Hz_Re;CM_ATP0.1_2.15443Hz_Im;CM_ATP0.1_21.5443Hz_Re;CM_ATP0.1_21.5443Hz_Im,4,69.31692955431363,28.447575213604082,40.86935434070955,58.96013369819874,0.8759696625853446,True,False,True,-7.45092876286435e-12
ATP1,P1_pair_plus_1.0,unit_pattern:stress_plus_two_CM,3,stress_ATP0.1;CM_ATP0.1_10Hz_Re;CM_ATP0.1_10Hz_Im;CM_Pi5_2.15443Hz_Re;CM_Pi5_2.15443Hz_Im,5,69.31692955431363,20.58731509514154,48.72961445917209,70.29973019937323,1.044441847058889,True,False,True,-7.45092876286435e-12
ATP1,P1_pair_plus_1.0,unit_pattern:three_CM_frequencies,3,CM_ATP0.1_3.16228Hz_Re;CM_ATP0.1_3.16228Hz_Im;CM_ATP0.1_21.5443Hz_Re;CM_ATP0.1_21.5443Hz_Im;CM_Pi5_2.15443Hz_Re;CM_Pi5_2.15443Hz_Im,6,69.31692955431363,27.070767313861978,42.24616224045165,60.94638425573865,0.9054793519562041,True,False,True,-1.674216321134736e-12
Pi0,P1_pair_plus_1.0,scalar_count,1,stress_Pi5,1,6.769681375108933,6.394498715010623,0.3751826600983099,5.542102195205201,0.0896986376012696,True,True,True,-7.37410132956029e-12
Pi0,P1_pair_plus_1.0,scalar_count,2,stress_Pi5;CM_Pi5_46.4159Hz_Im,2,6.769681375108933,6.015643755225126,0.7540376198838068,11.13845066115351,0.18027524829094882,True,True,True,-7.37410132956029e-12
Pi0,P1_pair_plus_1.0,scalar_count,4,stress_Pi5;CM_Pi5_46.4159Hz_Im;CM_Pi5_4.64159Hz_Im;CM_ATP0.1_1Hz_Re,4,6.769681375108933,5.555484064365375,1.2141973107435575,17.935811797701028,0.2902901869832793,True,True,True,-1.9939605522267811e-13
Pi0,P1_pair_plus_1.0,scalar_count,6,stress_Pi5;CM_Pi5_46.4159Hz_Im;CM_Pi5_4.64159Hz_Im;CM_ATP0.1_1Hz_Re;CM_Pi5_46.4159Hz_Re;CM_ATP0.1_4.64159Hz_Re,6,6.769681375108933,4.15393513411359,2.6157462409953425,38.63913375026829,0.625372382792009,True,True,True,-3.683275906496419e-12
Pi0,P1_pair_plus_1.0,scalar_count,8,stress_Pi5;CM_Pi5_46.4159Hz_Im;CM_Pi5_4.64159Hz_Im;CM_ATP0.1_1Hz_Re;CM_Pi5_46.4159Hz_Re;CM_ATP0.1_4.64159Hz_Re;CM_Pi5_31.6228Hz_Re;CM_Pi5_68.1292Hz_Re,8,6.769681375108933,3.828084062452205,2.941597312656728,43.45252235168001,0.7032768285392649,True,True,True,-4.3298697960381105e-13
Pi0,P1_pair_plus_1.0,frequency_assay_unit,1,CM_Pi5_68.1292Hz_Re;CM_Pi5_68.1292Hz_Im,2,6.769681375108933,5.453193435143231,1.3164879399657012,19.446822782623464,0.31474582168185167,True,True,True,1.461053500406706e-13
Pi0,P1_pair_plus_1.0,frequency_assay_unit,2,CM_Pi5_68.1292Hz_Re;CM_Pi5_68.1292Hz_Im;CM_ATP0.1_1.4678Hz_Re;CM_ATP0.1_1.4678Hz_Im,4,6.769681375108933,4.629326760651008,2.140354614457925,31.616770359793833,0.5117157942484863,True,True,True,-6.390443729742401e-13
Pi0,P1_pair_plus_1.0,frequency_assay_unit,3,CM_Pi5_68.1292Hz_Re;CM_Pi5_68.1292Hz_Im;CM_ATP0.1_1.4678Hz_Re;CM_ATP0.1_1.4678Hz_Im;CM_Pi5_31.6228Hz_Re;CM_Pi5_31.6228Hz_Im,6,6.769681375108933,4.161200792135809,2.6084805829731232,38.531807310224394,0.6236353099067669,True,False,True,-5.441425088292817e-12
Pi0,P1_pair_plus_1.0,unit_pattern:one_stress,1,stress_Pi5,1,6.769681375108933,6.394498715010623,0.3751826600983099,5.542102195205201,0.0896986376012696,True,True,True,-7.37410132956029e-12
Pi0,P1_pair_plus_1.0,unit_pattern:one_CM_frequency,1,CM_Pi5_68.1292Hz_Re;CM_Pi5_68.1292Hz_Im,2,6.769681375108933,5.453193435143231,1.3164879399657012,19.446822782623464,0.31474582168185167,True,True,True,1.461053500406706e-13
Pi0,P1_pair_plus_1.0,unit_pattern:stress_plus_one_CM,2,stress_ATP0.1;CM_Pi5_14.678Hz_Re;CM_Pi5_14.678Hz_Im,3,6.769681375108933,4.552206971676325,2.2174744034326075,32.75596413718844,0.5301535866595584,True,True,True,-5.350386800273554e-12
Pi0,P1_pair_plus_1.0,unit_pattern:two_CM_frequencies,2,CM_ATP0.1_1.4678Hz_Re;CM_ATP0.1_1.4678Hz_Im;CM_Pi5_31.6228Hz_Re;CM_Pi5_31.6228Hz_Im,4,6.769681375108933,4.41518053060026,2.3545008445086726,34.78008364124502,0.5629138562217312,True,True,True,-4.069189429856124e-12
Pi0,P1_pair_plus_1.0,unit_pattern:stress_plus_two_CM,3,stress_Pi5;CM_ATP0.1_1.4678Hz_Re;CM_ATP0.1_1.4678Hz_Im;CM_Pi5_31.6228Hz_Re;CM_Pi5_31.6228Hz_Im,5,6.769681375108933,4.278551365949192,2.4911300091597406,36.798334679668066,0.5955791449709208,True,True,True,-6.66444677221989e-12
Pi0,P1_pair_plus_1.0,unit_pattern:three_CM_frequencies,3,CM_ATP0.1_1.4678Hz_Re;CM_ATP0.1_1.4678Hz_Im;CM_Pi5_31.6228Hz_Re;CM_Pi5_31.6228Hz_Im;CM_Pi5_46.4159Hz_Re;CM_Pi5_46.4159Hz_Im,6,6.769681375108933,4.208378487441918,2.561302887667015,37.83491047428802,0.6123560706343099,True,True,True,-1.909139513145419e-12
Pi5,P1_pair_plus_1.0,scalar_count,1,CM_ATP0.1_1Hz_Re,1,18.064976016279793,16.293451431158513,1.7715245851212806,9.806404301477167,0.16090311225478898,True,True,True,-2.4145130339547904e-12
Pi5,P1_pair_plus_1.0,scalar_count,2,CM_ATP0.1_1Hz_Re;CM_Pi0_21.5443Hz_Re,2,18.064976016279793,16.27800031036795,1.7869757059118427,9.891935114120587,0.16230649860567947,True,False,True,-6.821654352506812e-12
Pi5,P1_pair_plus_1.0,scalar_count,4,CM_ATP0.1_1Hz_Re;CM_Pi0_21.5443Hz_Re;CM_Pi0_31.6228Hz_Re;CM_ATP0.1_2.15443Hz_Re,4,18.064976016279793,15.973593322668751,2.091382693611042,11.577002326082964,0.18995501792304087,True,True,True,6.603606550470431e-13
Pi5,P1_pair_plus_1.0,scalar_count,6,CM_ATP0.1_1Hz_Re;CM_Pi0_21.5443Hz_Re;CM_Pi0_31.6228Hz_Re;CM_ATP0.1_2.15443Hz_Re;CM_ATP0.1_6.81292Hz_Im;CM_ATP0.1_1.4678Hz_Im,6,18.064976016279793,12.786081914661288,5.278894101618505,29.221705563634693,0.4794686437590227,True,False,True,-1.2598810883446276e-12
Pi5,P1_pair_plus_1.0,scalar_count,8,CM_ATP0.1_1Hz_Re;CM_Pi0_21.5443Hz_Re;CM_Pi0_31.6228Hz_Re;CM_ATP0.1_2.15443Hz_Re;CM_ATP0.1_6.81292Hz_Im;CM_ATP0.1_1.4678Hz_Im;CM_ATP0.1_0.464159Hz_Im;CM_ATP0.1_10Hz_Im,8,18.064976016279793,9.898294640530471,8.166681375749322,45.20726387009688,0.7417590820854043,True,True,True,-1.5702994460298214e-12
Pi5,P1_pair_plus_1.0,frequency_assay_unit,1,CM_ATP1_1.4678Hz_Re;CM_ATP1_1.4678Hz_Im,2,18.064976016279793,16.438423301237076,1.6265527150427168,9.003901879398569,0.14773568275313131,True,True,True,-5.6483706600829464e-12
Pi5,P1_pair_plus_1.0,frequency_assay_unit,2,CM_ATP1_1.4678Hz_Re;CM_ATP1_1.4678Hz_Im;CM_Pi0_21.5443Hz_Re;CM_Pi0_21.5443Hz_Im,4,18.064976016279793,16.425266402039547,1.639709614240246,9.076732860107716,0.14893069074019802,True,True,True,-2.666755705149626e-12
Pi5,P1_pair_plus_1.0,frequency_assay_unit,3,CM_ATP1_1.4678Hz_Re;CM_ATP1_1.4678Hz_Im;CM_Pi0_21.5443Hz_Re;CM_Pi0_21.5443Hz_Im;CM_Pi0_0.681292Hz_Re;CM_Pi0_0.681292Hz_Im,6,18.064976016279793,16.327660748390887,1.7373152678889063,9.617036116312983,0.15779596620836617,True,True,True,-8.750777880095484e-12
Pi5,P1_pair_plus_1.0,unit_pattern:one_stress,1,stress_Pi0,1,18.064976016279793,17.63586379498261,0.42911222129718496,2.3753821810251874,0.03897518131737126,True,True,True,-7.94475596421762e-13
Pi5,P1_pair_plus_1.0,unit_pattern:one_CM_frequency,1,CM_ATP1_1.4678Hz_Re;CM_ATP1_1.4678Hz_Im,2,18.064976016279793,16.438423301237076,1.6265527150427168,9.003901879398569,0.14773568275313131,True,True,True,-5.6483706600829464e-12
Pi5,P1_pair_plus_1.0,unit_pattern:stress_plus_one_CM,2,stress_ATP0.1;CM_ATP0.1_1Hz_Re;CM_ATP0.1_1Hz_Im,3,18.064976016279793,15.363897030981345,2.701078985298448,14.952020876553007,0.2453321951220754,True,True,True,-4.813927034774679e-13
Pi5,P1_pair_plus_1.0,unit_pattern:two_CM_frequencies,2,CM_ATP0.1_0.464159Hz_Re;CM_ATP0.1_0.464159Hz_Im;CM_ATP0.1_6.81292Hz_Re;CM_ATP0.1_6.81292Hz_Im,4,18.064976016279793,13.648624923453545,4.416351092826249,24.447035461582246,0.40112603664313984,True,True,True,-3.642863788400064e-12
Pi5,P1_pair_plus_1.0,unit_pattern:stress_plus_two_CM,3,stress_Pi0;CM_ATP0.1_0.464159Hz_Re;CM_ATP0.1_0.464159Hz_Im;CM_ATP0.1_6.81292Hz_Re;CM_ATP0.1_6.81292Hz_Im,5,18.064976016279793,13.31884611027573,4.746129906004063,26.272550274780027,0.4310790149092406,True,True,True,-4.987565915826053e-12
Pi5,P1_pair_plus_1.0,unit_pattern:three_CM_frequencies,3,CM_ATP0.1_0.464159Hz_Re;CM_ATP0.1_0.464159Hz_Im;CM_ATP0.1_1.4678Hz_Re;CM_ATP0.1_1.4678Hz_Im;CM_ATP0.1_6.81292Hz_Re;CM_ATP0.1_6.81292Hz_Im,6,18.064976016279793,11.131824315316429,6.933151700963364,38.37896986254145,0.6297206913124587,True,True,True,-3.799627279477136e-12
