domain,target,condition,baseline_bounded_width_pp,after_full_spectrum_bounded_width_pp,bounded_width_reduction_pp,bounded_width_reduction_pct
P1_pair_plus_0.5,ATP0.1,ATP1,104.85411747703978,85.52168589257255,19.33243158446723,18.43745581922476
P1_pair_plus_0.5,ATP0.1,Pi0,104.85411747703978,92.97513798765249,11.87897948938729,11.329053903856911
P1_pair_plus_0.5,ATP0.1,Pi5,104.85411747703978,85.85393901088655,19.00017846615323,18.12058402982005
P1_pair_plus_0.5,ATP1,ATP0.1,42.05868571928019,22.950425202344285,19.108260516935907,45.432376666436
P1_pair_plus_0.5,ATP1,Pi0,42.05868571928019,38.40342797198216,3.6552577472980303,8.690851092435391
P1_pair_plus_0.5,ATP1,Pi5,42.05868571928019,37.32856527255296,4.730120446727234,11.24647707324552
P1_pair_plus_0.5,Pi0,ATP0.1,30.571304767935924,18.08191454388907,12.489390224046854,40.85331103416328
P1_pair_plus_0.5,Pi0,ATP1,30.571304767935924,25.33743736844915,5.233867399486773,17.12019633841799
P1_pair_plus_0.5,Pi0,Pi5,30.571304767935924,19.267525808451325,11.3037789594846,36.975127641069264
P1_pair_plus_0.5,Pi5,ATP0.1,22.33530296464383,16.229758430517833,6.105544534125997,27.33584829268224
P1_pair_plus_0.5,Pi5,ATP1,22.33530296464383,18.30030734234602,4.03499562229781,18.065551332279206
P1_pair_plus_0.5,Pi5,Pi0,22.33530296464383,18.084504211008554,4.2507987536352765,19.031748798591064
P1_pair_plus_1.0,ATP0.1,ATP1,163.52487686283428,79.1980898669294,84.32678699590488,51.56817030759102
P1_pair_plus_1.0,ATP0.1,Pi0,163.52487686283428,127.4553368225226,36.06954004031168,22.05752466064661
P1_pair_plus_1.0,ATP0.1,Pi5,163.52487686283428,95.50518786379044,68.01968899904384,41.595927362231976
P1_pair_plus_1.0,ATP1,ATP0.1,69.31692955431363,22.660799683231822,46.65612987108181,67.30841970506522
P1_pair_plus_1.0,ATP1,Pi0,69.31692955431363,53.08879262354198,16.228136930771655,23.41150572466718
P1_pair_plus_1.0,ATP1,Pi5,69.31692955431363,40.29476631365978,29.022163240653853,41.868795151858805
P1_pair_plus_1.0,Pi0,ATP0.1,6.769681375108933,2.58697949544293,4.182701879666002,61.78580124974785
P1_pair_plus_1.0,Pi0,ATP1,6.769681375108933,4.895319522878379,1.874361852230554,27.687593379539123
P1_pair_plus_1.0,Pi0,Pi5,6.769681375108933,3.4435087037399055,3.326172671369027,49.133371085954614
P1_pair_plus_1.0,Pi5,ATP0.1,18.064976016279793,7.055092115985289,11.009883900294504,60.94602002445294
P1_pair_plus_1.0,Pi5,ATP1,18.064976016279793,13.24399242571655,4.820983590563243,26.686908336986825
P1_pair_plus_1.0,Pi5,Pi0,18.064976016279793,16.449656643444573,1.61531937283522,8.94171888952151
