domain,target,measurement_kind,measurement_id,bounded_local_width_reduction_pct,A_exact_profile_width_reduction_pct,bounded_local_width_reduction_pp,baseline_bounded_local_width_pp,after_bounded_local_width_pp
P1_pair_plus_0.5,ATP0.1,stress,stress_ATP1,1.015755950883812,1.4519720780537753,1.0650619380197384,104.85411747703978,103.78905553902004
P1_pair_plus_0.5,ATP0.1,CM_spectrum,CM_spectrum_ATP1,18.43745581922476,30.08205871171084,19.33243158446723,104.85411747703978,85.52168589257255
P1_pair_plus_0.5,ATP0.1,stress,stress_Pi0,0.06499905405200623,0.30100415107278566,0.06815418449465938,104.85411747703978,104.78596329254512
P1_pair_plus_0.5,ATP0.1,CM_spectrum,CM_spectrum_Pi0,11.329053903856911,1.9307420335012224,11.87897948938729,104.85411747703978,92.97513798765249
P1_pair_plus_0.5,ATP0.1,stress,stress_Pi5,2.3147096202546624,1.84634771059256,2.427068344474165,104.85411747703978,102.42704913256561
P1_pair_plus_0.5,ATP0.1,CM_spectrum,CM_spectrum_Pi5,18.12058402982005,25.51555798509164,19.00017846615323,104.85411747703978,85.85393901088655
P1_pair_plus_0.5,ATP1,stress,stress_ATP0.1,43.71839954692152,50.85618130565502,18.387384266938938,42.05868571928019,23.671301452341254
P1_pair_plus_0.5,ATP1,CM_spectrum,CM_spectrum_ATP0.1,45.432376666436,44.68702545992721,19.108260516935907,42.05868571928019,22.950425202344285
P1_pair_plus_0.5,ATP1,stress,stress_Pi0,1.4497269221574904,0.4901071445863225,0.6097360899780142,42.05868571928019,41.44894962930218
P1_pair_plus_0.5,ATP1,CM_spectrum,CM_spectrum_Pi0,8.690851092435391,2.4606526127579675,3.6552577472980303,42.05868571928019,38.40342797198216
P1_pair_plus_0.5,ATP1,stress,stress_Pi5,0.827988747707642,1.610796407456247,0.34824118518935876,42.05868571928019,41.71044453409083
P1_pair_plus_0.5,ATP1,CM_spectrum,CM_spectrum_Pi5,11.24647707324552,26.211897756212878,4.730120446727234,42.05868571928019,37.32856527255296
P1_pair_plus_0.5,Pi0,stress,stress_ATP0.1,12.754504992020244,20.0915855323758,3.89921859275211,30.571304767935924,26.672086175183814
P1_pair_plus_0.5,Pi0,CM_spectrum,CM_spectrum_ATP0.1,40.85331103416328,40.033937157838764,12.489390224046854,30.571304767935924,18.08191454388907
P1_pair_plus_0.5,Pi0,stress,stress_ATP1,0.47688364200998423,1.8107885168533855,0.14578955158730622,30.571304767935924,30.425515216348618
P1_pair_plus_0.5,Pi0,CM_spectrum,CM_spectrum_ATP1,17.12019633841799,29.074870739504117,5.233867399486773,30.571304767935924,25.33743736844915
P1_pair_plus_0.5,Pi0,stress,stress_Pi5,1.3696910263534035,0.9124133258578903,0.41873241804556827,30.571304767935924,30.152572349890356
P1_pair_plus_0.5,Pi0,CM_spectrum,CM_spectrum_Pi5,36.975127641069264,67.54959579164299,11.3037789594846,30.571304767935924,19.267525808451325
P1_pair_plus_0.5,Pi5,stress,stress_ATP0.1,30.8573794467047,21.17992170695616,6.892089186371232,22.33530296464383,15.443213778272598
P1_pair_plus_0.5,Pi5,CM_spectrum,CM_spectrum_ATP0.1,27.33584829268224,31.627101035213656,6.105544534125997,22.33530296464383,16.229758430517833
P1_pair_plus_0.5,Pi5,stress,stress_ATP1,10.548389261177604,2.998861088420539,2.356014699373972,22.33530296464383,19.979288265269858
P1_pair_plus_0.5,Pi5,CM_spectrum,CM_spectrum_ATP1,18.065551332279206,46.196270829520465,4.03499562229781,22.33530296464383,18.30030734234602
P1_pair_plus_0.5,Pi5,stress,stress_Pi0,46.38512722778246,8.000859686695337,10.360258696860708,22.33530296464383,11.975044267783122
P1_pair_plus_0.5,Pi5,CM_spectrum,CM_spectrum_Pi0,19.031748798591064,23.138229924694368,4.2507987536352765,22.33530296464383,18.084504211008554
P1_pair_plus_1.0,ATP0.1,stress,stress_ATP1,21.54068274218661,9.662260392423242,35.22437492957445,163.52487686283428,128.30050193325982
P1_pair_plus_1.0,ATP0.1,CM_spectrum,CM_spectrum_ATP1,51.56817030759102,29.536607483497335,84.32678699590488,163.52487686283428,79.1980898669294
P1_pair_plus_1.0,ATP0.1,stress,stress_Pi0,1.3402742628290998,-2.2145788800988284,2.191681837915553,163.52487686283428,161.33319502491872
P1_pair_plus_1.0,ATP0.1,CM_spectrum,CM_spectrum_Pi0,22.05752466064661,1.71397382004081,36.06954004031168,163.52487686283428,127.4553368225226
P1_pair_plus_1.0,ATP0.1,stress,stress_Pi5,0.7107048366243873,-1.7068490265674894,1.1621792089482312,163.52487686283428,162.36269765388604
P1_pair_plus_1.0,ATP0.1,CM_spectrum,CM_spectrum_Pi5,41.595927362231976,36.18123622453513,68.01968899904384,163.52487686283428,95.50518786379044
P1_pair_plus_1.0,ATP1,stress,stress_ATP0.1,58.98253814715547,64.24435229860677,40.884884416809925,69.31692955431363,28.432045137503707
P1_pair_plus_1.0,ATP1,CM_spectrum,CM_spectrum_ATP0.1,67.30841970506522,59.264541336857235,46.65612987108181,69.31692955431363,22.660799683231822
P1_pair_plus_1.0,ATP1,stress,stress_Pi0,0.6032657405914521,-2.004723877340327,0.4181652884310836,69.31692955431363,68.89876426588255
P1_pair_plus_1.0,ATP1,CM_spectrum,CM_spectrum_Pi0,23.41150572466718,12.339137708358164,16.228136930771655,69.31692955431363,53.08879262354198
P1_pair_plus_1.0,ATP1,stress,stress_Pi5,3.964963332157556,4.519287802292262,2.748390839806021,69.31692955431363,66.56853871450761
P1_pair_plus_1.0,ATP1,CM_spectrum,CM_spectrum_Pi5,41.868795151858805,28.86663937522182,29.022163240653853,69.31692955431363,40.29476631365978
P1_pair_plus_1.0,Pi0,stress,stress_ATP0.1,4.752070842887745,2.0274369942645634,0.32170005478295405,6.769681375108933,6.447981320325979
P1_pair_plus_1.0,Pi0,CM_spectrum,CM_spectrum_ATP0.1,61.78580124974785,72.11801849990559,4.182701879666002,6.769681375108933,2.58697949544293
P1_pair_plus_1.0,Pi0,stress,stress_ATP1,3.3385340263183294,0.124111620088766,0.22600811618134653,6.769681375108933,6.543673258927586
P1_pair_plus_1.0,Pi0,CM_spectrum,CM_spectrum_ATP1,27.687593379539123,13.319476845936054,1.874361852230554,6.769681375108933,4.895319522878379
P1_pair_plus_1.0,Pi0,stress,stress_Pi5,5.542102195205201,3.880029337797403,0.3751826600983099,6.769681375108933,6.394498715010623
P1_pair_plus_1.0,Pi0,CM_spectrum,CM_spectrum_Pi5,49.133371085954614,87.62100624994065,3.326172671369027,6.769681375108933,3.4435087037399055
P1_pair_plus_1.0,Pi5,stress,stress_ATP0.1,5.08663535877274,10.290839303413183,0.9188994575979024,18.064976016279793,17.14607655868189
P1_pair_plus_1.0,Pi5,CM_spectrum,CM_spectrum_ATP0.1,60.94602002445294,49.59490295032433,11.009883900294504,18.064976016279793,7.055092115985289
P1_pair_plus_1.0,Pi5,stress,stress_ATP1,4.085074580224369,1.190569640793518,0.7379677431646741,18.064976016279793,17.32700827311512
P1_pair_plus_1.0,Pi5,CM_spectrum,CM_spectrum_ATP1,26.686908336986825,45.15278186865754,4.820983590563243,18.064976016279793,13.24399242571655
P1_pair_plus_1.0,Pi5,stress,stress_Pi0,2.3753821810251874,12.754739523216069,0.42911222129718496,18.064976016279793,17.63586379498261
P1_pair_plus_1.0,Pi5,CM_spectrum,CM_spectrum_Pi0,8.94171888952151,42.54167685193601,1.61531937283522,18.064976016279793,16.449656643444573
