domain,panel_design_for_stress_target,future_dynamic_target,panel_step,panel_ids,metric,baseline_standardized_variance,after_panel_standardized_variance,relative_uncertainty_reduction_pct,stress_target_variance_reduction,fraction_best_single_full_CM_spectrum_utility_recovered
P1_pair_plus_0.5,ATP0.1,ATP0.1,1,CM_ATP1_0.316228Hz,mean_component_variance,453233.2867119241,51.54602717881424,99.98862704291805,7910171.743976511,0.9998918856386991
P1_pair_plus_0.5,ATP0.1,ATP0.1,1,CM_ATP1_0.316228Hz,maximum_component_variance,2350555.196522817,157.30004955526067,99.99330796188968,7910171.743976511,0.9999386638439769
P1_pair_plus_0.5,ATP0.1,ATP0.1,2,CM_ATP1_0.316228Hz;CM_Pi5_0.464159Hz,mean_component_variance,453233.2867119241,20.377116134245483,99.99550405569677,7914014.364971167,0.9999606561526888
P1_pair_plus_0.5,ATP0.1,ATP0.1,2,CM_ATP1_0.316228Hz;CM_Pi5_0.464159Hz,maximum_component_variance,2350555.196522817,76.38914376190209,99.99675016592356,7914014.364971167,0.9999730860765492
P1_pair_plus_0.5,ATP0.1,ATP0.1,3,CM_ATP1_0.316228Hz;CM_Pi5_0.464159Hz;CM_ATP1_2.15443Hz,mean_component_variance,453233.2867119241,7.903112704722565,99.99825628149202,7914831.242611316,0.9999881785652021
P1_pair_plus_0.5,ATP0.1,ATP0.1,3,CM_ATP1_0.316228Hz;CM_Pi5_0.464159Hz;CM_ATP1_2.15443Hz,maximum_component_variance,2350555.196522817,26.318441773878227,99.99888033083364,7914831.242611316,0.999994387844611
P1_pair_plus_0.5,ATP0.1,ATP1,1,stress_ATP0.1,mean_component_variance,44055.87393968401,19614.758899845994,55.47753989240991,7915689.472958652,0.5547765192801813
P1_pair_plus_0.5,ATP0.1,ATP1,1,stress_ATP0.1,maximum_component_variance,425728.0898694925,172148.9504767529,59.5636382533449,7915689.472958652,0.5956367102196749
P1_pair_plus_0.5,ATP0.1,ATP1,2,stress_ATP0.1;CM_ATP0.1_0.14678Hz,mean_component_variance,44055.87393968401,4.017480430026136,99.99088094260591,7915804.345268559,0.9999108287187648
P1_pair_plus_0.5,ATP0.1,ATP1,2,stress_ATP0.1;CM_ATP0.1_0.14678Hz,maximum_component_variance,425728.0898694925,12.073331883724205,99.99716407440077,7915804.345268559,0.9999721908731514
P1_pair_plus_0.5,ATP0.1,ATP1,3,stress_ATP0.1;CM_ATP0.1_0.14678Hz;CM_ATP0.1_68.1292Hz,mean_component_variance,44055.87393968401,0.7601163085492919,99.99827465388704,7915871.991659831,0.9999847659808904
P1_pair_plus_0.5,ATP0.1,ATP1,3,stress_ATP0.1;CM_ATP0.1_0.14678Hz;CM_ATP0.1_68.1292Hz,maximum_component_variance,425728.0898694925,2.3426173189207806,99.99944973860671,7915871.991659831,0.9999950475277852
P1_pair_plus_0.5,ATP0.1,Pi0,1,stress_ATP0.1,mean_component_variance,56138.42074864758,11901.932108736577,78.79895453057735,7915689.472958652,0.7879928852351754
P1_pair_plus_0.5,ATP0.1,Pi0,1,stress_ATP0.1,maximum_component_variance,322080.6406662959,69004.17845238236,78.57549640064309,7915689.472958652,0.7857563622668612
P1_pair_plus_0.5,ATP0.1,Pi0,2,stress_ATP0.1;CM_ATP0.1_0.14678Hz,mean_component_variance,56138.42074864758,14.68185418403176,99.97384704808536,7915804.345268559,0.9997427079176721
P1_pair_plus_0.5,ATP0.1,Pi0,2,stress_ATP0.1;CM_ATP0.1_0.14678Hz,maximum_component_variance,322080.6406662959,55.44694166594607,99.98278476422823,7915804.345268559,0.9998296268479895
P1_pair_plus_0.5,ATP0.1,Pi0,3,stress_ATP0.1;CM_ATP0.1_0.14678Hz;CM_ATP0.1_68.1292Hz,mean_component_variance,56138.42074864758,1.3114422432969857,99.99766391318849,7915871.991659831,0.999980877578192
P1_pair_plus_0.5,ATP0.1,Pi0,3,stress_ATP0.1;CM_ATP0.1_0.14678Hz;CM_ATP0.1_68.1292Hz,maximum_component_variance,322080.6406662959,4.141595460297986,99.9987141122634,7915871.991659831,0.9999889206118059
P1_pair_plus_0.5,ATP0.1,Pi5,1,stress_ATP0.1,mean_component_variance,43177.71861230175,10854.258990813116,74.86143469441984,7915689.472958652,0.7486186913567492
P1_pair_plus_0.5,ATP0.1,Pi5,1,stress_ATP0.1,maximum_component_variance,149196.29199727968,38233.86160624966,74.37345050978425,7915689.472958652,0.7437379884436176
P1_pair_plus_0.5,ATP0.1,Pi5,2,stress_ATP0.1;CM_ATP0.1_0.14678Hz,mean_component_variance,43177.71861230175,4.178273762671837,99.99032307890052,7915804.345268559,0.9999090334992566
P1_pair_plus_0.5,ATP0.1,Pi5,2,stress_ATP0.1;CM_ATP0.1_0.14678Hz,maximum_component_variance,149196.29199727968,29.351318182208768,99.98032704580704,7915804.345268559,0.9998079531243633
P1_pair_plus_0.5,ATP0.1,Pi5,3,stress_ATP0.1;CM_ATP0.1_0.14678Hz;CM_ATP0.1_68.1292Hz,mean_component_variance,43177.71861230175,1.035682241088017,99.99760135024644,7915871.991659831,0.9999818166350937
P1_pair_plus_0.5,ATP0.1,Pi5,3,stress_ATP0.1;CM_ATP0.1_0.14678Hz;CM_ATP0.1_68.1292Hz,maximum_component_variance,149196.29199727968,4.239278635184471,99.99715858981585,7915871.991659831,0.9999762693527716
P1_pair_plus_0.5,ATP1,ATP0.1,1,stress_ATP1,mean_component_variance,453233.2867119241,133379.97365299912,70.57145237044877,1004030.1662132447,0.7057184868901298
P1_pair_plus_0.5,ATP1,ATP0.1,1,stress_ATP1,maximum_component_variance,2350555.196522817,520982.0951529278,77.83578552319817,1004030.1662132447,0.7783622020483288
P1_pair_plus_0.5,ATP1,ATP0.1,2,stress_ATP1;CM_ATP1_0.316228Hz,mean_component_variance,453233.2867119241,39.96508277371233,99.99118222691374,1004177.4049466433,0.999917437622151
P1_pair_plus_0.5,ATP1,ATP0.1,2,stress_ATP1;CM_ATP1_0.316228Hz,maximum_component_variance,2350555.196522817,95.36239078182196,99.9959429844097,1004177.4049466433,0.9999650142163325
P1_pair_plus_0.5,ATP1,ATP0.1,3,stress_ATP1;CM_ATP1_0.316228Hz;CM_Pi5_0.464159Hz,mean_component_variance,453233.2867119241,18.274717858181756,99.99596792239362,1004263.4599687576,0.9999652948457073
P1_pair_plus_0.5,ATP1,ATP0.1,3,stress_ATP1;CM_ATP1_0.316228Hz;CM_Pi5_0.464159Hz,maximum_component_variance,2350555.196522817,62.79104082265697,99.99732867192756,1004263.4599687576,0.9999788711688963
P1_pair_plus_0.5,ATP1,ATP1,1,CM_ATP0.1_0.14678Hz,mean_component_variance,44055.87393968401,4.626526812902476,99.98949850179062,1004286.8988003572,0.9998970042826939
P1_pair_plus_0.5,ATP1,ATP1,1,CM_ATP0.1_0.14678Hz,maximum_component_variance,425728.0898694925,12.795281835891247,99.99699449434031,1004286.8988003572,0.9999704950716138
P1_pair_plus_0.5,ATP1,ATP1,2,CM_ATP0.1_0.14678Hz;stress_ATP0.1,mean_component_variance,44055.87393968401,4.017480430043386,99.99088094260587,1004348.6047947407,0.9999108287187645
P1_pair_plus_0.5,ATP1,ATP1,2,CM_ATP0.1_0.14678Hz;stress_ATP0.1,maximum_component_variance,425728.0898694925,12.073331883794445,99.99716407440076,1004348.6047947407,0.999972190873151
P1_pair_plus_0.5,ATP1,ATP1,3,CM_ATP0.1_0.14678Hz;stress_ATP0.1;CM_ATP0.1_68.1292Hz,mean_component_variance,44055.87393968401,0.7601163085459891,99.99827465388704,1004355.5280290586,0.9999847659808904
P1_pair_plus_0.5,ATP1,ATP1,3,CM_ATP0.1_0.14678Hz;stress_ATP0.1;CM_ATP0.1_68.1292Hz,maximum_component_variance,425728.0898694925,2.342617318933891,99.99944973860671,1004355.5280290586,0.9999950475277852
P1_pair_plus_0.5,ATP1,Pi0,1,CM_ATP0.1_0.14678Hz,mean_component_variance,56138.42074864758,16.15195381095551,99.97122834309275,1004286.8988003572,0.9997165207567508
P1_pair_plus_0.5,ATP1,Pi0,1,CM_ATP0.1_0.14678Hz,maximum_component_variance,322080.6406662959,61.097387575941106,99.98103040671754,1004286.8988003572,0.9998120832416636
P1_pair_plus_0.5,ATP1,Pi0,2,CM_ATP0.1_0.14678Hz;stress_ATP0.1,mean_component_variance,56138.42074864758,14.681854184037862,99.97384704808535,1004348.6047947407,0.999742707917672
P1_pair_plus_0.5,ATP1,Pi0,2,CM_ATP0.1_0.14678Hz;stress_ATP0.1,maximum_component_variance,322080.6406662959,55.44694166590825,99.98278476422824,1004348.6047947407,0.9998296268479897
P1_pair_plus_0.5,ATP1,Pi0,3,CM_ATP0.1_0.14678Hz;stress_ATP0.1;CM_ATP0.1_68.1292Hz,mean_component_variance,56138.42074864758,1.311442243284775,99.99766391318852,1004355.5280290586,0.9999808775781922
P1_pair_plus_0.5,ATP1,Pi0,3,CM_ATP0.1_0.14678Hz;stress_ATP0.1;CM_ATP0.1_68.1292Hz,maximum_component_variance,322080.6406662959,4.141595460269405,99.99871411226341,1004355.5280290586,0.9999889206118061
P1_pair_plus_0.5,ATP1,Pi5,1,CM_ATP0.1_0.14678Hz,mean_component_variance,43177.71861230175,4.438463293720739,99.98972047751393,1004286.8988003572,0.9999030074504203
P1_pair_plus_0.5,ATP1,Pi5,1,CM_ATP0.1_0.14678Hz,maximum_component_variance,149196.29199727968,31.729148631636242,99.97873328605766,1004286.8988003572,0.9997920154522245
P1_pair_plus_0.5,ATP1,Pi5,2,CM_ATP0.1_0.14678Hz;stress_ATP0.1,mean_component_variance,43177.71861230175,4.178273762674557,99.9903230789005,1004348.6047947407,0.9999090334992565
P1_pair_plus_0.5,ATP1,Pi5,2,CM_ATP0.1_0.14678Hz;stress_ATP0.1,maximum_component_variance,149196.29199727968,29.35131818218682,99.98032704580706,1004348.6047947407,0.9998079531243635
P1_pair_plus_0.5,ATP1,Pi5,3,CM_ATP0.1_0.14678Hz;stress_ATP0.1;CM_ATP0.1_68.1292Hz,mean_component_variance,43177.71861230175,1.03568224112405,99.99760135024636,1004355.5280290586,0.9999818166350929
P1_pair_plus_0.5,ATP1,Pi5,3,CM_ATP0.1_0.14678Hz;stress_ATP0.1;CM_ATP0.1_68.1292Hz,maximum_component_variance,149196.29199727968,4.239278635361624,99.99715858981573,1004355.5280290586,0.9999762693527704
P1_pair_plus_0.5,Pi0,ATP0.1,1,CM_Pi5_10Hz,mean_component_variance,453233.2867119241,244.45006470722097,99.94606528869919,6031483.986269075,0.999466265706307
P1_pair_plus_0.5,Pi0,ATP0.1,1,CM_Pi5_10Hz,maximum_component_variance,2350555.196522817,1652.3491759579883,99.92970387683717,6031483.986269075,0.9993026194414188
P1_pair_plus_0.5,Pi0,ATP0.1,2,CM_Pi5_10Hz;stress_ATP1,mean_component_variance,453233.2867119241,83.36152945874942,99.98160736823557,6031675.905102248,0.99982168849766
P1_pair_plus_0.5,Pi0,ATP0.1,2,CM_Pi5_10Hz;stress_ATP1,maximum_component_variance,2350555.196522817,417.20620998046286,99.98225073758753,6031675.905102248,0.999828090983454
P1_pair_plus_0.5,Pi0,ATP0.1,3,CM_Pi5_10Hz;stress_ATP1;CM_Pi0_21.5443Hz,mean_component_variance,453233.2867119241,61.11208139808689,99.98651641810305,6031706.9703805875,0.9998707792720194
P1_pair_plus_0.5,Pi0,ATP0.1,3,CM_Pi5_10Hz;stress_ATP1;CM_Pi0_21.5443Hz,maximum_component_variance,2350555.196522817,384.9690907535949,99.98362220588042,6031706.9703805875,0.9998418057429737
P1_pair_plus_0.5,Pi0,ATP1,1,CM_ATP0.1_0.14678Hz,mean_component_variance,44055.87393968401,4.626526812902476,99.98949850179062,6031541.211537571,0.9998970042826939
P1_pair_plus_0.5,Pi0,ATP1,1,CM_ATP0.1_0.14678Hz,maximum_component_variance,425728.0898694925,12.795281835891247,99.99699449434031,6031541.211537571,0.9999704950716138
P1_pair_plus_0.5,Pi0,ATP1,2,CM_ATP0.1_0.14678Hz;CM_Pi5_31.6228Hz,mean_component_variance,44055.87393968401,1.6420367454855265,99.99627283129661,6031723.331290626,0.9999647477145597
P1_pair_plus_0.5,Pi0,ATP1,2,CM_ATP0.1_0.14678Hz;CM_Pi5_31.6228Hz,maximum_component_variance,425728.0898694925,7.850523785061961,99.99815597702573,6031723.331290626,0.9999821099048579
P1_pair_plus_0.5,Pi0,ATP1,3,CM_ATP0.1_0.14678Hz;CM_Pi5_31.6228Hz;CM_ATP0.1_14.678Hz,mean_component_variance,44055.87393968401,0.3417551364087947,99.9992242688526,6031730.808428509,0.9999942621497232
P1_pair_plus_0.5,Pi0,ATP1,3,CM_ATP0.1_0.14678Hz;CM_Pi5_31.6228Hz;CM_ATP0.1_14.678Hz,maximum_component_variance,425728.0898694925,1.3097523130068387,99.99969235003651,6031730.808428509,0.999997473643418
P1_pair_plus_0.5,Pi0,Pi0,1,CM_ATP0.1_0.14678Hz,mean_component_variance,56138.42074864758,16.15195381095551,99.97122834309275,6031541.211537571,0.9997165207567508
P1_pair_plus_0.5,Pi0,Pi0,1,CM_ATP0.1_0.14678Hz,maximum_component_variance,322080.6406662959,61.097387575941106,99.98103040671754,6031541.211537571,0.9998120832416636
P1_pair_plus_0.5,Pi0,Pi0,2,CM_ATP0.1_0.14678Hz;CM_Pi5_31.6228Hz,mean_component_variance,56138.42074864758,1.6844712359256437,99.99699943245025,6031723.331290626,0.9999742327426453
P1_pair_plus_0.5,Pi0,Pi0,2,CM_ATP0.1_0.14678Hz;CM_Pi5_31.6228Hz,maximum_component_variance,322080.6406662959,5.931262201151794,99.99815845429613,6031723.331290626,0.9999833640222453
P1_pair_plus_0.5,Pi0,Pi0,3,CM_ATP0.1_0.14678Hz;CM_Pi5_31.6228Hz;CM_ATP0.1_14.678Hz,mean_component_variance,56138.42074864758,0.5371283242833313,99.99904320727744,6031730.808428509,0.9999946705775434
P1_pair_plus_0.5,Pi0,Pi0,3,CM_ATP0.1_0.14678Hz;CM_Pi5_31.6228Hz;CM_ATP0.1_14.678Hz,maximum_component_variance,322080.6406662959,1.3660907221865117,99.9995758544446,6031730.808428509,0.9999975380489527
P1_pair_plus_0.5,Pi0,Pi5,1,CM_ATP0.1_0.14678Hz,mean_component_variance,43177.71861230175,4.438463293720739,99.98972047751393,6031541.211537571,0.9999030074504203
P1_pair_plus_0.5,Pi0,Pi5,1,CM_ATP0.1_0.14678Hz,maximum_component_variance,149196.29199727968,31.729148631636242,99.97873328605766,6031541.211537571,0.9997920154522245
P1_pair_plus_0.5,Pi0,Pi5,2,CM_ATP0.1_0.14678Hz;CM_Pi0_6.81292Hz,mean_component_variance,43177.71861230175,0.7483746854062053,99.9982667572316,6031721.3028135905,0.9999884707435608
P1_pair_plus_0.5,Pi0,Pi5,2,CM_ATP0.1_0.14678Hz;CM_Pi0_6.81292Hz,maximum_component_variance,149196.29199727968,2.6503306604773322,99.99822359481928,6031721.3028135905,0.9999869194526863
P1_pair_plus_0.5,Pi0,Pi5,3,CM_ATP0.1_0.14678Hz;CM_Pi0_6.81292Hz;CM_ATP0.1_1Hz,mean_component_variance,43177.71861230175,0.42168895761998887,99.99902336443154,6031732.106060265,0.999996036859468
P1_pair_plus_0.5,Pi0,Pi5,3,CM_ATP0.1_0.14678Hz;CM_Pi0_6.81292Hz;CM_ATP0.1_1Hz,maximum_component_variance,149196.29199727968,1.0733125510245138,99.99928060373576,6031732.106060265,0.999997489591357
P1_pair_plus_0.5,Pi5,ATP0.1,1,stress_Pi5,mean_component_variance,453233.2867119241,81544.49184704902,82.00827383208532,646993.3139645132,0.8200873437810283
P1_pair_plus_0.5,Pi5,ATP0.1,1,stress_Pi5,maximum_component_variance,2350555.196522817,314871.8773528745,86.60436147942133,646993.3139645132,0.8660484513003482
P1_pair_plus_0.5,Pi5,ATP0.1,2,stress_Pi5;CM_Pi5_0.464159Hz,mean_component_variance,453233.2867119241,243.76499800310953,99.9462164397122,647027.3405289077,0.9994677772249254
P1_pair_plus_0.5,Pi5,ATP0.1,2,stress_Pi5;CM_Pi5_0.464159Hz,maximum_component_variance,2350555.196522817,1424.629465299037,99.93939178848443,647027.3405289077,0.9993994990989223
P1_pair_plus_0.5,Pi5,ATP0.1,3,stress_Pi5;CM_Pi5_0.464159Hz;stress_Pi0,mean_component_variance,453233.2867119241,152.77709654644303,99.96629173076524,647055.6623613291,0.9996685312628536
P1_pair_plus_0.5,Pi5,ATP0.1,3,stress_Pi5;CM_Pi5_0.464159Hz;stress_Pi0,maximum_component_variance,2350555.196522817,939.7261996979585,99.9600210962462,647055.6623613291,0.9996057933286041
P1_pair_plus_0.5,Pi5,ATP1,1,stress_Pi5,mean_component_variance,44055.87393968401,9832.93392289291,77.68076525651273,646993.3139645132,0.7768092213102086
P1_pair_plus_0.5,Pi5,ATP1,1,stress_Pi5,maximum_component_variance,425728.0898694925,79035.50698567691,81.43521443231398,646993.3139645132,0.8143525923346929
P1_pair_plus_0.5,Pi5,ATP1,2,stress_Pi5;CM_Pi5_0.464159Hz,mean_component_variance,44055.87393968401,33.95043640373133,99.92293777567501,647027.3405289077,0.9992313956773592
P1_pair_plus_0.5,Pi5,ATP1,2,stress_Pi5;CM_Pi5_0.464159Hz,maximum_component_variance,425728.0898694925,251.16818661143597,99.94100267457371,647027.3405289077,0.9994105765659117
P1_pair_plus_0.5,Pi5,ATP1,3,stress_Pi5;CM_Pi5_0.464159Hz;stress_Pi0,mean_component_variance,44055.87393968401,21.22688045114114,99.95181827403947,647055.6623613291,0.9995202012442387
P1_pair_plus_0.5,Pi5,ATP1,3,stress_Pi5;CM_Pi5_0.464159Hz;stress_Pi0,maximum_component_variance,425728.0898694925,143.69120395826843,99.96624812706104,647055.6623613291,0.9996630312296713
P1_pair_plus_0.5,Pi5,Pi0,1,stress_Pi5,mean_component_variance,56138.42074864758,3100.936937010738,94.47626617268986,646993.3139645132,0.94476666614626
P1_pair_plus_0.5,Pi5,Pi0,1,stress_Pi5,maximum_component_variance,322080.6406662959,17788.374190656938,94.47704334111553,646993.3139645132,0.9447721146415303
P1_pair_plus_0.5,Pi5,Pi0,2,stress_Pi5;CM_Pi5_0.464159Hz,mean_component_variance,56138.42074864758,18.99661244321857,99.96616112069081,647027.3405289077,0.999665848317955
P1_pair_plus_0.5,Pi5,Pi0,2,stress_Pi5;CM_Pi5_0.464159Hz,maximum_component_variance,322080.6406662959,75.46333962223817,99.97657004796497,647027.3405289077,0.9997674795747653
P1_pair_plus_0.5,Pi5,Pi0,3,stress_Pi5;CM_Pi5_0.464159Hz;CM_ATP0.1_0.14678Hz,mean_component_variance,56138.42074864758,4.379390261211971,99.99219894289364,647050.8362149781,0.9999262276436083
P1_pair_plus_0.5,Pi5,Pi0,3,stress_Pi5;CM_Pi5_0.464159Hz;CM_ATP0.1_0.14678Hz,maximum_component_variance,322080.6406662959,17.062385876475645,99.99470244910059,647050.8362149781,0.9999488039087897
P1_pair_plus_0.5,Pi5,Pi5,1,CM_ATP0.1_0.14678Hz,mean_component_variance,43177.71861230175,4.438463293720739,99.98972047751393,646876.969869313,0.9999030074504203
P1_pair_plus_0.5,Pi5,Pi5,1,CM_ATP0.1_0.14678Hz,maximum_component_variance,149196.29199727968,31.729148631636242,99.97873328605766,646876.969869313,0.9997920154522245
P1_pair_plus_0.5,Pi5,Pi5,2,CM_ATP0.1_0.14678Hz;CM_ATP0.1_14.678Hz,mean_component_variance,43177.71861230175,0.8079963289909974,99.99812867294763,647076.8941719712,0.9999870898927076
P1_pair_plus_0.5,Pi5,Pi5,2,CM_ATP0.1_0.14678Hz;CM_ATP0.1_14.678Hz,maximum_component_variance,149196.29199727968,3.169071605360465,99.99787590457984,647076.8941719712,0.9999834425340075
P1_pair_plus_0.5,Pi5,Pi5,3,CM_ATP0.1_0.14678Hz;CM_ATP0.1_14.678Hz;stress_Pi0,mean_component_variance,43177.71861230175,0.7733317485710413,99.99820895643997,647086.1647863768,0.9999878927322903
P1_pair_plus_0.5,Pi5,Pi5,3,CM_ATP0.1_0.14678Hz;CM_ATP0.1_14.678Hz;stress_Pi0,maximum_component_variance,149196.29199727968,3.0324044916256727,99.99796750679857,647086.1647863768,0.9999843585604852
P1_pair_plus_1.0,ATP0.1,ATP0.1,1,CM_ATP1_21.5443Hz,mean_component_variance,5537.9422303898555,138.15911458940104,97.5052265111896,399535.8861887973,0.9752862568450843
P1_pair_plus_1.0,ATP0.1,ATP0.1,1,CM_ATP1_21.5443Hz,maximum_component_variance,29172.907016373603,887.7233967132149,96.95702798416706,399535.8861887973,0.9696923002299339
P1_pair_plus_1.0,ATP0.1,ATP0.1,2,CM_ATP1_21.5443Hz;CM_ATP1_3.16228Hz,mean_component_variance,5537.9422303898555,23.06439805922337,99.58352042871347,401086.95473466977,0.9960741834821568
P1_pair_plus_1.0,ATP0.1,ATP0.1,2,CM_ATP1_21.5443Hz;CM_ATP1_3.16228Hz,maximum_component_variance,29172.907016373603,133.97510746960225,99.54075503207682,401086.95473466977,0.9955328223286832
P1_pair_plus_1.0,ATP0.1,ATP0.1,3,CM_ATP1_21.5443Hz;CM_ATP1_3.16228Hz;stress_ATP1,mean_component_variance,5537.9422303898555,21.38125196377726,99.6139134163147,401392.8479285188,0.9963781862948526
P1_pair_plus_1.0,ATP0.1,ATP0.1,3,CM_ATP1_21.5443Hz;CM_ATP1_3.16228Hz;stress_ATP1,maximum_component_variance,29172.907016373603,121.93619093454531,99.58202248796766,401392.8479285188,0.9959455488226715
P1_pair_plus_1.0,ATP0.1,ATP1,1,stress_ATP0.1,mean_component_variance,559.1443681292235,227.42648151588887,59.32598189680264,401597.5519187886,0.5933320195535825
P1_pair_plus_1.0,ATP0.1,ATP1,1,stress_ATP0.1,maximum_component_variance,4692.8702345093125,2228.2307164359813,52.51880821143213,401597.5519187886,0.5252043298496151
P1_pair_plus_1.0,ATP0.1,ATP1,2,stress_ATP0.1;CM_ATP0.1_0.14678Hz,mean_component_variance,559.1443681292235,2.6787111229228153,99.52092674529027,401703.1490039461,0.9953303858727985
P1_pair_plus_1.0,ATP0.1,ATP1,2,stress_ATP0.1;CM_ATP0.1_0.14678Hz,maximum_component_variance,4692.8702345093125,7.590255791576453,99.83825984073114,401703.1490039461,0.998413485353785
P1_pair_plus_1.0,ATP0.1,ATP1,3,stress_ATP0.1;CM_ATP0.1_0.14678Hz;CM_ATP0.1_31.6228Hz,mean_component_variance,559.1443681292235,0.6537557433914308,99.88307925812099,401817.3531921639,0.9989523517459976
P1_pair_plus_1.0,ATP0.1,ATP1,3,stress_ATP0.1;CM_ATP0.1_0.14678Hz;CM_ATP0.1_31.6228Hz,maximum_component_variance,4692.8702345093125,3.624259357294431,99.92277094451401,401817.3531921639,0.9992586225368004
P1_pair_plus_1.0,ATP0.1,Pi0,1,stress_ATP0.1,mean_component_variance,52.16039421513745,29.898901753639777,42.67891912334737,401597.5519187886,0.4275333165193145
P1_pair_plus_1.0,ATP0.1,Pi0,1,stress_ATP0.1,maximum_component_variance,100.67305148008707,58.215236447928575,42.173962552984264,401597.5519187886,0.42235232476206813
P1_pair_plus_1.0,ATP0.1,Pi0,2,stress_ATP0.1;CM_ATP0.1_0.14678Hz,mean_component_variance,52.16039421513745,0.7336707704356646,98.59343323325047,401703.1490039461,0.987653351187567
P1_pair_plus_1.0,ATP0.1,Pi0,2,stress_ATP0.1;CM_ATP0.1_0.14678Hz,maximum_component_variance,100.67305148008707,1.585286945124032,98.42531151900407,401703.1490039461,0.9856830285571682
P1_pair_plus_1.0,ATP0.1,Pi0,3,stress_ATP0.1;CM_ATP0.1_0.14678Hz;CM_ATP0.1_31.6228Hz,mean_component_variance,52.16039421513745,0.22650376961139038,99.56575525737561,401817.3531921639,0.9973935242809289
P1_pair_plus_1.0,ATP0.1,Pi0,3,stress_ATP0.1;CM_ATP0.1_0.14678Hz;CM_ATP0.1_31.6228Hz,maximum_component_variance,100.67305148008707,0.46554870581561936,99.53756372835515,401817.3531921639,0.9968217093427594
P1_pair_plus_1.0,ATP0.1,Pi5,1,stress_ATP0.1,mean_component_variance,1241.5520921556824,713.3588922315323,42.54297530174982,401597.5519187886,0.42553491135444155
P1_pair_plus_1.0,ATP0.1,Pi5,1,stress_ATP0.1,maximum_component_variance,4970.926313355056,2894.883655118869,41.763698099056946,401597.5519187886,0.4177092220480682
P1_pair_plus_1.0,ATP0.1,Pi5,2,stress_ATP0.1;CM_ATP0.1_0.14678Hz,mean_component_variance,1241.5520921556824,16.831559548576926,98.64431306145579,401703.1490039461,0.9866869610433628
P1_pair_plus_1.0,ATP0.1,Pi5,2,stress_ATP0.1;CM_ATP0.1_0.14678Hz,maximum_component_variance,4970.926313355056,68.50119417603858,98.62196319442513,401703.1490039461,0.9863902239951964
P1_pair_plus_1.0,ATP0.1,Pi5,3,stress_ATP0.1;CM_ATP0.1_0.14678Hz;CM_ATP0.1_31.6228Hz,mean_component_variance,1241.5520921556824,3.3566152198008656,99.72964362582863,401817.3531921639,0.9975429494227572
P1_pair_plus_1.0,ATP0.1,Pi5,3,stress_ATP0.1;CM_ATP0.1_0.14678Hz;CM_ATP0.1_31.6228Hz,maximum_component_variance,4970.926313355056,12.110578575736172,99.75637179446414,401817.3531921639,0.9977362722470307
P1_pair_plus_1.0,ATP1,ATP0.1,1,stress_ATP1,mean_component_variance,5537.9422303898555,1437.0991381997756,74.04994349140027,52361.52471108558,0.74067713897398
P1_pair_plus_1.0,ATP1,ATP0.1,1,stress_ATP1,maximum_component_variance,29172.907016373603,8265.62744660448,71.66676792969137,52361.52471108558,0.7167578719011033
P1_pair_plus_1.0,ATP1,ATP0.1,2,stress_ATP1;CM_ATP1_21.5443Hz,mean_component_variance,5537.9422303898555,107.68551741145833,98.05549583344285,52525.21587750534,0.9807902705965468
P1_pair_plus_1.0,ATP1,ATP0.1,2,stress_ATP1;CM_ATP1_21.5443Hz,maximum_component_variance,29172.907016373603,656.9834255628112,97.74796723139703,52525.21587750534,0.9776026880990196
P1_pair_plus_1.0,ATP1,ATP0.1,3,stress_ATP1;CM_ATP1_21.5443Hz;CM_ATP1_2.15443Hz,mean_component_variance,5537.9422303898555,10.440938290777346,99.81146538088676,52626.34195135001,0.9983541800231248
P1_pair_plus_1.0,ATP1,ATP0.1,3,stress_ATP1;CM_ATP1_21.5443Hz;CM_ATP1_2.15443Hz,maximum_component_variance,29172.907016373603,38.91481271283292,99.86660632520787,52626.34195135001,0.9987917453437404
P1_pair_plus_1.0,ATP1,ATP1,1,stress_ATP0.1,mean_component_variance,559.1443681292235,227.42648151588887,59.32598189680264,52588.31100532239,0.5933320195535825
P1_pair_plus_1.0,ATP1,ATP1,1,stress_ATP0.1,maximum_component_variance,4692.8702345093125,2228.2307164359813,52.51880821143213,52588.31100532239,0.5252043298496151
P1_pair_plus_1.0,ATP1,ATP1,2,stress_ATP0.1;CM_Pi5_2.15443Hz,mean_component_variance,559.1443681292235,10.220643996664553,98.1720921144461,52670.96597804724,0.9818403980129311
P1_pair_plus_1.0,ATP1,ATP1,2,stress_ATP0.1;CM_Pi5_2.15443Hz,maximum_component_variance,4692.8702345093125,68.55259921992915,98.53921809480639,52670.96597804724,0.9854226660102003
P1_pair_plus_1.0,ATP1,ATP1,3,stress_ATP0.1;CM_Pi5_2.15443Hz;CM_ATP0.1_10Hz,mean_component_variance,559.1443681292235,2.010744619806195,99.64038900605694,52685.93983580108,0.9965251538677793
P1_pair_plus_1.0,ATP1,ATP1,3,stress_ATP0.1;CM_Pi5_2.15443Hz;CM_ATP0.1_10Hz,maximum_component_variance,4692.8702345093125,20.099018128641898,99.5717116151893,52685.93983580108,0.9957479206363848
P1_pair_plus_1.0,ATP1,Pi0,1,stress_ATP0.1,mean_component_variance,52.16039421513745,29.898901753639777,42.67891912334737,52588.31100532239,0.4275333165193145
P1_pair_plus_1.0,ATP1,Pi0,1,stress_ATP0.1,maximum_component_variance,100.67305148008707,58.215236447928575,42.173962552984264,52588.31100532239,0.42235232476206813
P1_pair_plus_1.0,ATP1,Pi0,2,stress_ATP0.1;CM_Pi5_2.15443Hz,mean_component_variance,52.16039421513745,0.7663033634805592,98.53087121941618,52670.96597804724,0.9870266402536421
P1_pair_plus_1.0,ATP1,Pi0,2,stress_ATP0.1;CM_Pi5_2.15443Hz,maximum_component_variance,100.67305148008707,1.5934539808614092,98.41719908412969,52670.96597804724,0.9856017863517582
P1_pair_plus_1.0,ATP1,Pi0,3,stress_ATP0.1;CM_Pi5_2.15443Hz;CM_ATP0.1_10Hz,mean_component_variance,52.16039421513745,0.610955926459883,98.82869764377168,52685.93983580108,0.9900100972288245
P1_pair_plus_1.0,ATP1,Pi0,3,stress_ATP0.1;CM_Pi5_2.15443Hz;CM_ATP0.1_10Hz,maximum_component_variance,100.67305148008707,1.1922827457143126,98.81568828183364,52685.93983580108,0.9895924675411627
P1_pair_plus_1.0,ATP1,Pi5,1,stress_ATP0.1,mean_component_variance,1241.5520921556824,713.3588922315323,42.54297530174982,52588.31100532239,0.42553491135444155
P1_pair_plus_1.0,ATP1,Pi5,1,stress_ATP0.1,maximum_component_variance,4970.926313355056,2894.883655118869,41.763698099056946,52588.31100532239,0.4177092220480682
P1_pair_plus_1.0,ATP1,Pi5,2,stress_ATP0.1;CM_ATP0.1_0.316228Hz,mean_component_variance,1241.5520921556824,11.883714386807496,99.04283400898838,52668.38631683386,0.9906731555884865
P1_pair_plus_1.0,ATP1,Pi5,2,stress_ATP0.1;CM_ATP0.1_0.316228Hz,maximum_component_variance,4970.926313355056,47.54062167478408,99.04362650584741,52668.38631683386,0.9906075864845683
P1_pair_plus_1.0,ATP1,Pi5,3,stress_ATP0.1;CM_ATP0.1_0.316228Hz;CM_ATP0.1_1.4678Hz,mean_component_variance,1241.5520921556824,4.736365361945116,99.61851255441715,52684.44681265885,0.996431364013265
P1_pair_plus_1.0,ATP1,Pi5,3,stress_ATP0.1;CM_ATP0.1_0.316228Hz;CM_ATP0.1_1.4678Hz,maximum_component_variance,4970.926313355056,16.429882121376902,99.66948047334286,52684.44681265885,0.9968672087349293
P1_pair_plus_1.0,Pi0,ATP0.1,1,CM_Pi5_68.1292Hz,mean_component_variance,5537.9422303898555,443.51727753454014,91.99129822805469,11858.211960810615,0.9201337417626875
P1_pair_plus_1.0,Pi0,ATP0.1,1,CM_Pi5_68.1292Hz,maximum_component_variance,29172.907016373603,1229.949900954147,95.78393095942127,11858.211960810615,0.957959853640251
P1_pair_plus_1.0,Pi0,ATP0.1,2,CM_Pi5_68.1292Hz;CM_ATP1_2.15443Hz,mean_component_variance,5537.9422303898555,55.34097015039237,99.00069434009794,11865.721872806118,0.9902445239377807
P1_pair_plus_1.0,Pi0,ATP0.1,2,CM_Pi5_68.1292Hz;CM_ATP1_2.15443Hz,maximum_component_variance,29172.907016373603,265.8362166402123,99.08875650790986,11865.721872806118,0.9910122682470176
P1_pair_plus_1.0,Pi0,ATP0.1,3,CM_Pi5_68.1292Hz;CM_ATP1_2.15443Hz;CM_Pi5_31.6228Hz,mean_component_variance,5537.9422303898555,51.94633625767276,99.06199208845817,11866.692733467671,0.9908576485228965
P1_pair_plus_1.0,Pi0,ATP0.1,3,CM_Pi5_68.1292Hz;CM_ATP1_2.15443Hz;CM_Pi5_31.6228Hz,maximum_component_variance,29172.907016373603,249.82577288347503,99.14363771583251,11866.692733467671,0.9915611493942265
P1_pair_plus_1.0,Pi0,ATP1,1,CM_Pi5_68.1292Hz,mean_component_variance,559.1443681292235,49.15730059693983,91.20847791753505,11858.211960810615,0.9121957812237411
P1_pair_plus_1.0,Pi0,ATP1,1,CM_Pi5_68.1292Hz,maximum_component_variance,4692.8702345093125,110.65073251594903,97.64215230793573,11858.211960810615,0.9764517306163948
P1_pair_plus_1.0,Pi0,ATP1,2,CM_Pi5_68.1292Hz;CM_ATP0.1_1.4678Hz,mean_component_variance,559.1443681292235,2.3104316060421795,99.58679158054075,11866.304787623447,0.9959891143837688
P1_pair_plus_1.0,Pi0,ATP1,2,CM_Pi5_68.1292Hz;CM_ATP0.1_1.4678Hz,maximum_component_variance,4692.8702345093125,7.545064516761572,99.83922281802555,11866.304787623447,0.9984231154246453
P1_pair_plus_1.0,Pi0,ATP1,3,CM_Pi5_68.1292Hz;CM_ATP0.1_1.4678Hz;CM_Pi5_31.6228Hz,mean_component_variance,559.1443681292235,2.1672394251529363,99.61240074143927,11867.389008347687,0.9962452371594763
P1_pair_plus_1.0,Pi0,ATP1,3,CM_Pi5_68.1292Hz;CM_ATP0.1_1.4678Hz;CM_Pi5_31.6228Hz,maximum_component_variance,4692.8702345093125,7.179554982300042,99.84701143173521,11867.389008347687,0.998501003971304
P1_pair_plus_1.0,Pi0,Pi0,1,CM_Pi5_68.1292Hz,mean_component_variance,52.16039421513745,0.27467080313068637,99.47341118244276,11858.211960810615,0.9964684734729914
P1_pair_plus_1.0,Pi0,Pi0,1,CM_Pi5_68.1292Hz,maximum_component_variance,100.67305148008707,1.5261157398745784,98.48408713410615,11858.211960810615,0.9862716385946171
P1_pair_plus_1.0,Pi0,Pi0,2,CM_Pi5_68.1292Hz;CM_ATP0.1_1.4678Hz,mean_component_variance,52.16039421513745,0.1425660795573963,99.72667752668936,11866.304787623447,0.9990055527229491
P1_pair_plus_1.0,Pi0,Pi0,2,CM_Pi5_68.1292Hz;CM_ATP0.1_1.4678Hz,maximum_component_variance,100.67305148008707,0.3259156109806522,99.67626330364574,11866.304787623447,0.9982107201096253
P1_pair_plus_1.0,Pi0,Pi0,3,CM_Pi5_68.1292Hz;CM_ATP0.1_1.4678Hz;CM_Pi5_31.6228Hz,mean_component_variance,52.16039421513745,0.13275080571108885,99.74549501070955,11867.389008347687,0.9991940556540673
P1_pair_plus_1.0,Pi0,Pi0,3,CM_Pi5_68.1292Hz;CM_ATP0.1_1.4678Hz;CM_Pi5_31.6228Hz,maximum_component_variance,100.67305148008707,0.32209497363182954,99.68005839805546,11867.389008347687,0.9982487261884856
P1_pair_plus_1.0,Pi0,Pi5,1,CM_ATP1_1.4678Hz,mean_component_variance,1241.5520921556824,14.838214014151083,98.80486577181085,11799.60498340407,0.9882928850034071
P1_pair_plus_1.0,Pi0,Pi5,1,CM_ATP1_1.4678Hz,maximum_component_variance,4970.926313355056,59.58596039463454,98.80131072885654,11799.60498340407,0.9881840095671994
P1_pair_plus_1.0,Pi0,Pi5,2,CM_ATP1_1.4678Hz;CM_Pi0_21.5443Hz,mean_component_variance,1241.5520921556824,6.268466376666993,99.49511048176937,11841.762892870518,0.9951970382597731
P1_pair_plus_1.0,Pi0,Pi5,2,CM_ATP1_1.4678Hz;CM_Pi0_21.5443Hz,maximum_component_variance,4970.926313355056,22.590254604153394,99.54555241457791,11841.762892870518,0.9956277137818279
P1_pair_plus_1.0,Pi0,Pi5,3,CM_ATP1_1.4678Hz;CM_Pi0_21.5443Hz;CM_Pi0_0.681292Hz,mean_component_variance,1241.5520921556824,4.570528983254418,99.63186973690982,11850.430698881111,0.9965649688546672
P1_pair_plus_1.0,Pi0,Pi5,3,CM_ATP1_1.4678Hz;CM_Pi0_21.5443Hz;CM_Pi0_0.681292Hz,maximum_component_variance,4970.926313355056,15.2403647613875,99.69340996424665,11850.430698881111,0.9971065450361766
P1_pair_plus_1.0,Pi5,ATP0.1,1,CM_Pi5_68.1292Hz,mean_component_variance,5537.9422303898555,443.51727753454014,91.99129822805469,82973.59056865114,0.9201337417626875
P1_pair_plus_1.0,Pi5,ATP0.1,1,CM_Pi5_68.1292Hz,maximum_component_variance,29172.907016373603,1229.949900954147,95.78393095942127,82973.59056865114,0.957959853640251
P1_pair_plus_1.0,Pi5,ATP0.1,2,CM_Pi5_68.1292Hz;CM_ATP1_2.15443Hz,mean_component_variance,5537.9422303898555,55.34097015039237,99.00069434009794,83049.21846717052,0.9902445239377807
P1_pair_plus_1.0,Pi5,ATP0.1,2,CM_Pi5_68.1292Hz;CM_ATP1_2.15443Hz,maximum_component_variance,29172.907016373603,265.8362166402123,99.08875650790986,83049.21846717052,0.9910122682470176
P1_pair_plus_1.0,Pi5,ATP0.1,3,CM_Pi5_68.1292Hz;CM_ATP1_2.15443Hz;CM_Pi5_46.4159Hz,mean_component_variance,5537.9422303898555,51.112488474837114,99.07704908522965,83056.11901090485,0.9910082546241898
P1_pair_plus_1.0,Pi5,ATP0.1,3,CM_Pi5_68.1292Hz;CM_ATP1_2.15443Hz;CM_Pi5_46.4159Hz,maximum_component_variance,29172.907016373603,247.4206348599434,99.15188213940738,83056.11901090485,0.9916436040055795
P1_pair_plus_1.0,Pi5,ATP1,1,CM_Pi5_68.1292Hz,mean_component_variance,559.1443681292235,49.15730059693983,91.20847791753505,82973.59056865114,0.9121957812237411
P1_pair_plus_1.0,Pi5,ATP1,1,CM_Pi5_68.1292Hz,maximum_component_variance,4692.8702345093125,110.65073251594903,97.64215230793573,82973.59056865114,0.9764517306163948
P1_pair_plus_1.0,Pi5,ATP1,2,CM_Pi5_68.1292Hz;CM_ATP0.1_1.4678Hz,mean_component_variance,559.1443681292235,2.3104316060421795,99.58679158054075,83053.33363813555,0.9959891143837688
P1_pair_plus_1.0,Pi5,ATP1,2,CM_Pi5_68.1292Hz;CM_ATP0.1_1.4678Hz,maximum_component_variance,4692.8702345093125,7.545064516761572,99.83922281802555,83053.33363813555,0.9984231154246453
P1_pair_plus_1.0,Pi5,ATP1,3,CM_Pi5_68.1292Hz;CM_ATP0.1_1.4678Hz;CM_Pi5_31.6228Hz,mean_component_variance,559.1443681292235,2.1672394251529363,99.61240074143927,83060.93048818095,0.9962452371594763
P1_pair_plus_1.0,Pi5,ATP1,3,CM_Pi5_68.1292Hz;CM_ATP0.1_1.4678Hz;CM_Pi5_31.6228Hz,maximum_component_variance,4692.8702345093125,7.179554982300042,99.84701143173521,83060.93048818095,0.998501003971304
P1_pair_plus_1.0,Pi5,Pi0,1,CM_Pi5_68.1292Hz,mean_component_variance,52.16039421513745,0.27467080313068637,99.47341118244276,82973.59056865114,0.9964684734729914
P1_pair_plus_1.0,Pi5,Pi0,1,CM_Pi5_68.1292Hz,maximum_component_variance,100.67305148008707,1.5261157398745784,98.48408713410615,82973.59056865114,0.9862716385946171
P1_pair_plus_1.0,Pi5,Pi0,2,CM_Pi5_68.1292Hz;CM_ATP0.1_1.4678Hz,mean_component_variance,52.16039421513745,0.1425660795573963,99.72667752668936,83053.33363813555,0.9990055527229491
P1_pair_plus_1.0,Pi5,Pi0,2,CM_Pi5_68.1292Hz;CM_ATP0.1_1.4678Hz,maximum_component_variance,100.67305148008707,0.3259156109806522,99.67626330364574,83053.33363813555,0.9982107201096253
P1_pair_plus_1.0,Pi5,Pi0,3,CM_Pi5_68.1292Hz;CM_ATP0.1_1.4678Hz;CM_Pi5_31.6228Hz,mean_component_variance,52.16039421513745,0.13275080571108885,99.74549501070955,83060.93048818095,0.9991940556540673
P1_pair_plus_1.0,Pi5,Pi0,3,CM_Pi5_68.1292Hz;CM_ATP0.1_1.4678Hz;CM_Pi5_31.6228Hz,maximum_component_variance,100.67305148008707,0.32209497363182954,99.68005839805546,83060.93048818095,0.9982487261884856
P1_pair_plus_1.0,Pi5,Pi5,1,CM_ATP1_1.4678Hz,mean_component_variance,1241.5520921556824,14.838214014151083,98.80486577181085,82569.12937820981,0.9882928850034071
P1_pair_plus_1.0,Pi5,Pi5,1,CM_ATP1_1.4678Hz,maximum_component_variance,4970.926313355056,59.58596039463454,98.80131072885654,82569.12937820981,0.9881840095671994
P1_pair_plus_1.0,Pi5,Pi5,2,CM_ATP1_1.4678Hz;CM_Pi0_21.5443Hz,mean_component_variance,1241.5520921556824,6.268466376666993,99.49511048176937,82875.70548646672,0.9951970382597731
P1_pair_plus_1.0,Pi5,Pi5,2,CM_ATP1_1.4678Hz;CM_Pi0_21.5443Hz,maximum_component_variance,4970.926313355056,22.590254604153394,99.54555241457791,82875.70548646672,0.9956277137818279
P1_pair_plus_1.0,Pi5,Pi5,3,CM_ATP1_1.4678Hz;CM_Pi0_21.5443Hz;CM_Pi0_0.681292Hz,mean_component_variance,1241.5520921556824,4.570528983254418,99.63186973690982,82938.2026789315,0.9965649688546672
P1_pair_plus_1.0,Pi5,Pi5,3,CM_ATP1_1.4678Hz;CM_Pi0_21.5443Hz;CM_Pi0_0.681292Hz,maximum_component_variance,4970.926313355056,15.2403647613875,99.69340996424665,82938.2026789315,0.9971065450361766
